dataset,scene_id,episode_uid,method,coverage_event_id,coverage_event_kind,coverage_ratio,coverage_threshold,is_last,step,precision,recall,f1,miou_room,precision_percent,recall_percent,f1_percent,miou_room_percent,n_gt,n_pred,metric_domain_pixels,gt_filtered_small,pred_filtered_small,snapshot_path,match_visualization
grscene,kujiale_grscene_MV7J6NIKTKJZ2AABAAAAADA8_usd,kujiale_grscene_MV7J6NIKTKJZ2AABAAAAADA8_usd__kujiale_grscene_MV7J6NIKTKJZ2AABAAAAADA8_usd__attempt_01__kujiale_grscene_MV7J6NIKTKJZ2AABAAAAADA8_usd_grscene_frontier_000000,tvars_original,milestone_020,coverage_milestone,0.23752141793769838,0.2,False,0,1.0,0.9896647037615671,0.9948055085769509,0.9896647037615671,100.0,98.9664703761567,99.48055085769509,98.9664703761567,1,1,8321,1,0,/media/echo/data/voxroom_roomseg_evaluation/grscene_union_fixed0p5_batch32_full7000_20260815_0015/grscene/kujiale_grscene_MV7J6NIKTKJZ2AABAAAAADA8_usd/attempt_01/roomseg_coverage_eval/events/milestone_020/tvars_original/roomseg_snapshots/roomseg_milestone_020_step_000000.npz,/media/echo/data/voxroom_roomseg_evaluation/grscene_all_available_gt_20260817/metrics_pr_f1_miou_excluding_training_grscenes_20260818_192125/match_visualizations/tvars_original/kujiale_grscene_MV7J6NIKTKJZ2AABAAAAADA8_usd__kujiale_grscene_MV7J6NIKTKJZ2AABAAAAADA8_usd__attempt_01__kujiale_grscene_MV7J6NIKTKJZ2AABAAAAADA8_usd_grscene_frontier_000000/milestone_020.pred_gt_match.png
grscene,kujiale_grscene_MV7J6NIKTKJZ2AABAAAAADA8_usd,kujiale_grscene_MV7J6NIKTKJZ2AABAAAAADA8_usd__kujiale_grscene_MV7J6NIKTKJZ2AABAAAAADA8_usd__attempt_01__kujiale_grscene_MV7J6NIKTKJZ2AABAAAAADA8_usd_grscene_frontier_000000,voxroom,milestone_020,coverage_milestone,0.23752141793769838,0.2,False,0,1.0,0.9915875495733686,0.9957760077238715,0.9915875495733686,100.0,99.15875495733685,99.57760077238716,99.15875495733685,1,1,8321,1,0,/media/echo/data/voxroom_roomseg_evaluation/grscene_union_fixed0p5_batch32_full7000_20260815_0015/grscene/kujiale_grscene_MV7J6NIKTKJZ2AABAAAAADA8_usd/attempt_01/roomseg_coverage_eval/events/milestone_020/voxroom/roomseg_snapshots/roomseg_milestone_020_step_000000.npz,/media/echo/data/voxroom_roomseg_evaluation/grscene_all_available_gt_20260817/metrics_pr_f1_miou_excluding_training_grscenes_20260818_192125/match_visualizations/voxroom/kujiale_grscene_MV7J6NIKTKJZ2AABAAAAADA8_usd__kujiale_grscene_MV7J6NIKTKJZ2AABAAAAADA8_usd__attempt_01__kujiale_grscene_MV7J6NIKTKJZ2AABAAAAADA8_usd_grscene_frontier_000000/milestone_020.pred_gt_match.png
grscene,kujiale_grscene_MV7J6NIKTKJZ2AABAAAAADA8_usd,kujiale_grscene_MV7J6NIKTKJZ2AABAAAAADA8_usd__kujiale_grscene_MV7J6NIKTKJZ2AABAAAAADA8_usd__attempt_01__kujiale_grscene_MV7J6NIKTKJZ2AABAAAAADA8_usd_grscene_frontier_000000,tvars_original,milestone_040,coverage_milestone,0.4003539226426224,0.4,False,56,0.9755033544255546,0.9938641569825668,0.9845981650084226,0.6453104521592373,97.55033544255546,99.38641569825668,98.45981650084225,64.53104521592373,3,2,14148,2,0,/media/echo/data/voxroom_roomseg_evaluation/grscene_union_fixed0p5_batch32_full7000_20260815_0015/grscene/kujiale_grscene_MV7J6NIKTKJZ2AABAAAAADA8_usd/attempt_01/roomseg_coverage_eval/events/milestone_040/tvars_original/roomseg_snapshots/roomseg_milestone_040_step_000056.npz,/media/echo/data/voxroom_roomseg_evaluation/grscene_all_available_gt_20260817/metrics_pr_f1_miou_excluding_training_grscenes_20260818_192125/match_visualizations/tvars_original/kujiale_grscene_MV7J6NIKTKJZ2AABAAAAADA8_usd__kujiale_grscene_MV7J6NIKTKJZ2AABAAAAADA8_usd__attempt_01__kujiale_grscene_MV7J6NIKTKJZ2AABAAAAADA8_usd_grscene_frontier_000000/milestone_040.pred_gt_match.png
grscene,kujiale_grscene_MV7J6NIKTKJZ2AABAAAAADA8_usd,kujiale_grscene_MV7J6NIKTKJZ2AABAAAAADA8_usd__kujiale_grscene_MV7J6NIKTKJZ2AABAAAAADA8_usd__attempt_01__kujiale_grscene_MV7J6NIKTKJZ2AABAAAAADA8_usd_grscene_frontier_000000,voxroom,milestone_040,coverage_milestone,0.4003539226426224,0.4,False,56,1.0,0.9775072606648826,0.9886257108722043,0.9775072606648826,100.0,97.75072606648826,98.86257108722043,97.75072606648826,3,3,14148,2,0,/media/echo/data/voxroom_roomseg_evaluation/grscene_union_fixed0p5_batch32_full7000_20260815_0015/grscene/kujiale_grscene_MV7J6NIKTKJZ2AABAAAAADA8_usd/attempt_01/roomseg_coverage_eval/events/milestone_040/voxroom/roomseg_snapshots/roomseg_milestone_040_step_000056.npz,/media/echo/data/voxroom_roomseg_evaluation/grscene_all_available_gt_20260817/metrics_pr_f1_miou_excluding_training_grscenes_20260818_192125/match_visualizations/voxroom/kujiale_grscene_MV7J6NIKTKJZ2AABAAAAADA8_usd__kujiale_grscene_MV7J6NIKTKJZ2AABAAAAADA8_usd__attempt_01__kujiale_grscene_MV7J6NIKTKJZ2AABAAAAADA8_usd_grscene_frontier_000000/milestone_040.pred_gt_match.png
grscene,kujiale_grscene_MV7J6NIKTKJZ2AABAAAAADA8_usd,kujiale_grscene_MV7J6NIKTKJZ2AABAAAAADA8_usd__kujiale_grscene_MV7J6NIKTKJZ2AABAAAAADA8_usd__attempt_01__kujiale_grscene_MV7J6NIKTKJZ2AABAAAAADA8_usd_grscene_frontier_000000,tvars_original,milestone_060,coverage_milestone,0.6054324316732677,0.6,False,357,0.9426435181793764,0.9790553467771527,0.960504471754706,0.6077891387977092,94.26435181793764,97.90553467771527,96.0504471754706,60.778913879770926,6,4,21369,0,0,/media/echo/data/voxroom_roomseg_evaluation/grscene_union_fixed0p5_batch32_full7000_20260815_0015/grscene/kujiale_grscene_MV7J6NIKTKJZ2AABAAAAADA8_usd/attempt_01/roomseg_coverage_eval/events/milestone_060/tvars_original/roomseg_snapshots/roomseg_milestone_060_step_000357.npz,/media/echo/data/voxroom_roomseg_evaluation/grscene_all_available_gt_20260817/metrics_pr_f1_miou_excluding_training_grscenes_20260818_192125/match_visualizations/tvars_original/kujiale_grscene_MV7J6NIKTKJZ2AABAAAAADA8_usd__kujiale_grscene_MV7J6NIKTKJZ2AABAAAAADA8_usd__attempt_01__kujiale_grscene_MV7J6NIKTKJZ2AABAAAAADA8_usd_grscene_frontier_000000/milestone_060.pred_gt_match.png
grscene,kujiale_grscene_MV7J6NIKTKJZ2AABAAAAADA8_usd,kujiale_grscene_MV7J6NIKTKJZ2AABAAAAADA8_usd__kujiale_grscene_MV7J6NIKTKJZ2AABAAAAADA8_usd__attempt_01__kujiale_grscene_MV7J6NIKTKJZ2AABAAAAADA8_usd_grscene_frontier_000000,voxroom,milestone_060,coverage_milestone,0.6054324316732677,0.6,False,357,0.9916396979503777,0.9715145799610553,0.9814739834425097,0.9631542779114328,99.16396979503776,97.15145799610553,98.14739834425097,96.31542779114328,6,6,21369,0,0,/media/echo/data/voxroom_roomseg_evaluation/grscene_union_fixed0p5_batch32_full7000_20260815_0015/grscene/kujiale_grscene_MV7J6NIKTKJZ2AABAAAAADA8_usd/attempt_01/roomseg_coverage_eval/events/milestone_060/voxroom/roomseg_snapshots/roomseg_milestone_060_step_000357.npz,/media/echo/data/voxroom_roomseg_evaluation/grscene_all_available_gt_20260817/metrics_pr_f1_miou_excluding_training_grscenes_20260818_192125/match_visualizations/voxroom/kujiale_grscene_MV7J6NIKTKJZ2AABAAAAADA8_usd__kujiale_grscene_MV7J6NIKTKJZ2AABAAAAADA8_usd__attempt_01__kujiale_grscene_MV7J6NIKTKJZ2AABAAAAADA8_usd_grscene_frontier_000000/milestone_060.pred_gt_match.png
grscene,kujiale_grscene_MV7J6NIKTKJZ2AABAAAAADA8_usd,kujiale_grscene_MV7J6NIKTKJZ2AABAAAAADA8_usd__kujiale_grscene_MV7J6NIKTKJZ2AABAAAAADA8_usd__attempt_01__kujiale_grscene_MV7J6NIKTKJZ2AABAAAAADA8_usd_grscene_frontier_000000,tvars_original,milestone_070,coverage_milestone,0.7006263868992444,0.7,False,422,0.950803474169459,0.9791324524544763,0.9647600468211656,0.6132433555650598,95.0803474169459,97.91324524544763,96.47600468211655,61.324335556505986,6,4,24709,1,0,/media/echo/data/voxroom_roomseg_evaluation/grscene_union_fixed0p5_batch32_full7000_20260815_0015/grscene/kujiale_grscene_MV7J6NIKTKJZ2AABAAAAADA8_usd/attempt_01/roomseg_coverage_eval/events/milestone_070/tvars_original/roomseg_snapshots/roomseg_milestone_070_step_000422.npz,/media/echo/data/voxroom_roomseg_evaluation/grscene_all_available_gt_20260817/metrics_pr_f1_miou_excluding_training_grscenes_20260818_192125/match_visualizations/tvars_original/kujiale_grscene_MV7J6NIKTKJZ2AABAAAAADA8_usd__kujiale_grscene_MV7J6NIKTKJZ2AABAAAAADA8_usd__attempt_01__kujiale_grscene_MV7J6NIKTKJZ2AABAAAAADA8_usd_grscene_frontier_000000/milestone_070.pred_gt_match.png
grscene,kujiale_grscene_MV7J6NIKTKJZ2AABAAAAADA8_usd,kujiale_grscene_MV7J6NIKTKJZ2AABAAAAADA8_usd__kujiale_grscene_MV7J6NIKTKJZ2AABAAAAADA8_usd__attempt_01__kujiale_grscene_MV7J6NIKTKJZ2AABAAAAADA8_usd_grscene_frontier_000000,voxroom,milestone_070,coverage_milestone,0.7006263868992444,0.7,False,422,0.9916396979503777,0.9713491372625699,0.9813895502619325,0.9629888352129475,99.16396979503776,97.13491372625698,98.13895502619326,96.29888352129475,6,6,24709,1,0,/media/echo/data/voxroom_roomseg_evaluation/grscene_union_fixed0p5_batch32_full7000_20260815_0015/grscene/kujiale_grscene_MV7J6NIKTKJZ2AABAAAAADA8_usd/attempt_01/roomseg_coverage_eval/events/milestone_070/voxroom/roomseg_snapshots/roomseg_milestone_070_step_000422.npz,/media/echo/data/voxroom_roomseg_evaluation/grscene_all_available_gt_20260817/metrics_pr_f1_miou_excluding_training_grscenes_20260818_192125/match_visualizations/voxroom/kujiale_grscene_MV7J6NIKTKJZ2AABAAAAADA8_usd__kujiale_grscene_MV7J6NIKTKJZ2AABAAAAADA8_usd__attempt_01__kujiale_grscene_MV7J6NIKTKJZ2AABAAAAADA8_usd_grscene_frontier_000000/milestone_070.pred_gt_match.png
grscene,kujiale_grscene_MV7J6NIKTKJZ2AABAAAAADA8_usd,kujiale_grscene_MV7J6NIKTKJZ2AABAAAAADA8_usd__kujiale_grscene_MV7J6NIKTKJZ2AABAAAAADA8_usd__attempt_01__kujiale_grscene_MV7J6NIKTKJZ2AABAAAAADA8_usd_grscene_frontier_000000,tvars_original,milestone_080,coverage_milestone,0.8014943400466279,0.8,False,588,0.9554323293412607,0.9807744235383826,0.9679375310988371,0.5784940620255347,95.54323293412607,98.07744235383826,96.79375310988371,57.84940620255347,8,5,28254,0,0,/media/echo/data/voxroom_roomseg_evaluation/grscene_union_fixed0p5_batch32_full7000_20260815_0015/grscene/kujiale_grscene_MV7J6NIKTKJZ2AABAAAAADA8_usd/attempt_01/roomseg_coverage_eval/events/milestone_080/tvars_original/roomseg_snapshots/roomseg_milestone_080_step_000588.npz,/media/echo/data/voxroom_roomseg_evaluation/grscene_all_available_gt_20260817/metrics_pr_f1_miou_excluding_training_grscenes_20260818_192125/match_visualizations/tvars_original/kujiale_grscene_MV7J6NIKTKJZ2AABAAAAADA8_usd__kujiale_grscene_MV7J6NIKTKJZ2AABAAAAADA8_usd__attempt_01__kujiale_grscene_MV7J6NIKTKJZ2AABAAAAADA8_usd_grscene_frontier_000000/milestone_080.pred_gt_match.png
grscene,kujiale_grscene_MV7J6NIKTKJZ2AABAAAAADA8_usd,kujiale_grscene_MV7J6NIKTKJZ2AABAAAAADA8_usd__kujiale_grscene_MV7J6NIKTKJZ2AABAAAAADA8_usd__attempt_01__kujiale_grscene_MV7J6NIKTKJZ2AABAAAAADA8_usd_grscene_frontier_000000,voxroom,milestone_080,coverage_milestone,0.8014943400466279,0.8,False,588,0.9806300702802195,0.9706594129642062,0.9756192676963379,0.9513104673165809,98.06300702802196,97.06594129642062,97.56192676963379,95.13104673165809,8,8,28254,0,0,/media/echo/data/voxroom_roomseg_evaluation/grscene_union_fixed0p5_batch32_full7000_20260815_0015/grscene/kujiale_grscene_MV7J6NIKTKJZ2AABAAAAADA8_usd/attempt_01/roomseg_coverage_eval/events/milestone_080/voxroom/roomseg_snapshots/roomseg_milestone_080_step_000588.npz,/media/echo/data/voxroom_roomseg_evaluation/grscene_all_available_gt_20260817/metrics_pr_f1_miou_excluding_training_grscenes_20260818_192125/match_visualizations/voxroom/kujiale_grscene_MV7J6NIKTKJZ2AABAAAAADA8_usd__kujiale_grscene_MV7J6NIKTKJZ2AABAAAAADA8_usd__attempt_01__kujiale_grscene_MV7J6NIKTKJZ2AABAAAAADA8_usd_grscene_frontier_000000/milestone_080.pred_gt_match.png
grscene,kujiale_grscene_MV7J6NIKTKJZ2AABAAAAADA8_usd,kujiale_grscene_MV7J6NIKTKJZ2AABAAAAADA8_usd__kujiale_grscene_MV7J6NIKTKJZ2AABAAAAADA8_usd__attempt_01__kujiale_grscene_MV7J6NIKTKJZ2AABAAAAADA8_usd_grscene_frontier_000000,tvars_original,milestone_090,coverage_milestone,0.9001432544029662,0.9,False,729,0.9526313218757754,0.980381224949796,0.9663070876594697,0.5794029611223489,95.26313218757754,98.03812249497959,96.63070876594698,57.94029611223489,8,5,31702,0,0,/media/echo/data/voxroom_roomseg_evaluation/grscene_union_fixed0p5_batch32_full7000_20260815_0015/grscene/kujiale_grscene_MV7J6NIKTKJZ2AABAAAAADA8_usd/attempt_01/roomseg_coverage_eval/events/milestone_090/tvars_original/roomseg_snapshots/roomseg_milestone_090_step_000729.npz,/media/echo/data/voxroom_roomseg_evaluation/grscene_all_available_gt_20260817/metrics_pr_f1_miou_excluding_training_grscenes_20260818_192125/match_visualizations/tvars_original/kujiale_grscene_MV7J6NIKTKJZ2AABAAAAADA8_usd__kujiale_grscene_MV7J6NIKTKJZ2AABAAAAADA8_usd__attempt_01__kujiale_grscene_MV7J6NIKTKJZ2AABAAAAADA8_usd_grscene_frontier_000000/milestone_090.pred_gt_match.png
grscene,kujiale_grscene_MV7J6NIKTKJZ2AABAAAAADA8_usd,kujiale_grscene_MV7J6NIKTKJZ2AABAAAAADA8_usd__kujiale_grscene_MV7J6NIKTKJZ2AABAAAAADA8_usd__attempt_01__kujiale_grscene_MV7J6NIKTKJZ2AABAAAAADA8_usd_grscene_frontier_000000,voxroom,milestone_090,coverage_milestone,0.9001432544029662,0.9,False,729,0.9885474489304122,0.9794321954689535,0.9839687122644498,0.9682544721481837,98.85474489304123,97.94321954689535,98.39687122644499,96.82544721481837,8,8,31702,0,0,/media/echo/data/voxroom_roomseg_evaluation/grscene_union_fixed0p5_batch32_full7000_20260815_0015/grscene/kujiale_grscene_MV7J6NIKTKJZ2AABAAAAADA8_usd/attempt_01/roomseg_coverage_eval/events/milestone_090/voxroom/roomseg_snapshots/roomseg_milestone_090_step_000729.npz,/media/echo/data/voxroom_roomseg_evaluation/grscene_all_available_gt_20260817/metrics_pr_f1_miou_excluding_training_grscenes_20260818_192125/match_visualizations/voxroom/kujiale_grscene_MV7J6NIKTKJZ2AABAAAAADA8_usd__kujiale_grscene_MV7J6NIKTKJZ2AABAAAAADA8_usd__attempt_01__kujiale_grscene_MV7J6NIKTKJZ2AABAAAAADA8_usd_grscene_frontier_000000/milestone_090.pred_gt_match.png
grscene,kujiale_grscene_MV7J6NIKTKJZ2AABAAAAADA8_usd,kujiale_grscene_MV7J6NIKTKJZ2AABAAAAADA8_usd__kujiale_grscene_MV7J6NIKTKJZ2AABAAAAADA8_usd__attempt_01__kujiale_grscene_MV7J6NIKTKJZ2AABAAAAADA8_usd_grscene_frontier_000000,tvars_original,final,terminal_forced,0.9971630010392967,,True,1211,0.9660641867532448,0.9906093023202691,0.9781827937878039,0.7153094326589305,96.60641867532448,99.0609302320269,97.81827937878039,71.53094326589306,8,6,34877,0,0,/media/echo/data/voxroom_roomseg_evaluation/grscene_union_fixed0p5_batch32_full7000_20260815_0015/grscene/kujiale_grscene_MV7J6NIKTKJZ2AABAAAAADA8_usd/attempt_01/roomseg_coverage_eval/events/final/tvars_original/roomseg_snapshots/roomseg_final_step_001211.npz,/media/echo/data/voxroom_roomseg_evaluation/grscene_all_available_gt_20260817/metrics_pr_f1_miou_excluding_training_grscenes_20260818_192125/match_visualizations/tvars_original/kujiale_grscene_MV7J6NIKTKJZ2AABAAAAADA8_usd__kujiale_grscene_MV7J6NIKTKJZ2AABAAAAADA8_usd__attempt_01__kujiale_grscene_MV7J6NIKTKJZ2AABAAAAADA8_usd_grscene_frontier_000000/final.pred_gt_match.png
grscene,kujiale_grscene_MV7J6NIKTKJZ2AABAAAAADA8_usd,kujiale_grscene_MV7J6NIKTKJZ2AABAAAAADA8_usd__kujiale_grscene_MV7J6NIKTKJZ2AABAAAAADA8_usd__attempt_01__kujiale_grscene_MV7J6NIKTKJZ2AABAAAAADA8_usd_grscene_frontier_000000,voxroom,final,terminal_forced,0.9971630010392967,,True,1211,0.9887480484001752,0.9873587606278764,0.9880529161496051,0.9761068709617611,98.87480484001752,98.73587606278764,98.80529161496051,97.61068709617611,8,8,34877,0,0,/media/echo/data/voxroom_roomseg_evaluation/grscene_union_fixed0p5_batch32_full7000_20260815_0015/grscene/kujiale_grscene_MV7J6NIKTKJZ2AABAAAAADA8_usd/attempt_01/roomseg_coverage_eval/events/final/voxroom/roomseg_snapshots/roomseg_final_step_001211.npz,/media/echo/data/voxroom_roomseg_evaluation/grscene_all_available_gt_20260817/metrics_pr_f1_miou_excluding_training_grscenes_20260818_192125/match_visualizations/voxroom/kujiale_grscene_MV7J6NIKTKJZ2AABAAAAADA8_usd__kujiale_grscene_MV7J6NIKTKJZ2AABAAAAADA8_usd__attempt_01__kujiale_grscene_MV7J6NIKTKJZ2AABAAAAADA8_usd_grscene_frontier_000000/final.pred_gt_match.png
grscene,kujiale_grscene_MV7J6NIKTKJZ2AABAAAAADI8_usd,kujiale_grscene_MV7J6NIKTKJZ2AABAAAAADI8_usd__kujiale_grscene_MV7J6NIKTKJZ2AABAAAAADI8_usd__attempt_01__kujiale_grscene_MV7J6NIKTKJZ2AABAAAAADI8_usd_grscene_frontier_000000,tvars_original,milestone_020,coverage_milestone,0.27886674353483776,0.2,False,0,0.8356750152718387,0.9904397705544933,0.9064991716930083,0.4111400520937688,83.56750152718388,99.04397705544933,90.64991716930083,41.11400520937688,2,1,4991,1,0,/media/echo/data/voxroom_roomseg_evaluation/grscene_union_fixed0p5_batch32_full7000_20260815_0015/grscene/kujiale_grscene_MV7J6NIKTKJZ2AABAAAAADI8_usd/attempt_01/roomseg_coverage_eval/events/milestone_020/tvars_original/roomseg_snapshots/roomseg_milestone_020_step_000000.npz,/media/echo/data/voxroom_roomseg_evaluation/grscene_all_available_gt_20260817/metrics_pr_f1_miou_excluding_training_grscenes_20260818_192125/match_visualizations/tvars_original/kujiale_grscene_MV7J6NIKTKJZ2AABAAAAADI8_usd__kujiale_grscene_MV7J6NIKTKJZ2AABAAAAADI8_usd__attempt_01__kujiale_grscene_MV7J6NIKTKJZ2AABAAAAADI8_usd_grscene_frontier_000000/milestone_020.pred_gt_match.png
grscene,kujiale_grscene_MV7J6NIKTKJZ2AABAAAAADI8_usd,kujiale_grscene_MV7J6NIKTKJZ2AABAAAAADI8_usd__kujiale_grscene_MV7J6NIKTKJZ2AABAAAAADI8_usd__attempt_01__kujiale_grscene_MV7J6NIKTKJZ2AABAAAAADI8_usd_grscene_frontier_000000,voxroom,milestone_020,coverage_milestone,0.27886674353483776,0.2,False,0,0.8356750152718387,0.9904397705544933,0.9064991716930083,0.4111400520937688,83.56750152718388,99.04397705544933,90.64991716930083,41.11400520937688,2,1,4991,1,0,/media/echo/data/voxroom_roomseg_evaluation/grscene_union_fixed0p5_batch32_full7000_20260815_0015/grscene/kujiale_grscene_MV7J6NIKTKJZ2AABAAAAADI8_usd/attempt_01/roomseg_coverage_eval/events/milestone_020/voxroom/roomseg_snapshots/roomseg_milestone_020_step_000000.npz,/media/echo/data/voxroom_roomseg_evaluation/grscene_all_available_gt_20260817/metrics_pr_f1_miou_excluding_training_grscenes_20260818_192125/match_visualizations/voxroom/kujiale_grscene_MV7J6NIKTKJZ2AABAAAAADI8_usd__kujiale_grscene_MV7J6NIKTKJZ2AABAAAAADI8_usd__attempt_01__kujiale_grscene_MV7J6NIKTKJZ2AABAAAAADI8_usd_grscene_frontier_000000/milestone_020.pred_gt_match.png
grscene,kujiale_grscene_MV7J6NIKTKJZ2AABAAAAADI8_usd,kujiale_grscene_MV7J6NIKTKJZ2AABAAAAADI8_usd__kujiale_grscene_MV7J6NIKTKJZ2AABAAAAADI8_usd__attempt_01__kujiale_grscene_MV7J6NIKTKJZ2AABAAAAADI8_usd_grscene_frontier_000000,tvars_original,milestone_040,coverage_milestone,0.40624828419260967,0.4,False,16,0.8877763871506049,0.9930491195551436,0.9374666139719467,0.438401318500206,88.77763871506049,99.30491195551437,93.74666139719467,43.840131850020605,2,1,7281,1,0,/media/echo/data/voxroom_roomseg_evaluation/grscene_union_fixed0p5_batch32_full7000_20260815_0015/grscene/kujiale_grscene_MV7J6NIKTKJZ2AABAAAAADI8_usd/attempt_01/roomseg_coverage_eval/events/milestone_040/tvars_original/roomseg_snapshots/roomseg_milestone_040_step_000016.npz,/media/echo/data/voxroom_roomseg_evaluation/grscene_all_available_gt_20260817/metrics_pr_f1_miou_excluding_training_grscenes_20260818_192125/match_visualizations/tvars_original/kujiale_grscene_MV7J6NIKTKJZ2AABAAAAADI8_usd__kujiale_grscene_MV7J6NIKTKJZ2AABAAAAADI8_usd__attempt_01__kujiale_grscene_MV7J6NIKTKJZ2AABAAAAADI8_usd_grscene_frontier_000000/milestone_040.pred_gt_match.png
grscene,kujiale_grscene_MV7J6NIKTKJZ2AABAAAAADI8_usd,kujiale_grscene_MV7J6NIKTKJZ2AABAAAAADI8_usd__kujiale_grscene_MV7J6NIKTKJZ2AABAAAAADI8_usd__attempt_01__kujiale_grscene_MV7J6NIKTKJZ2AABAAAAADI8_usd_grscene_frontier_000000,voxroom,milestone_040,coverage_milestone,0.40624828419260967,0.4,False,16,0.8877763871506049,0.9930491195551436,0.9374666139719467,0.438401318500206,88.77763871506049,99.30491195551437,93.74666139719467,43.840131850020605,2,1,7281,1,0,/media/echo/data/voxroom_roomseg_evaluation/grscene_union_fixed0p5_batch32_full7000_20260815_0015/grscene/kujiale_grscene_MV7J6NIKTKJZ2AABAAAAADI8_usd/attempt_01/roomseg_coverage_eval/events/milestone_040/voxroom/roomseg_snapshots/roomseg_milestone_040_step_000016.npz,/media/echo/data/voxroom_roomseg_evaluation/grscene_all_available_gt_20260817/metrics_pr_f1_miou_excluding_training_grscenes_20260818_192125/match_visualizations/voxroom/kujiale_grscene_MV7J6NIKTKJZ2AABAAAAADI8_usd__kujiale_grscene_MV7J6NIKTKJZ2AABAAAAADI8_usd__attempt_01__kujiale_grscene_MV7J6NIKTKJZ2AABAAAAADI8_usd_grscene_frontier_000000/milestone_040.pred_gt_match.png
grscene,kujiale_grscene_MV7J6NIKTKJZ2AABAAAAADI8_usd,kujiale_grscene_MV7J6NIKTKJZ2AABAAAAADI8_usd__kujiale_grscene_MV7J6NIKTKJZ2AABAAAAADI8_usd__attempt_01__kujiale_grscene_MV7J6NIKTKJZ2AABAAAAADI8_usd_grscene_frontier_000000,tvars_original,milestone_060,coverage_milestone,0.6100038434085543,0.6,False,67,0.9109828141635885,0.9805996029692992,0.944510139013322,0.3568108570434737,91.09828141635884,98.05996029692992,94.4510139013322,35.68108570434737,5,2,10895,2,0,/media/echo/data/voxroom_roomseg_evaluation/grscene_union_fixed0p5_batch32_full7000_20260815_0015/grscene/kujiale_grscene_MV7J6NIKTKJZ2AABAAAAADI8_usd/attempt_01/roomseg_coverage_eval/events/milestone_060/tvars_original/roomseg_snapshots/roomseg_milestone_060_step_000067.npz,/media/echo/data/voxroom_roomseg_evaluation/grscene_all_available_gt_20260817/metrics_pr_f1_miou_excluding_training_grscenes_20260818_192125/match_visualizations/tvars_original/kujiale_grscene_MV7J6NIKTKJZ2AABAAAAADI8_usd__kujiale_grscene_MV7J6NIKTKJZ2AABAAAAADI8_usd__attempt_01__kujiale_grscene_MV7J6NIKTKJZ2AABAAAAADI8_usd_grscene_frontier_000000/milestone_060.pred_gt_match.png
grscene,kujiale_grscene_MV7J6NIKTKJZ2AABAAAAADI8_usd,kujiale_grscene_MV7J6NIKTKJZ2AABAAAAADI8_usd__kujiale_grscene_MV7J6NIKTKJZ2AABAAAAADI8_usd__attempt_01__kujiale_grscene_MV7J6NIKTKJZ2AABAAAAADI8_usd_grscene_frontier_000000,voxroom,milestone_060,coverage_milestone,0.6100038434085543,0.6,False,67,0.9618963551436243,0.9776293691462208,0.9696990507382198,0.5658716101257524,96.18963551436242,97.76293691462207,96.96990507382198,56.58716101257524,5,3,10895,2,0,/media/echo/data/voxroom_roomseg_evaluation/grscene_union_fixed0p5_batch32_full7000_20260815_0015/grscene/kujiale_grscene_MV7J6NIKTKJZ2AABAAAAADI8_usd/attempt_01/roomseg_coverage_eval/events/milestone_060/voxroom/roomseg_snapshots/roomseg_milestone_060_step_000067.npz,/media/echo/data/voxroom_roomseg_evaluation/grscene_all_available_gt_20260817/metrics_pr_f1_miou_excluding_training_grscenes_20260818_192125/match_visualizations/voxroom/kujiale_grscene_MV7J6NIKTKJZ2AABAAAAADI8_usd__kujiale_grscene_MV7J6NIKTKJZ2AABAAAAADI8_usd__attempt_01__kujiale_grscene_MV7J6NIKTKJZ2AABAAAAADI8_usd_grscene_frontier_000000/milestone_060.pred_gt_match.png
grscene,kujiale_grscene_MV7J6NIKTKJZ2AABAAAAADI8_usd,kujiale_grscene_MV7J6NIKTKJZ2AABAAAAADI8_usd__kujiale_grscene_MV7J6NIKTKJZ2AABAAAAADI8_usd__attempt_01__kujiale_grscene_MV7J6NIKTKJZ2AABAAAAADI8_usd_grscene_frontier_000000,tvars_original,milestone_070,coverage_milestone,0.7047713171910174,0.7,False,93,0.917109131030527,0.9719943665780528,0.9437544422816667,0.4337428348772791,91.7109131030527,97.19943665780528,94.37544422816667,43.37428348772791,6,4,12651,1,0,/media/echo/data/voxroom_roomseg_evaluation/grscene_union_fixed0p5_batch32_full7000_20260815_0015/grscene/kujiale_grscene_MV7J6NIKTKJZ2AABAAAAADI8_usd/attempt_01/roomseg_coverage_eval/events/milestone_070/tvars_original/roomseg_snapshots/roomseg_milestone_070_step_000093.npz,/media/echo/data/voxroom_roomseg_evaluation/grscene_all_available_gt_20260817/metrics_pr_f1_miou_excluding_training_grscenes_20260818_192125/match_visualizations/tvars_original/kujiale_grscene_MV7J6NIKTKJZ2AABAAAAADI8_usd__kujiale_grscene_MV7J6NIKTKJZ2AABAAAAADI8_usd__attempt_01__kujiale_grscene_MV7J6NIKTKJZ2AABAAAAADI8_usd_grscene_frontier_000000/milestone_070.pred_gt_match.png
grscene,kujiale_grscene_MV7J6NIKTKJZ2AABAAAAADI8_usd,kujiale_grscene_MV7J6NIKTKJZ2AABAAAAADI8_usd__kujiale_grscene_MV7J6NIKTKJZ2AABAAAAADI8_usd__attempt_01__kujiale_grscene_MV7J6NIKTKJZ2AABAAAAADI8_usd_grscene_frontier_000000,voxroom,milestone_070,coverage_milestone,0.7047713171910174,0.7,False,93,0.9444632658987513,0.9764968691166427,0.9602129740588491,0.6180497428244073,94.44632658987513,97.64968691166428,96.02129740588491,61.804974282440725,6,4,12651,1,0,/media/echo/data/voxroom_roomseg_evaluation/grscene_union_fixed0p5_batch32_full7000_20260815_0015/grscene/kujiale_grscene_MV7J6NIKTKJZ2AABAAAAADI8_usd/attempt_01/roomseg_coverage_eval/events/milestone_070/voxroom/roomseg_snapshots/roomseg_milestone_070_step_000093.npz,/media/echo/data/voxroom_roomseg_evaluation/grscene_all_available_gt_20260817/metrics_pr_f1_miou_excluding_training_grscenes_20260818_192125/match_visualizations/voxroom/kujiale_grscene_MV7J6NIKTKJZ2AABAAAAADI8_usd__kujiale_grscene_MV7J6NIKTKJZ2AABAAAAADI8_usd__attempt_01__kujiale_grscene_MV7J6NIKTKJZ2AABAAAAADI8_usd_grscene_frontier_000000/milestone_070.pred_gt_match.png
grscene,kujiale_grscene_MV7J6NIKTKJZ2AABAAAAADI8_usd,kujiale_grscene_MV7J6NIKTKJZ2AABAAAAADI8_usd__kujiale_grscene_MV7J6NIKTKJZ2AABAAAAADI8_usd__attempt_01__kujiale_grscene_MV7J6NIKTKJZ2AABAAAAADI8_usd_grscene_frontier_000000,tvars_original,milestone_080,coverage_milestone,0.8042057870751661,0.8,False,182,0.9547692682561102,0.9374706456480757,0.9460408860208817,0.5734419568772371,95.47692682561102,93.74706456480757,94.60408860208817,57.34419568772371,6,5,14349,1,0,/media/echo/data/voxroom_roomseg_evaluation/grscene_union_fixed0p5_batch32_full7000_20260815_0015/grscene/kujiale_grscene_MV7J6NIKTKJZ2AABAAAAADI8_usd/attempt_01/roomseg_coverage_eval/events/milestone_080/tvars_original/roomseg_snapshots/roomseg_milestone_080_step_000182.npz,/media/echo/data/voxroom_roomseg_evaluation/grscene_all_available_gt_20260817/metrics_pr_f1_miou_excluding_training_grscenes_20260818_192125/match_visualizations/tvars_original/kujiale_grscene_MV7J6NIKTKJZ2AABAAAAADI8_usd__kujiale_grscene_MV7J6NIKTKJZ2AABAAAAADI8_usd__attempt_01__kujiale_grscene_MV7J6NIKTKJZ2AABAAAAADI8_usd_grscene_frontier_000000/milestone_080.pred_gt_match.png
grscene,kujiale_grscene_MV7J6NIKTKJZ2AABAAAAADI8_usd,kujiale_grscene_MV7J6NIKTKJZ2AABAAAAADI8_usd__kujiale_grscene_MV7J6NIKTKJZ2AABAAAAADI8_usd__attempt_01__kujiale_grscene_MV7J6NIKTKJZ2AABAAAAADI8_usd_grscene_frontier_000000,voxroom,milestone_080,coverage_milestone,0.8042057870751661,0.8,False,182,0.9823043560997083,0.9801253394235445,0.9812136380077978,0.9628876234856799,98.23043560997084,98.01253394235445,98.12136380077978,96.28876234856799,6,6,14349,1,0,/media/echo/data/voxroom_roomseg_evaluation/grscene_union_fixed0p5_batch32_full7000_20260815_0015/grscene/kujiale_grscene_MV7J6NIKTKJZ2AABAAAAADI8_usd/attempt_01/roomseg_coverage_eval/events/milestone_080/voxroom/roomseg_snapshots/roomseg_milestone_080_step_000182.npz,/media/echo/data/voxroom_roomseg_evaluation/grscene_all_available_gt_20260817/metrics_pr_f1_miou_excluding_training_grscenes_20260818_192125/match_visualizations/voxroom/kujiale_grscene_MV7J6NIKTKJZ2AABAAAAADI8_usd__kujiale_grscene_MV7J6NIKTKJZ2AABAAAAADI8_usd__attempt_01__kujiale_grscene_MV7J6NIKTKJZ2AABAAAAADI8_usd_grscene_frontier_000000/milestone_080.pred_gt_match.png
grscene,kujiale_grscene_MV7J6NIKTKJZ2AABAAAAADI8_usd,kujiale_grscene_MV7J6NIKTKJZ2AABAAAAADI8_usd__kujiale_grscene_MV7J6NIKTKJZ2AABAAAAADI8_usd__attempt_01__kujiale_grscene_MV7J6NIKTKJZ2AABAAAAADI8_usd_grscene_frontier_000000,tvars_original,milestone_090,coverage_milestone,0.9181903036292758,0.9,False,290,0.95173828420257,0.9476316934204626,0.9496805494216001,0.49117400692191643,95.173828420257,94.76316934204625,94.96805494216001,49.117400692191644,7,5,16405,0,0,/media/echo/data/voxroom_roomseg_evaluation/grscene_union_fixed0p5_batch32_full7000_20260815_0015/grscene/kujiale_grscene_MV7J6NIKTKJZ2AABAAAAADI8_usd/attempt_01/roomseg_coverage_eval/events/milestone_090/tvars_original/roomseg_snapshots/roomseg_milestone_090_step_000290.npz,/media/echo/data/voxroom_roomseg_evaluation/grscene_all_available_gt_20260817/metrics_pr_f1_miou_excluding_training_grscenes_20260818_192125/match_visualizations/tvars_original/kujiale_grscene_MV7J6NIKTKJZ2AABAAAAADI8_usd__kujiale_grscene_MV7J6NIKTKJZ2AABAAAAADI8_usd__attempt_01__kujiale_grscene_MV7J6NIKTKJZ2AABAAAAADI8_usd_grscene_frontier_000000/milestone_090.pred_gt_match.png
grscene,kujiale_grscene_MV7J6NIKTKJZ2AABAAAAADI8_usd,kujiale_grscene_MV7J6NIKTKJZ2AABAAAAADI8_usd__kujiale_grscene_MV7J6NIKTKJZ2AABAAAAADI8_usd__attempt_01__kujiale_grscene_MV7J6NIKTKJZ2AABAAAAADI8_usd_grscene_frontier_000000,voxroom,milestone_090,coverage_milestone,0.9181903036292758,0.9,False,290,0.984866361805573,0.9805326423574525,0.9826947241396762,0.965722768893116,98.4866361805573,98.05326423574525,98.26947241396762,96.57227688931161,7,7,16405,0,0,/media/echo/data/voxroom_roomseg_evaluation/grscene_union_fixed0p5_batch32_full7000_20260815_0015/grscene/kujiale_grscene_MV7J6NIKTKJZ2AABAAAAADI8_usd/attempt_01/roomseg_coverage_eval/events/milestone_090/voxroom/roomseg_snapshots/roomseg_milestone_090_step_000290.npz,/media/echo/data/voxroom_roomseg_evaluation/grscene_all_available_gt_20260817/metrics_pr_f1_miou_excluding_training_grscenes_20260818_192125/match_visualizations/voxroom/kujiale_grscene_MV7J6NIKTKJZ2AABAAAAADI8_usd__kujiale_grscene_MV7J6NIKTKJZ2AABAAAAADI8_usd__attempt_01__kujiale_grscene_MV7J6NIKTKJZ2AABAAAAADI8_usd_grscene_frontier_000000/milestone_090.pred_gt_match.png
grscene,kujiale_grscene_MV7J6NIKTKJZ2AABAAAAADI8_usd,kujiale_grscene_MV7J6NIKTKJZ2AABAAAAADI8_usd__kujiale_grscene_MV7J6NIKTKJZ2AABAAAAADI8_usd__attempt_01__kujiale_grscene_MV7J6NIKTKJZ2AABAAAAADI8_usd_grscene_frontier_000000,tvars_original,final,terminal_forced,0.9983528249052874,,True,957,0.9805407146390711,0.9534447440941468,0.9668029162487141,0.7947896331334656,98.0540714639071,95.34447440941469,96.6802916248714,79.47896331334657,7,8,17731,0,0,/media/echo/data/voxroom_roomseg_evaluation/grscene_union_fixed0p5_batch32_full7000_20260815_0015/grscene/kujiale_grscene_MV7J6NIKTKJZ2AABAAAAADI8_usd/attempt_01/roomseg_coverage_eval/events/final/tvars_original/roomseg_snapshots/roomseg_final_step_000957.npz,/media/echo/data/voxroom_roomseg_evaluation/grscene_all_available_gt_20260817/metrics_pr_f1_miou_excluding_training_grscenes_20260818_192125/match_visualizations/tvars_original/kujiale_grscene_MV7J6NIKTKJZ2AABAAAAADI8_usd__kujiale_grscene_MV7J6NIKTKJZ2AABAAAAADI8_usd__attempt_01__kujiale_grscene_MV7J6NIKTKJZ2AABAAAAADI8_usd_grscene_frontier_000000/final.pred_gt_match.png
grscene,kujiale_grscene_MV7J6NIKTKJZ2AABAAAAADI8_usd,kujiale_grscene_MV7J6NIKTKJZ2AABAAAAADI8_usd__kujiale_grscene_MV7J6NIKTKJZ2AABAAAAADI8_usd__attempt_01__kujiale_grscene_MV7J6NIKTKJZ2AABAAAAADI8_usd_grscene_frontier_000000,voxroom,final,terminal_forced,0.9983528249052874,,True,957,0.9885586514103013,0.9835973546608587,0.9860717625390473,0.9721703065129225,98.85586514103014,98.35973546608588,98.60717625390473,97.21703065129225,7,7,17731,0,1,/media/echo/data/voxroom_roomseg_evaluation/grscene_union_fixed0p5_batch32_full7000_20260815_0015/grscene/kujiale_grscene_MV7J6NIKTKJZ2AABAAAAADI8_usd/attempt_01/roomseg_coverage_eval/events/final/voxroom/roomseg_snapshots/roomseg_final_step_000957.npz,/media/echo/data/voxroom_roomseg_evaluation/grscene_all_available_gt_20260817/metrics_pr_f1_miou_excluding_training_grscenes_20260818_192125/match_visualizations/voxroom/kujiale_grscene_MV7J6NIKTKJZ2AABAAAAADI8_usd__kujiale_grscene_MV7J6NIKTKJZ2AABAAAAADI8_usd__attempt_01__kujiale_grscene_MV7J6NIKTKJZ2AABAAAAADI8_usd_grscene_frontier_000000/final.pred_gt_match.png
grscene,kujiale_grscene_MV7J6NIKTKJZ2AABAAAAADQ8_usd,kujiale_grscene_MV7J6NIKTKJZ2AABAAAAADQ8_usd__kujiale_grscene_MV7J6NIKTKJZ2AABAAAAADQ8_usd__attempt_01__kujiale_grscene_MV7J6NIKTKJZ2AABAAAAADQ8_usd_grscene_frontier_000000,tvars_original,milestone_020,coverage_milestone,0.20212877516778524,0.2,False,3,0.7858958068614994,0.9947145517172262,0.8780607070517851,0.5201554845258092,78.58958068614994,99.47145517172262,87.80607070517851,52.015548452580916,3,2,3799,0,0,/media/echo/data/voxroom_roomseg_evaluation/grscene_union_fixed0p5_batch32_full7000_20260815_0015/grscene/kujiale_grscene_MV7J6NIKTKJZ2AABAAAAADQ8_usd/attempt_01/roomseg_coverage_eval/events/milestone_020/tvars_original/roomseg_snapshots/roomseg_milestone_020_step_000003.npz,/media/echo/data/voxroom_roomseg_evaluation/grscene_all_available_gt_20260817/metrics_pr_f1_miou_excluding_training_grscenes_20260818_192125/match_visualizations/tvars_original/kujiale_grscene_MV7J6NIKTKJZ2AABAAAAADQ8_usd__kujiale_grscene_MV7J6NIKTKJZ2AABAAAAADQ8_usd__attempt_01__kujiale_grscene_MV7J6NIKTKJZ2AABAAAAADQ8_usd_grscene_frontier_000000/milestone_020.pred_gt_match.png
grscene,kujiale_grscene_MV7J6NIKTKJZ2AABAAAAADQ8_usd,kujiale_grscene_MV7J6NIKTKJZ2AABAAAAADQ8_usd__kujiale_grscene_MV7J6NIKTKJZ2AABAAAAADQ8_usd__attempt_01__kujiale_grscene_MV7J6NIKTKJZ2AABAAAAADQ8_usd_grscene_frontier_000000,voxroom,milestone_020,coverage_milestone,0.20212877516778524,0.2,False,3,0.9930715935334873,0.9740626420453697,0.9834752734632656,0.967931339625626,99.30715935334872,97.40626420453697,98.34752734632656,96.7931339625626,3,3,3799,0,0,/media/echo/data/voxroom_roomseg_evaluation/grscene_union_fixed0p5_batch32_full7000_20260815_0015/grscene/kujiale_grscene_MV7J6NIKTKJZ2AABAAAAADQ8_usd/attempt_01/roomseg_coverage_eval/events/milestone_020/voxroom/roomseg_snapshots/roomseg_milestone_020_step_000003.npz,/media/echo/data/voxroom_roomseg_evaluation/grscene_all_available_gt_20260817/metrics_pr_f1_miou_excluding_training_grscenes_20260818_192125/match_visualizations/voxroom/kujiale_grscene_MV7J6NIKTKJZ2AABAAAAADQ8_usd__kujiale_grscene_MV7J6NIKTKJZ2AABAAAAADQ8_usd__attempt_01__kujiale_grscene_MV7J6NIKTKJZ2AABAAAAADQ8_usd_grscene_frontier_000000/milestone_020.pred_gt_match.png
grscene,kujiale_grscene_MV7J6NIKTKJZ2AABAAAAADQ8_usd,kujiale_grscene_MV7J6NIKTKJZ2AABAAAAADQ8_usd__kujiale_grscene_MV7J6NIKTKJZ2AABAAAAADQ8_usd__attempt_01__kujiale_grscene_MV7J6NIKTKJZ2AABAAAAADQ8_usd_grscene_frontier_000000,tvars_original,milestone_040,coverage_milestone,0.4035234899328859,0.4,False,91,0.8046927751519244,0.9868587005667122,0.8865143728268359,0.39916799148575555,80.46927751519245,98.68587005667122,88.65143728268359,39.916799148575556,4,2,7519,0,0,/media/echo/data/voxroom_roomseg_evaluation/grscene_union_fixed0p5_batch32_full7000_20260815_0015/grscene/kujiale_grscene_MV7J6NIKTKJZ2AABAAAAADQ8_usd/attempt_01/roomseg_coverage_eval/events/milestone_040/tvars_original/roomseg_snapshots/roomseg_milestone_040_step_000091.npz,/media/echo/data/voxroom_roomseg_evaluation/grscene_all_available_gt_20260817/metrics_pr_f1_miou_excluding_training_grscenes_20260818_192125/match_visualizations/tvars_original/kujiale_grscene_MV7J6NIKTKJZ2AABAAAAADQ8_usd__kujiale_grscene_MV7J6NIKTKJZ2AABAAAAADQ8_usd__attempt_01__kujiale_grscene_MV7J6NIKTKJZ2AABAAAAADQ8_usd_grscene_frontier_000000/milestone_040.pred_gt_match.png
grscene,kujiale_grscene_MV7J6NIKTKJZ2AABAAAAADQ8_usd,kujiale_grscene_MV7J6NIKTKJZ2AABAAAAADQ8_usd__kujiale_grscene_MV7J6NIKTKJZ2AABAAAAADQ8_usd__attempt_01__kujiale_grscene_MV7J6NIKTKJZ2AABAAAAADQ8_usd_grscene_frontier_000000,voxroom,milestone_040,coverage_milestone,0.4035234899328859,0.4,False,91,0.9986971896519635,0.849588984016331,0.9181285266148951,0.8478008341354739,99.86971896519636,84.95889840163309,91.8128526614895,84.78008341354739,4,6,7519,0,0,/media/echo/data/voxroom_roomseg_evaluation/grscene_union_fixed0p5_batch32_full7000_20260815_0015/grscene/kujiale_grscene_MV7J6NIKTKJZ2AABAAAAADQ8_usd/attempt_01/roomseg_coverage_eval/events/milestone_040/voxroom/roomseg_snapshots/roomseg_milestone_040_step_000091.npz,/media/echo/data/voxroom_roomseg_evaluation/grscene_all_available_gt_20260817/metrics_pr_f1_miou_excluding_training_grscenes_20260818_192125/match_visualizations/voxroom/kujiale_grscene_MV7J6NIKTKJZ2AABAAAAADQ8_usd__kujiale_grscene_MV7J6NIKTKJZ2AABAAAAADQ8_usd__attempt_01__kujiale_grscene_MV7J6NIKTKJZ2AABAAAAADQ8_usd_grscene_frontier_000000/milestone_040.pred_gt_match.png
grscene,kujiale_grscene_MV7J6NIKTKJZ2AABAAAAADQ8_usd,kujiale_grscene_MV7J6NIKTKJZ2AABAAAAADQ8_usd__kujiale_grscene_MV7J6NIKTKJZ2AABAAAAADQ8_usd__attempt_01__kujiale_grscene_MV7J6NIKTKJZ2AABAAAAADQ8_usd_grscene_frontier_000000,tvars_original,milestone_060,coverage_milestone,0.6006187080536913,0.6,False,120,0.9923239550773802,0.9841937185434115,0.9882421152938163,0.9765541175951197,99.23239550773802,98.41937185434115,98.82421152938163,97.65541175951196,4,4,11205,0,0,/media/echo/data/voxroom_roomseg_evaluation/grscene_union_fixed0p5_batch32_full7000_20260815_0015/grscene/kujiale_grscene_MV7J6NIKTKJZ2AABAAAAADQ8_usd/attempt_01/roomseg_coverage_eval/events/milestone_060/tvars_original/roomseg_snapshots/roomseg_milestone_060_step_000120.npz,/media/echo/data/voxroom_roomseg_evaluation/grscene_all_available_gt_20260817/metrics_pr_f1_miou_excluding_training_grscenes_20260818_192125/match_visualizations/tvars_original/kujiale_grscene_MV7J6NIKTKJZ2AABAAAAADQ8_usd__kujiale_grscene_MV7J6NIKTKJZ2AABAAAAADQ8_usd__attempt_01__kujiale_grscene_MV7J6NIKTKJZ2AABAAAAADQ8_usd_grscene_frontier_000000/milestone_060.pred_gt_match.png
grscene,kujiale_grscene_MV7J6NIKTKJZ2AABAAAAADQ8_usd,kujiale_grscene_MV7J6NIKTKJZ2AABAAAAADQ8_usd__kujiale_grscene_MV7J6NIKTKJZ2AABAAAAADQ8_usd__attempt_01__kujiale_grscene_MV7J6NIKTKJZ2AABAAAAADQ8_usd_grscene_frontier_000000,voxroom,milestone_060,coverage_milestone,0.6006187080536913,0.6,False,120,0.9947564385761988,0.8445252662998037,0.9135054667970448,0.8367144585353066,99.47564385761987,84.45252662998037,91.35054667970448,83.67144585353066,4,6,11205,0,0,/media/echo/data/voxroom_roomseg_evaluation/grscene_union_fixed0p5_batch32_full7000_20260815_0015/grscene/kujiale_grscene_MV7J6NIKTKJZ2AABAAAAADQ8_usd/attempt_01/roomseg_coverage_eval/events/milestone_060/voxroom/roomseg_snapshots/roomseg_milestone_060_step_000120.npz,/media/echo/data/voxroom_roomseg_evaluation/grscene_all_available_gt_20260817/metrics_pr_f1_miou_excluding_training_grscenes_20260818_192125/match_visualizations/voxroom/kujiale_grscene_MV7J6NIKTKJZ2AABAAAAADQ8_usd__kujiale_grscene_MV7J6NIKTKJZ2AABAAAAADQ8_usd__attempt_01__kujiale_grscene_MV7J6NIKTKJZ2AABAAAAADQ8_usd_grscene_frontier_000000/milestone_060.pred_gt_match.png
grscene,kujiale_grscene_MV7J6NIKTKJZ2AABAAAAADQ8_usd,kujiale_grscene_MV7J6NIKTKJZ2AABAAAAADQ8_usd__kujiale_grscene_MV7J6NIKTKJZ2AABAAAAADQ8_usd__attempt_01__kujiale_grscene_MV7J6NIKTKJZ2AABAAAAADQ8_usd_grscene_frontier_000000,tvars_original,milestone_070,coverage_milestone,0.7039639261744967,0.7,False,212,0.9929705726957605,0.9909142881024902,0.9919413647358875,0.9838935047270234,99.29705726957604,99.09142881024901,99.19413647358874,98.38935047270235,4,4,13100,0,0,/media/echo/data/voxroom_roomseg_evaluation/grscene_union_fixed0p5_batch32_full7000_20260815_0015/grscene/kujiale_grscene_MV7J6NIKTKJZ2AABAAAAADQ8_usd/attempt_01/roomseg_coverage_eval/events/milestone_070/tvars_original/roomseg_snapshots/roomseg_milestone_070_step_000212.npz,/media/echo/data/voxroom_roomseg_evaluation/grscene_all_available_gt_20260817/metrics_pr_f1_miou_excluding_training_grscenes_20260818_192125/match_visualizations/tvars_original/kujiale_grscene_MV7J6NIKTKJZ2AABAAAAADQ8_usd__kujiale_grscene_MV7J6NIKTKJZ2AABAAAAADQ8_usd__attempt_01__kujiale_grscene_MV7J6NIKTKJZ2AABAAAAADQ8_usd_grscene_frontier_000000/milestone_070.pred_gt_match.png
grscene,kujiale_grscene_MV7J6NIKTKJZ2AABAAAAADQ8_usd,kujiale_grscene_MV7J6NIKTKJZ2AABAAAAADQ8_usd__kujiale_grscene_MV7J6NIKTKJZ2AABAAAAADQ8_usd__attempt_01__kujiale_grscene_MV7J6NIKTKJZ2AABAAAAADQ8_usd_grscene_frontier_000000,voxroom,milestone_070,coverage_milestone,0.7039639261744967,0.7,False,212,0.9952214573389709,0.8510105587261558,0.9174837843743908,0.8438583385063883,99.52214573389709,85.10105587261559,91.74837843743909,84.38583385063882,4,6,13100,0,0,/media/echo/data/voxroom_roomseg_evaluation/grscene_union_fixed0p5_batch32_full7000_20260815_0015/grscene/kujiale_grscene_MV7J6NIKTKJZ2AABAAAAADQ8_usd/attempt_01/roomseg_coverage_eval/events/milestone_070/voxroom/roomseg_snapshots/roomseg_milestone_070_step_000212.npz,/media/echo/data/voxroom_roomseg_evaluation/grscene_all_available_gt_20260817/metrics_pr_f1_miou_excluding_training_grscenes_20260818_192125/match_visualizations/voxroom/kujiale_grscene_MV7J6NIKTKJZ2AABAAAAADQ8_usd__kujiale_grscene_MV7J6NIKTKJZ2AABAAAAADQ8_usd__attempt_01__kujiale_grscene_MV7J6NIKTKJZ2AABAAAAADQ8_usd_grscene_frontier_000000/milestone_070.pred_gt_match.png
grscene,kujiale_grscene_MV7J6NIKTKJZ2AABAAAAADQ8_usd,kujiale_grscene_MV7J6NIKTKJZ2AABAAAAADQ8_usd__kujiale_grscene_MV7J6NIKTKJZ2AABAAAAADQ8_usd__attempt_01__kujiale_grscene_MV7J6NIKTKJZ2AABAAAAADQ8_usd_grscene_frontier_000000,tvars_original,milestone_080,coverage_milestone,0.8039010067114094,0.8,False,246,0.9781224004873448,0.9940518142333982,0.9860227757662358,0.7766935104709545,97.81224004873448,99.40518142333981,98.60227757662358,77.66935104709545,5,4,14920,0,0,/media/echo/data/voxroom_roomseg_evaluation/grscene_union_fixed0p5_batch32_full7000_20260815_0015/grscene/kujiale_grscene_MV7J6NIKTKJZ2AABAAAAADQ8_usd/attempt_01/roomseg_coverage_eval/events/milestone_080/tvars_original/roomseg_snapshots/roomseg_milestone_080_step_000246.npz,/media/echo/data/voxroom_roomseg_evaluation/grscene_all_available_gt_20260817/metrics_pr_f1_miou_excluding_training_grscenes_20260818_192125/match_visualizations/tvars_original/kujiale_grscene_MV7J6NIKTKJZ2AABAAAAADQ8_usd__kujiale_grscene_MV7J6NIKTKJZ2AABAAAAADQ8_usd__attempt_01__kujiale_grscene_MV7J6NIKTKJZ2AABAAAAADQ8_usd_grscene_frontier_000000/milestone_080.pred_gt_match.png
grscene,kujiale_grscene_MV7J6NIKTKJZ2AABAAAAADQ8_usd,kujiale_grscene_MV7J6NIKTKJZ2AABAAAAADQ8_usd__kujiale_grscene_MV7J6NIKTKJZ2AABAAAAADQ8_usd__attempt_01__kujiale_grscene_MV7J6NIKTKJZ2AABAAAAADQ8_usd_grscene_frontier_000000,voxroom,milestone_080,coverage_milestone,0.8039010067114094,0.8,False,246,0.9953348784327086,0.864320302337583,0.9252125361194738,0.8578107873848,99.53348784327086,86.4320302337583,92.52125361194739,85.78107873848,5,7,14920,0,0,/media/echo/data/voxroom_roomseg_evaluation/grscene_union_fixed0p5_batch32_full7000_20260815_0015/grscene/kujiale_grscene_MV7J6NIKTKJZ2AABAAAAADQ8_usd/attempt_01/roomseg_coverage_eval/events/milestone_080/voxroom/roomseg_snapshots/roomseg_milestone_080_step_000246.npz,/media/echo/data/voxroom_roomseg_evaluation/grscene_all_available_gt_20260817/metrics_pr_f1_miou_excluding_training_grscenes_20260818_192125/match_visualizations/voxroom/kujiale_grscene_MV7J6NIKTKJZ2AABAAAAADQ8_usd__kujiale_grscene_MV7J6NIKTKJZ2AABAAAAADQ8_usd__attempt_01__kujiale_grscene_MV7J6NIKTKJZ2AABAAAAADQ8_usd_grscene_frontier_000000/milestone_080.pred_gt_match.png
grscene,kujiale_grscene_MV7J6NIKTKJZ2AABAAAAADQ8_usd,kujiale_grscene_MV7J6NIKTKJZ2AABAAAAADQ8_usd__kujiale_grscene_MV7J6NIKTKJZ2AABAAAAADQ8_usd__attempt_01__kujiale_grscene_MV7J6NIKTKJZ2AABAAAAADQ8_usd_grscene_frontier_000000,tvars_original,milestone_090,coverage_milestone,0.904939177852349,0.9,False,344,0.9464064331630093,0.9931744633406374,0.969226602564686,0.7515903167413096,94.64064331630094,99.31744633406375,96.92266025646859,75.15903167413096,5,4,16738,0,0,/media/echo/data/voxroom_roomseg_evaluation/grscene_union_fixed0p5_batch32_full7000_20260815_0015/grscene/kujiale_grscene_MV7J6NIKTKJZ2AABAAAAADQ8_usd/attempt_01/roomseg_coverage_eval/events/milestone_090/tvars_original/roomseg_snapshots/roomseg_milestone_090_step_000344.npz,/media/echo/data/voxroom_roomseg_evaluation/grscene_all_available_gt_20260817/metrics_pr_f1_miou_excluding_training_grscenes_20260818_192125/match_visualizations/tvars_original/kujiale_grscene_MV7J6NIKTKJZ2AABAAAAADQ8_usd__kujiale_grscene_MV7J6NIKTKJZ2AABAAAAADQ8_usd__attempt_01__kujiale_grscene_MV7J6NIKTKJZ2AABAAAAADQ8_usd_grscene_frontier_000000/milestone_090.pred_gt_match.png
grscene,kujiale_grscene_MV7J6NIKTKJZ2AABAAAAADQ8_usd,kujiale_grscene_MV7J6NIKTKJZ2AABAAAAADQ8_usd__kujiale_grscene_MV7J6NIKTKJZ2AABAAAAADQ8_usd__attempt_01__kujiale_grscene_MV7J6NIKTKJZ2AABAAAAADQ8_usd_grscene_frontier_000000,voxroom,milestone_090,coverage_milestone,0.904939177852349,0.9,False,344,0.9946134400724369,0.8179783747602638,0.8976894616510871,0.812411144544727,99.4613440072437,81.79783747602639,89.76894616510872,81.2411144544727,5,8,16738,0,0,/media/echo/data/voxroom_roomseg_evaluation/grscene_union_fixed0p5_batch32_full7000_20260815_0015/grscene/kujiale_grscene_MV7J6NIKTKJZ2AABAAAAADQ8_usd/attempt_01/roomseg_coverage_eval/events/milestone_090/voxroom/roomseg_snapshots/roomseg_milestone_090_step_000344.npz,/media/echo/data/voxroom_roomseg_evaluation/grscene_all_available_gt_20260817/metrics_pr_f1_miou_excluding_training_grscenes_20260818_192125/match_visualizations/voxroom/kujiale_grscene_MV7J6NIKTKJZ2AABAAAAADQ8_usd__kujiale_grscene_MV7J6NIKTKJZ2AABAAAAADQ8_usd__attempt_01__kujiale_grscene_MV7J6NIKTKJZ2AABAAAAADQ8_usd_grscene_frontier_000000/milestone_090.pred_gt_match.png
grscene,kujiale_grscene_MV7J6NIKTKJZ2AABAAAAADQ8_usd,kujiale_grscene_MV7J6NIKTKJZ2AABAAAAADQ8_usd__kujiale_grscene_MV7J6NIKTKJZ2AABAAAAADQ8_usd__attempt_01__kujiale_grscene_MV7J6NIKTKJZ2AABAAAAADQ8_usd_grscene_frontier_000000,tvars_original,final,terminal_forced,0.9978502516778524,,True,676,0.9961484343525964,0.9936387232928421,0.994891996078158,0.9897918849421359,99.61484343525964,99.3638723292842,99.4891996078158,98.97918849421359,5,5,18365,0,0,/media/echo/data/voxroom_roomseg_evaluation/grscene_union_fixed0p5_batch32_full7000_20260815_0015/grscene/kujiale_grscene_MV7J6NIKTKJZ2AABAAAAADQ8_usd/attempt_01/roomseg_coverage_eval/events/final/tvars_original/roomseg_snapshots/roomseg_final_step_000676.npz,/media/echo/data/voxroom_roomseg_evaluation/grscene_all_available_gt_20260817/metrics_pr_f1_miou_excluding_training_grscenes_20260818_192125/match_visualizations/tvars_original/kujiale_grscene_MV7J6NIKTKJZ2AABAAAAADQ8_usd__kujiale_grscene_MV7J6NIKTKJZ2AABAAAAADQ8_usd__attempt_01__kujiale_grscene_MV7J6NIKTKJZ2AABAAAAADQ8_usd_grscene_frontier_000000/final.pred_gt_match.png
grscene,kujiale_grscene_MV7J6NIKTKJZ2AABAAAAADQ8_usd,kujiale_grscene_MV7J6NIKTKJZ2AABAAAAADQ8_usd__kujiale_grscene_MV7J6NIKTKJZ2AABAAAAADQ8_usd__attempt_01__kujiale_grscene_MV7J6NIKTKJZ2AABAAAAADQ8_usd_grscene_frontier_000000,voxroom,final,terminal_forced,0.9978502516778524,,True,676,0.9993596721521419,0.8863617036180184,0.9394751026504577,0.8854823140632441,99.93596721521419,88.63617036180183,93.94751026504578,88.5482314063244,5,7,18365,0,0,/media/echo/data/voxroom_roomseg_evaluation/grscene_union_fixed0p5_batch32_full7000_20260815_0015/grscene/kujiale_grscene_MV7J6NIKTKJZ2AABAAAAADQ8_usd/attempt_01/roomseg_coverage_eval/events/final/voxroom/roomseg_snapshots/roomseg_final_step_000676.npz,/media/echo/data/voxroom_roomseg_evaluation/grscene_all_available_gt_20260817/metrics_pr_f1_miou_excluding_training_grscenes_20260818_192125/match_visualizations/voxroom/kujiale_grscene_MV7J6NIKTKJZ2AABAAAAADQ8_usd__kujiale_grscene_MV7J6NIKTKJZ2AABAAAAADQ8_usd__attempt_01__kujiale_grscene_MV7J6NIKTKJZ2AABAAAAADQ8_usd_grscene_frontier_000000/final.pred_gt_match.png
grscene,kujiale_grscene_MV7J6NIKTKJZ2AABAAAAADY8_usd,kujiale_grscene_MV7J6NIKTKJZ2AABAAAAADY8_usd__kujiale_grscene_MV7J6NIKTKJZ2AABAAAAADY8_usd__attempt_01__kujiale_grscene_MV7J6NIKTKJZ2AABAAAAADY8_usd_grscene_frontier_000000,tvars_original,milestone_020,coverage_milestone,0.3657013408436907,0.2,False,0,0.9146406388642413,0.8820251790016628,0.898036869399203,0.45602548221553707,91.46406388642413,88.20251790016627,89.8036869399203,45.602548221553704,2,1,5797,0,0,/media/echo/data/voxroom_roomseg_evaluation/grscene_union_fixed0p5_batch32_full7000_20260815_0015/grscene/kujiale_grscene_MV7J6NIKTKJZ2AABAAAAADY8_usd/attempt_01/roomseg_coverage_eval/events/milestone_020/tvars_original/roomseg_snapshots/roomseg_milestone_020_step_000000.npz,/media/echo/data/voxroom_roomseg_evaluation/grscene_all_available_gt_20260817/metrics_pr_f1_miou_excluding_training_grscenes_20260818_192125/match_visualizations/tvars_original/kujiale_grscene_MV7J6NIKTKJZ2AABAAAAADY8_usd__kujiale_grscene_MV7J6NIKTKJZ2AABAAAAADY8_usd__attempt_01__kujiale_grscene_MV7J6NIKTKJZ2AABAAAAADY8_usd_grscene_frontier_000000/milestone_020.pred_gt_match.png
grscene,kujiale_grscene_MV7J6NIKTKJZ2AABAAAAADY8_usd,kujiale_grscene_MV7J6NIKTKJZ2AABAAAAADY8_usd__kujiale_grscene_MV7J6NIKTKJZ2AABAAAAADY8_usd__attempt_01__kujiale_grscene_MV7J6NIKTKJZ2AABAAAAADY8_usd_grscene_frontier_000000,voxroom,milestone_020,coverage_milestone,0.3657013408436907,0.2,False,0,1.0,0.8851657674166074,0.9390853395663135,0.8851657674166074,100.0,88.51657674166074,93.90853395663135,88.51657674166074,2,2,5797,0,0,/media/echo/data/voxroom_roomseg_evaluation/grscene_union_fixed0p5_batch32_full7000_20260815_0015/grscene/kujiale_grscene_MV7J6NIKTKJZ2AABAAAAADY8_usd/attempt_01/roomseg_coverage_eval/events/milestone_020/voxroom/roomseg_snapshots/roomseg_milestone_020_step_000000.npz,/media/echo/data/voxroom_roomseg_evaluation/grscene_all_available_gt_20260817/metrics_pr_f1_miou_excluding_training_grscenes_20260818_192125/match_visualizations/voxroom/kujiale_grscene_MV7J6NIKTKJZ2AABAAAAADY8_usd__kujiale_grscene_MV7J6NIKTKJZ2AABAAAAADY8_usd__attempt_01__kujiale_grscene_MV7J6NIKTKJZ2AABAAAAADY8_usd_grscene_frontier_000000/milestone_020.pred_gt_match.png
grscene,kujiale_grscene_MV7J6NIKTKJZ2AABAAAAADY8_usd,kujiale_grscene_MV7J6NIKTKJZ2AABAAAAADY8_usd__kujiale_grscene_MV7J6NIKTKJZ2AABAAAAADY8_usd__attempt_01__kujiale_grscene_MV7J6NIKTKJZ2AABAAAAADY8_usd_grscene_frontier_000000,tvars_original,milestone_040,coverage_milestone,0.4067838119145289,0.4,False,4,0.922978382706165,0.8753057699763843,0.8985101745361307,0.4595758252272365,92.2978382706165,87.53057699763843,89.85101745361307,45.95758252272365,2,1,6427,1,0,/media/echo/data/voxroom_roomseg_evaluation/grscene_union_fixed0p5_batch32_full7000_20260815_0015/grscene/kujiale_grscene_MV7J6NIKTKJZ2AABAAAAADY8_usd/attempt_01/roomseg_coverage_eval/events/milestone_040/tvars_original/roomseg_snapshots/roomseg_milestone_040_step_000004.npz,/media/echo/data/voxroom_roomseg_evaluation/grscene_all_available_gt_20260817/metrics_pr_f1_miou_excluding_training_grscenes_20260818_192125/match_visualizations/tvars_original/kujiale_grscene_MV7J6NIKTKJZ2AABAAAAADY8_usd__kujiale_grscene_MV7J6NIKTKJZ2AABAAAAADY8_usd__attempt_01__kujiale_grscene_MV7J6NIKTKJZ2AABAAAAADY8_usd_grscene_frontier_000000/milestone_040.pred_gt_match.png
grscene,kujiale_grscene_MV7J6NIKTKJZ2AABAAAAADY8_usd,kujiale_grscene_MV7J6NIKTKJZ2AABAAAAADY8_usd__kujiale_grscene_MV7J6NIKTKJZ2AABAAAAADY8_usd__attempt_01__kujiale_grscene_MV7J6NIKTKJZ2AABAAAAADY8_usd_grscene_frontier_000000,voxroom,milestone_040,coverage_milestone,0.4067838119145289,0.4,False,4,1.0,0.8785472977552918,0.9353475409483519,0.8785472977552918,100.0,87.85472977552918,93.5347540948352,87.85472977552918,2,2,6427,1,0,/media/echo/data/voxroom_roomseg_evaluation/grscene_union_fixed0p5_batch32_full7000_20260815_0015/grscene/kujiale_grscene_MV7J6NIKTKJZ2AABAAAAADY8_usd/attempt_01/roomseg_coverage_eval/events/milestone_040/voxroom/roomseg_snapshots/roomseg_milestone_040_step_000004.npz,/media/echo/data/voxroom_roomseg_evaluation/grscene_all_available_gt_20260817/metrics_pr_f1_miou_excluding_training_grscenes_20260818_192125/match_visualizations/voxroom/kujiale_grscene_MV7J6NIKTKJZ2AABAAAAADY8_usd__kujiale_grscene_MV7J6NIKTKJZ2AABAAAAADY8_usd__attempt_01__kujiale_grscene_MV7J6NIKTKJZ2AABAAAAADY8_usd_grscene_frontier_000000/milestone_040.pred_gt_match.png
grscene,kujiale_grscene_MV7J6NIKTKJZ2AABAAAAADY8_usd,kujiale_grscene_MV7J6NIKTKJZ2AABAAAAADY8_usd__kujiale_grscene_MV7J6NIKTKJZ2AABAAAAADY8_usd__attempt_01__kujiale_grscene_MV7J6NIKTKJZ2AABAAAAADY8_usd_grscene_frontier_000000,tvars_original,final,terminal_forced,0.5165003367415661,,True,91,0.9394663981877674,0.8775510204081632,0.9074538173727813,0.4697331990938837,93.94663981877675,87.75510204081633,90.74538173727814,46.97331990938837,2,1,8102,1,0,/media/echo/data/voxroom_roomseg_evaluation/grscene_union_fixed0p5_batch32_full7000_20260815_0015/grscene/kujiale_grscene_MV7J6NIKTKJZ2AABAAAAADY8_usd/attempt_01/roomseg_coverage_eval/events/final/tvars_original/roomseg_snapshots/roomseg_final_step_000091.npz,/media/echo/data/voxroom_roomseg_evaluation/grscene_all_available_gt_20260817/metrics_pr_f1_miou_excluding_training_grscenes_20260818_192125/match_visualizations/tvars_original/kujiale_grscene_MV7J6NIKTKJZ2AABAAAAADY8_usd__kujiale_grscene_MV7J6NIKTKJZ2AABAAAAADY8_usd__attempt_01__kujiale_grscene_MV7J6NIKTKJZ2AABAAAAADY8_usd_grscene_frontier_000000/final.pred_gt_match.png
grscene,kujiale_grscene_MV7J6NIKTKJZ2AABAAAAADY8_usd,kujiale_grscene_MV7J6NIKTKJZ2AABAAAAADY8_usd__kujiale_grscene_MV7J6NIKTKJZ2AABAAAAADY8_usd__attempt_01__kujiale_grscene_MV7J6NIKTKJZ2AABAAAAADY8_usd_grscene_frontier_000000,voxroom,final,terminal_forced,0.5165003367415661,,True,91,1.0,0.8809879910540135,0.9367289905560227,0.8809879910540135,100.0,88.09879910540135,93.67289905560227,88.09879910540135,2,2,8102,1,0,/media/echo/data/voxroom_roomseg_evaluation/grscene_union_fixed0p5_batch32_full7000_20260815_0015/grscene/kujiale_grscene_MV7J6NIKTKJZ2AABAAAAADY8_usd/attempt_01/roomseg_coverage_eval/events/final/voxroom/roomseg_snapshots/roomseg_final_step_000091.npz,/media/echo/data/voxroom_roomseg_evaluation/grscene_all_available_gt_20260817/metrics_pr_f1_miou_excluding_training_grscenes_20260818_192125/match_visualizations/voxroom/kujiale_grscene_MV7J6NIKTKJZ2AABAAAAADY8_usd__kujiale_grscene_MV7J6NIKTKJZ2AABAAAAADY8_usd__attempt_01__kujiale_grscene_MV7J6NIKTKJZ2AABAAAAADY8_usd_grscene_frontier_000000/final.pred_gt_match.png
grscene,kujiale_grscene_MVUCSQAKTKJ5EAABAAAAAAA8_usd,kujiale_grscene_MVUCSQAKTKJ5EAABAAAAAAA8_usd__kujiale_grscene_MVUCSQAKTKJ5EAABAAAAAAA8_usd__attempt_01__kujiale_grscene_MVUCSQAKTKJ5EAABAAAAAAA8_usd_grscene_frontier_000000,tvars_original,milestone_020,coverage_milestone,0.33952294685990336,0.2,False,0,1.0,0.996261961722488,0.998127481087559,0.996261961722488,100.0,99.62619617224881,99.8127481087559,99.62619617224881,1,1,6688,1,0,/media/echo/data/voxroom_roomseg_evaluation/grscene_union_fixed0p5_batch32_full7000_20260815_0015/grscene/kujiale_grscene_MVUCSQAKTKJ5EAABAAAAAAA8_usd/attempt_01/roomseg_coverage_eval/events/milestone_020/tvars_original/roomseg_snapshots/roomseg_milestone_020_step_000000.npz,/media/echo/data/voxroom_roomseg_evaluation/grscene_all_available_gt_20260817/metrics_pr_f1_miou_excluding_training_grscenes_20260818_192125/match_visualizations/tvars_original/kujiale_grscene_MVUCSQAKTKJ5EAABAAAAAAA8_usd__kujiale_grscene_MVUCSQAKTKJ5EAABAAAAAAA8_usd__attempt_01__kujiale_grscene_MVUCSQAKTKJ5EAABAAAAAAA8_usd_grscene_frontier_000000/milestone_020.pred_gt_match.png
grscene,kujiale_grscene_MVUCSQAKTKJ5EAABAAAAAAA8_usd,kujiale_grscene_MVUCSQAKTKJ5EAABAAAAAAA8_usd__kujiale_grscene_MVUCSQAKTKJ5EAABAAAAAAA8_usd__attempt_01__kujiale_grscene_MVUCSQAKTKJ5EAABAAAAAAA8_usd_grscene_frontier_000000,voxroom,milestone_020,coverage_milestone,0.33952294685990336,0.2,False,0,1.0,0.996261961722488,0.998127481087559,0.996261961722488,100.0,99.62619617224881,99.8127481087559,99.62619617224881,1,1,6688,1,0,/media/echo/data/voxroom_roomseg_evaluation/grscene_union_fixed0p5_batch32_full7000_20260815_0015/grscene/kujiale_grscene_MVUCSQAKTKJ5EAABAAAAAAA8_usd/attempt_01/roomseg_coverage_eval/events/milestone_020/voxroom/roomseg_snapshots/roomseg_milestone_020_step_000000.npz,/media/echo/data/voxroom_roomseg_evaluation/grscene_all_available_gt_20260817/metrics_pr_f1_miou_excluding_training_grscenes_20260818_192125/match_visualizations/voxroom/kujiale_grscene_MVUCSQAKTKJ5EAABAAAAAAA8_usd__kujiale_grscene_MVUCSQAKTKJ5EAABAAAAAAA8_usd__attempt_01__kujiale_grscene_MVUCSQAKTKJ5EAABAAAAAAA8_usd_grscene_frontier_000000/milestone_020.pred_gt_match.png
grscene,kujiale_grscene_MVUCSQAKTKJ5EAABAAAAAAA8_usd,kujiale_grscene_MVUCSQAKTKJ5EAABAAAAAAA8_usd__kujiale_grscene_MVUCSQAKTKJ5EAABAAAAAAA8_usd__attempt_01__kujiale_grscene_MVUCSQAKTKJ5EAABAAAAAAA8_usd_grscene_frontier_000000,tvars_original,milestone_040,coverage_milestone,0.4026268115942029,0.4,False,20,1.0,0.9953825857519789,0.9976859504132232,0.9953825857519789,100.0,99.53825857519789,99.76859504132231,99.53825857519789,1,1,7580,3,0,/media/echo/data/voxroom_roomseg_evaluation/grscene_union_fixed0p5_batch32_full7000_20260815_0015/grscene/kujiale_grscene_MVUCSQAKTKJ5EAABAAAAAAA8_usd/attempt_01/roomseg_coverage_eval/events/milestone_040/tvars_original/roomseg_snapshots/roomseg_milestone_040_step_000020.npz,/media/echo/data/voxroom_roomseg_evaluation/grscene_all_available_gt_20260817/metrics_pr_f1_miou_excluding_training_grscenes_20260818_192125/match_visualizations/tvars_original/kujiale_grscene_MVUCSQAKTKJ5EAABAAAAAAA8_usd__kujiale_grscene_MVUCSQAKTKJ5EAABAAAAAAA8_usd__attempt_01__kujiale_grscene_MVUCSQAKTKJ5EAABAAAAAAA8_usd_grscene_frontier_000000/milestone_040.pred_gt_match.png
grscene,kujiale_grscene_MVUCSQAKTKJ5EAABAAAAAAA8_usd,kujiale_grscene_MVUCSQAKTKJ5EAABAAAAAAA8_usd__kujiale_grscene_MVUCSQAKTKJ5EAABAAAAAAA8_usd__attempt_01__kujiale_grscene_MVUCSQAKTKJ5EAABAAAAAAA8_usd_grscene_frontier_000000,voxroom,milestone_040,coverage_milestone,0.4026268115942029,0.4,False,20,1.0,0.9953825857519789,0.9976859504132232,0.9953825857519789,100.0,99.53825857519789,99.76859504132231,99.53825857519789,1,1,7580,3,0,/media/echo/data/voxroom_roomseg_evaluation/grscene_union_fixed0p5_batch32_full7000_20260815_0015/grscene/kujiale_grscene_MVUCSQAKTKJ5EAABAAAAAAA8_usd/attempt_01/roomseg_coverage_eval/events/milestone_040/voxroom/roomseg_snapshots/roomseg_milestone_040_step_000020.npz,/media/echo/data/voxroom_roomseg_evaluation/grscene_all_available_gt_20260817/metrics_pr_f1_miou_excluding_training_grscenes_20260818_192125/match_visualizations/voxroom/kujiale_grscene_MVUCSQAKTKJ5EAABAAAAAAA8_usd__kujiale_grscene_MVUCSQAKTKJ5EAABAAAAAAA8_usd__attempt_01__kujiale_grscene_MVUCSQAKTKJ5EAABAAAAAAA8_usd_grscene_frontier_000000/milestone_040.pred_gt_match.png
grscene,kujiale_grscene_MVUCSQAKTKJ5EAABAAAAAAA8_usd,kujiale_grscene_MVUCSQAKTKJ5EAABAAAAAAA8_usd__kujiale_grscene_MVUCSQAKTKJ5EAABAAAAAAA8_usd__attempt_01__kujiale_grscene_MVUCSQAKTKJ5EAABAAAAAAA8_usd_grscene_frontier_000000,tvars_original,milestone_060,coverage_milestone,0.6017512077294686,0.6,False,96,0.9360837120481932,0.9717263400176418,0.9535720796457253,0.4660161917698268,93.60837120481932,97.17263400176418,95.35720796457254,46.60161917698268,4,2,11819,1,0,/media/echo/data/voxroom_roomseg_evaluation/grscene_union_fixed0p5_batch32_full7000_20260815_0015/grscene/kujiale_grscene_MVUCSQAKTKJ5EAABAAAAAAA8_usd/attempt_01/roomseg_coverage_eval/events/milestone_060/tvars_original/roomseg_snapshots/roomseg_milestone_060_step_000096.npz,/media/echo/data/voxroom_roomseg_evaluation/grscene_all_available_gt_20260817/metrics_pr_f1_miou_excluding_training_grscenes_20260818_192125/match_visualizations/tvars_original/kujiale_grscene_MVUCSQAKTKJ5EAABAAAAAAA8_usd__kujiale_grscene_MVUCSQAKTKJ5EAABAAAAAAA8_usd__attempt_01__kujiale_grscene_MVUCSQAKTKJ5EAABAAAAAAA8_usd_grscene_frontier_000000/milestone_060.pred_gt_match.png
grscene,kujiale_grscene_MVUCSQAKTKJ5EAABAAAAAAA8_usd,kujiale_grscene_MVUCSQAKTKJ5EAABAAAAAAA8_usd__kujiale_grscene_MVUCSQAKTKJ5EAABAAAAAAA8_usd__attempt_01__kujiale_grscene_MVUCSQAKTKJ5EAABAAAAAAA8_usd_grscene_frontier_000000,voxroom,milestone_060,coverage_milestone,0.6017512077294686,0.6,False,96,0.9141163356303202,0.92718973839584,0.9206066259730362,0.1741455723173954,91.41163356303203,92.718973839584,92.06066259730362,17.41455723173954,4,2,11819,1,0,/media/echo/data/voxroom_roomseg_evaluation/grscene_union_fixed0p5_batch32_full7000_20260815_0015/grscene/kujiale_grscene_MVUCSQAKTKJ5EAABAAAAAAA8_usd/attempt_01/roomseg_coverage_eval/events/milestone_060/voxroom/roomseg_snapshots/roomseg_milestone_060_step_000096.npz,/media/echo/data/voxroom_roomseg_evaluation/grscene_all_available_gt_20260817/metrics_pr_f1_miou_excluding_training_grscenes_20260818_192125/match_visualizations/voxroom/kujiale_grscene_MVUCSQAKTKJ5EAABAAAAAAA8_usd__kujiale_grscene_MVUCSQAKTKJ5EAABAAAAAAA8_usd__attempt_01__kujiale_grscene_MVUCSQAKTKJ5EAABAAAAAAA8_usd_grscene_frontier_000000/milestone_060.pred_gt_match.png
grscene,kujiale_grscene_MVUCSQAKTKJ5EAABAAAAAAA8_usd,kujiale_grscene_MVUCSQAKTKJ5EAABAAAAAAA8_usd__kujiale_grscene_MVUCSQAKTKJ5EAABAAAAAAA8_usd__attempt_01__kujiale_grscene_MVUCSQAKTKJ5EAABAAAAAAA8_usd_grscene_frontier_000000,tvars_original,milestone_070,coverage_milestone,0.7058675523349437,0.7,False,343,0.9614130090880404,0.9739468925475122,0.9676393645075911,0.6924509251931997,96.14130090880404,97.39468925475123,96.76393645075912,69.24509251931997,4,4,13743,2,0,/media/echo/data/voxroom_roomseg_evaluation/grscene_union_fixed0p5_batch32_full7000_20260815_0015/grscene/kujiale_grscene_MVUCSQAKTKJ5EAABAAAAAAA8_usd/attempt_01/roomseg_coverage_eval/events/milestone_070/tvars_original/roomseg_snapshots/roomseg_milestone_070_step_000343.npz,/media/echo/data/voxroom_roomseg_evaluation/grscene_all_available_gt_20260817/metrics_pr_f1_miou_excluding_training_grscenes_20260818_192125/match_visualizations/tvars_original/kujiale_grscene_MVUCSQAKTKJ5EAABAAAAAAA8_usd__kujiale_grscene_MVUCSQAKTKJ5EAABAAAAAAA8_usd__attempt_01__kujiale_grscene_MVUCSQAKTKJ5EAABAAAAAAA8_usd_grscene_frontier_000000/milestone_070.pred_gt_match.png
grscene,kujiale_grscene_MVUCSQAKTKJ5EAABAAAAAAA8_usd,kujiale_grscene_MVUCSQAKTKJ5EAABAAAAAAA8_usd__kujiale_grscene_MVUCSQAKTKJ5EAABAAAAAAA8_usd__attempt_01__kujiale_grscene_MVUCSQAKTKJ5EAABAAAAAAA8_usd_grscene_frontier_000000,voxroom,milestone_070,coverage_milestone,0.7058675523349437,0.7,False,343,0.9775298889837746,0.8960377241234649,0.935011526522955,0.6314235075364569,97.75298889837745,89.6037724123465,93.5011526522955,63.142350753645694,4,4,13743,2,0,/media/echo/data/voxroom_roomseg_evaluation/grscene_union_fixed0p5_batch32_full7000_20260815_0015/grscene/kujiale_grscene_MVUCSQAKTKJ5EAABAAAAAAA8_usd/attempt_01/roomseg_coverage_eval/events/milestone_070/voxroom/roomseg_snapshots/roomseg_milestone_070_step_000343.npz,/media/echo/data/voxroom_roomseg_evaluation/grscene_all_available_gt_20260817/metrics_pr_f1_miou_excluding_training_grscenes_20260818_192125/match_visualizations/voxroom/kujiale_grscene_MVUCSQAKTKJ5EAABAAAAAAA8_usd__kujiale_grscene_MVUCSQAKTKJ5EAABAAAAAAA8_usd__attempt_01__kujiale_grscene_MVUCSQAKTKJ5EAABAAAAAAA8_usd_grscene_frontier_000000/milestone_070.pred_gt_match.png
grscene,kujiale_grscene_MVUCSQAKTKJ5EAABAAAAAAA8_usd,kujiale_grscene_MVUCSQAKTKJ5EAABAAAAAAA8_usd__kujiale_grscene_MVUCSQAKTKJ5EAABAAAAAAA8_usd__attempt_01__kujiale_grscene_MVUCSQAKTKJ5EAABAAAAAAA8_usd_grscene_frontier_000000,tvars_original,milestone_080,coverage_milestone,0.8037942834138486,0.8,False,406,0.9314136310515476,0.9692657259169956,0.9499627655977161,0.8252804354976476,93.14136310515477,96.92657259169955,94.99627655977162,82.52804354976476,5,5,15693,1,0,/media/echo/data/voxroom_roomseg_evaluation/grscene_union_fixed0p5_batch32_full7000_20260815_0015/grscene/kujiale_grscene_MVUCSQAKTKJ5EAABAAAAAAA8_usd/attempt_01/roomseg_coverage_eval/events/milestone_080/tvars_original/roomseg_snapshots/roomseg_milestone_080_step_000406.npz,/media/echo/data/voxroom_roomseg_evaluation/grscene_all_available_gt_20260817/metrics_pr_f1_miou_excluding_training_grscenes_20260818_192125/match_visualizations/tvars_original/kujiale_grscene_MVUCSQAKTKJ5EAABAAAAAAA8_usd__kujiale_grscene_MVUCSQAKTKJ5EAABAAAAAAA8_usd__attempt_01__kujiale_grscene_MVUCSQAKTKJ5EAABAAAAAAA8_usd_grscene_frontier_000000/milestone_080.pred_gt_match.png
grscene,kujiale_grscene_MVUCSQAKTKJ5EAABAAAAAAA8_usd,kujiale_grscene_MVUCSQAKTKJ5EAABAAAAAAA8_usd__kujiale_grscene_MVUCSQAKTKJ5EAABAAAAAAA8_usd__attempt_01__kujiale_grscene_MVUCSQAKTKJ5EAABAAAAAAA8_usd_grscene_frontier_000000,voxroom,milestone_080,coverage_milestone,0.8037942834138486,0.8,False,406,0.9717416900643058,0.9116570862355479,0.9407409719975198,0.4967100924021682,97.17416900643057,91.16570862355479,94.07409719975199,49.67100924021682,5,4,15693,1,0,/media/echo/data/voxroom_roomseg_evaluation/grscene_union_fixed0p5_batch32_full7000_20260815_0015/grscene/kujiale_grscene_MVUCSQAKTKJ5EAABAAAAAAA8_usd/attempt_01/roomseg_coverage_eval/events/milestone_080/voxroom/roomseg_snapshots/roomseg_milestone_080_step_000406.npz,/media/echo/data/voxroom_roomseg_evaluation/grscene_all_available_gt_20260817/metrics_pr_f1_miou_excluding_training_grscenes_20260818_192125/match_visualizations/voxroom/kujiale_grscene_MVUCSQAKTKJ5EAABAAAAAAA8_usd__kujiale_grscene_MVUCSQAKTKJ5EAABAAAAAAA8_usd__attempt_01__kujiale_grscene_MVUCSQAKTKJ5EAABAAAAAAA8_usd_grscene_frontier_000000/milestone_080.pred_gt_match.png
grscene,kujiale_grscene_MVUCSQAKTKJ5EAABAAAAAAA8_usd,kujiale_grscene_MVUCSQAKTKJ5EAABAAAAAAA8_usd__kujiale_grscene_MVUCSQAKTKJ5EAABAAAAAAA8_usd__attempt_01__kujiale_grscene_MVUCSQAKTKJ5EAABAAAAAAA8_usd_grscene_frontier_000000,tvars_original,milestone_090,coverage_milestone,0.9000603864734299,0.9,False,479,0.9203535324028511,0.9725010268303488,0.9457089568163084,0.6808373381112114,92.0353532402851,97.25010268303488,94.57089568163084,68.08373381112114,6,5,17538,1,0,/media/echo/data/voxroom_roomseg_evaluation/grscene_union_fixed0p5_batch32_full7000_20260815_0015/grscene/kujiale_grscene_MVUCSQAKTKJ5EAABAAAAAAA8_usd/attempt_01/roomseg_coverage_eval/events/milestone_090/tvars_original/roomseg_snapshots/roomseg_milestone_090_step_000479.npz,/media/echo/data/voxroom_roomseg_evaluation/grscene_all_available_gt_20260817/metrics_pr_f1_miou_excluding_training_grscenes_20260818_192125/match_visualizations/tvars_original/kujiale_grscene_MVUCSQAKTKJ5EAABAAAAAAA8_usd__kujiale_grscene_MVUCSQAKTKJ5EAABAAAAAAA8_usd__attempt_01__kujiale_grscene_MVUCSQAKTKJ5EAABAAAAAAA8_usd_grscene_frontier_000000/milestone_090.pred_gt_match.png
grscene,kujiale_grscene_MVUCSQAKTKJ5EAABAAAAAAA8_usd,kujiale_grscene_MVUCSQAKTKJ5EAABAAAAAAA8_usd__kujiale_grscene_MVUCSQAKTKJ5EAABAAAAAAA8_usd__attempt_01__kujiale_grscene_MVUCSQAKTKJ5EAABAAAAAAA8_usd_grscene_frontier_000000,voxroom,milestone_090,coverage_milestone,0.9000603864734299,0.9,False,479,0.9793684906596131,0.9223297645189222,0.9499937299806057,0.5774481031043548,97.93684906596131,92.23297645189223,94.99937299806057,57.74481031043548,6,5,17538,1,0,/media/echo/data/voxroom_roomseg_evaluation/grscene_union_fixed0p5_batch32_full7000_20260815_0015/grscene/kujiale_grscene_MVUCSQAKTKJ5EAABAAAAAAA8_usd/attempt_01/roomseg_coverage_eval/events/milestone_090/voxroom/roomseg_snapshots/roomseg_milestone_090_step_000479.npz,/media/echo/data/voxroom_roomseg_evaluation/grscene_all_available_gt_20260817/metrics_pr_f1_miou_excluding_training_grscenes_20260818_192125/match_visualizations/voxroom/kujiale_grscene_MVUCSQAKTKJ5EAABAAAAAAA8_usd__kujiale_grscene_MVUCSQAKTKJ5EAABAAAAAAA8_usd__attempt_01__kujiale_grscene_MVUCSQAKTKJ5EAABAAAAAAA8_usd_grscene_frontier_000000/milestone_090.pred_gt_match.png
grscene,kujiale_grscene_MVUCSQAKTKJ5EAABAAAAAAA8_usd,kujiale_grscene_MVUCSQAKTKJ5EAABAAAAAAA8_usd__kujiale_grscene_MVUCSQAKTKJ5EAABAAAAAAA8_usd__attempt_01__kujiale_grscene_MVUCSQAKTKJ5EAABAAAAAAA8_usd_grscene_frontier_000000,tvars_original,final,terminal_forced,0.9992451690821256,,True,1019,0.9035730500941074,0.9733204591605039,0.9371508097461794,0.76705708844851,90.35730500941074,97.33204591605039,93.71508097461793,76.70570884485099,7,7,19397,0,0,/media/echo/data/voxroom_roomseg_evaluation/grscene_union_fixed0p5_batch32_full7000_20260815_0015/grscene/kujiale_grscene_MVUCSQAKTKJ5EAABAAAAAAA8_usd/attempt_01/roomseg_coverage_eval/events/final/tvars_original/roomseg_snapshots/roomseg_final_step_001019.npz,/media/echo/data/voxroom_roomseg_evaluation/grscene_all_available_gt_20260817/metrics_pr_f1_miou_excluding_training_grscenes_20260818_192125/match_visualizations/tvars_original/kujiale_grscene_MVUCSQAKTKJ5EAABAAAAAAA8_usd__kujiale_grscene_MVUCSQAKTKJ5EAABAAAAAAA8_usd__attempt_01__kujiale_grscene_MVUCSQAKTKJ5EAABAAAAAAA8_usd_grscene_frontier_000000/final.pred_gt_match.png
grscene,kujiale_grscene_MVUCSQAKTKJ5EAABAAAAAAA8_usd,kujiale_grscene_MVUCSQAKTKJ5EAABAAAAAAA8_usd__kujiale_grscene_MVUCSQAKTKJ5EAABAAAAAAA8_usd__attempt_01__kujiale_grscene_MVUCSQAKTKJ5EAABAAAAAAA8_usd_grscene_frontier_000000,voxroom,final,terminal_forced,0.9992451690821256,,True,1019,0.9558871598095644,0.9403844326564732,0.9480724259462576,0.48855693405424566,95.58871598095644,94.03844326564732,94.80724259462576,48.85569340542457,7,5,19397,0,0,/media/echo/data/voxroom_roomseg_evaluation/grscene_union_fixed0p5_batch32_full7000_20260815_0015/grscene/kujiale_grscene_MVUCSQAKTKJ5EAABAAAAAAA8_usd/attempt_01/roomseg_coverage_eval/events/final/voxroom/roomseg_snapshots/roomseg_final_step_001019.npz,/media/echo/data/voxroom_roomseg_evaluation/grscene_all_available_gt_20260817/metrics_pr_f1_miou_excluding_training_grscenes_20260818_192125/match_visualizations/voxroom/kujiale_grscene_MVUCSQAKTKJ5EAABAAAAAAA8_usd__kujiale_grscene_MVUCSQAKTKJ5EAABAAAAAAA8_usd__attempt_01__kujiale_grscene_MVUCSQAKTKJ5EAABAAAAAAA8_usd_grscene_frontier_000000/final.pred_gt_match.png
grscene,kujiale_grscene_MVUCSQAKTKJ5EAABAAAAAAI8_usd,kujiale_grscene_MVUCSQAKTKJ5EAABAAAAAAI8_usd__kujiale_grscene_MVUCSQAKTKJ5EAABAAAAAAI8_usd__attempt_01__kujiale_grscene_MVUCSQAKTKJ5EAABAAAAAAI8_usd_grscene_frontier_000000,tvars_original,milestone_020,coverage_milestone,0.3233903647005853,0.2,False,0,1.0,0.9949006506066468,0.9974438078448656,0.9949006506066468,100.0,99.49006506066468,99.74438078448657,99.49006506066468,1,1,5687,0,0,/media/echo/data/voxroom_roomseg_evaluation/grscene_union_fixed0p5_batch32_full7000_20260815_0015/grscene/kujiale_grscene_MVUCSQAKTKJ5EAABAAAAAAI8_usd/attempt_01/roomseg_coverage_eval/events/milestone_020/tvars_original/roomseg_snapshots/roomseg_milestone_020_step_000000.npz,/media/echo/data/voxroom_roomseg_evaluation/grscene_all_available_gt_20260817/metrics_pr_f1_miou_excluding_training_grscenes_20260818_192125/match_visualizations/tvars_original/kujiale_grscene_MVUCSQAKTKJ5EAABAAAAAAI8_usd__kujiale_grscene_MVUCSQAKTKJ5EAABAAAAAAI8_usd__attempt_01__kujiale_grscene_MVUCSQAKTKJ5EAABAAAAAAI8_usd_grscene_frontier_000000/milestone_020.pred_gt_match.png
grscene,kujiale_grscene_MVUCSQAKTKJ5EAABAAAAAAI8_usd,kujiale_grscene_MVUCSQAKTKJ5EAABAAAAAAI8_usd__kujiale_grscene_MVUCSQAKTKJ5EAABAAAAAAI8_usd__attempt_01__kujiale_grscene_MVUCSQAKTKJ5EAABAAAAAAI8_usd_grscene_frontier_000000,voxroom,milestone_020,coverage_milestone,0.3233903647005853,0.2,False,0,1.0,0.9687005451028662,0.9841014648088604,0.9687005451028662,100.0,96.87005451028662,98.41014648088604,96.87005451028662,1,1,5687,0,0,/media/echo/data/voxroom_roomseg_evaluation/grscene_union_fixed0p5_batch32_full7000_20260815_0015/grscene/kujiale_grscene_MVUCSQAKTKJ5EAABAAAAAAI8_usd/attempt_01/roomseg_coverage_eval/events/milestone_020/voxroom/roomseg_snapshots/roomseg_milestone_020_step_000000.npz,/media/echo/data/voxroom_roomseg_evaluation/grscene_all_available_gt_20260817/metrics_pr_f1_miou_excluding_training_grscenes_20260818_192125/match_visualizations/voxroom/kujiale_grscene_MVUCSQAKTKJ5EAABAAAAAAI8_usd__kujiale_grscene_MVUCSQAKTKJ5EAABAAAAAAI8_usd__attempt_01__kujiale_grscene_MVUCSQAKTKJ5EAABAAAAAAI8_usd_grscene_frontier_000000/milestone_020.pred_gt_match.png
grscene,kujiale_grscene_MVUCSQAKTKJ5EAABAAAAAAI8_usd,kujiale_grscene_MVUCSQAKTKJ5EAABAAAAAAI8_usd__kujiale_grscene_MVUCSQAKTKJ5EAABAAAAAAI8_usd__attempt_01__kujiale_grscene_MVUCSQAKTKJ5EAABAAAAAAI8_usd_grscene_frontier_000000,tvars_original,milestone_040,coverage_milestone,0.40291535344439444,0.4,False,10,1.0,0.9959154929577465,0.9979535671441677,0.9959154929577465,100.0,99.59154929577466,99.79535671441677,99.59154929577466,1,1,7100,0,0,/media/echo/data/voxroom_roomseg_evaluation/grscene_union_fixed0p5_batch32_full7000_20260815_0015/grscene/kujiale_grscene_MVUCSQAKTKJ5EAABAAAAAAI8_usd/attempt_01/roomseg_coverage_eval/events/milestone_040/tvars_original/roomseg_snapshots/roomseg_milestone_040_step_000010.npz,/media/echo/data/voxroom_roomseg_evaluation/grscene_all_available_gt_20260817/metrics_pr_f1_miou_excluding_training_grscenes_20260818_192125/match_visualizations/tvars_original/kujiale_grscene_MVUCSQAKTKJ5EAABAAAAAAI8_usd__kujiale_grscene_MVUCSQAKTKJ5EAABAAAAAAI8_usd__attempt_01__kujiale_grscene_MVUCSQAKTKJ5EAABAAAAAAI8_usd_grscene_frontier_000000/milestone_040.pred_gt_match.png
grscene,kujiale_grscene_MVUCSQAKTKJ5EAABAAAAAAI8_usd,kujiale_grscene_MVUCSQAKTKJ5EAABAAAAAAI8_usd__kujiale_grscene_MVUCSQAKTKJ5EAABAAAAAAI8_usd__attempt_01__kujiale_grscene_MVUCSQAKTKJ5EAABAAAAAAI8_usd_grscene_frontier_000000,voxroom,milestone_040,coverage_milestone,0.40291535344439444,0.4,False,10,1.0,0.9714084507042253,0.9854968921911839,0.9714084507042253,100.0,97.14084507042253,98.54968921911839,97.14084507042253,1,1,7100,0,0,/media/echo/data/voxroom_roomseg_evaluation/grscene_union_fixed0p5_batch32_full7000_20260815_0015/grscene/kujiale_grscene_MVUCSQAKTKJ5EAABAAAAAAI8_usd/attempt_01/roomseg_coverage_eval/events/milestone_040/voxroom/roomseg_snapshots/roomseg_milestone_040_step_000010.npz,/media/echo/data/voxroom_roomseg_evaluation/grscene_all_available_gt_20260817/metrics_pr_f1_miou_excluding_training_grscenes_20260818_192125/match_visualizations/voxroom/kujiale_grscene_MVUCSQAKTKJ5EAABAAAAAAI8_usd__kujiale_grscene_MVUCSQAKTKJ5EAABAAAAAAI8_usd__attempt_01__kujiale_grscene_MVUCSQAKTKJ5EAABAAAAAAI8_usd_grscene_frontier_000000/milestone_040.pred_gt_match.png
grscene,kujiale_grscene_MVUCSQAKTKJ5EAABAAAAAAI8_usd,kujiale_grscene_MVUCSQAKTKJ5EAABAAAAAAI8_usd__kujiale_grscene_MVUCSQAKTKJ5EAABAAAAAAI8_usd__attempt_01__kujiale_grscene_MVUCSQAKTKJ5EAABAAAAAAI8_usd_grscene_frontier_000000,tvars_original,milestone_060,coverage_milestone,0.6068775326429536,0.6,False,90,0.9694206922337346,0.9965623023901203,0.9828041439614927,0.6443896436376375,96.94206922337347,99.65623023901203,98.28041439614927,64.43896436376374,3,2,10491,3,0,/media/echo/data/voxroom_roomseg_evaluation/grscene_union_fixed0p5_batch32_full7000_20260815_0015/grscene/kujiale_grscene_MVUCSQAKTKJ5EAABAAAAAAI8_usd/attempt_01/roomseg_coverage_eval/events/milestone_060/tvars_original/roomseg_snapshots/roomseg_milestone_060_step_000090.npz,/media/echo/data/voxroom_roomseg_evaluation/grscene_all_available_gt_20260817/metrics_pr_f1_miou_excluding_training_grscenes_20260818_192125/match_visualizations/tvars_original/kujiale_grscene_MVUCSQAKTKJ5EAABAAAAAAI8_usd__kujiale_grscene_MVUCSQAKTKJ5EAABAAAAAAI8_usd__attempt_01__kujiale_grscene_MVUCSQAKTKJ5EAABAAAAAAI8_usd_grscene_frontier_000000/milestone_060.pred_gt_match.png
grscene,kujiale_grscene_MVUCSQAKTKJ5EAABAAAAAAI8_usd,kujiale_grscene_MVUCSQAKTKJ5EAABAAAAAAI8_usd__kujiale_grscene_MVUCSQAKTKJ5EAABAAAAAAI8_usd__attempt_01__kujiale_grscene_MVUCSQAKTKJ5EAABAAAAAAI8_usd_grscene_frontier_000000,voxroom,milestone_060,coverage_milestone,0.6068775326429536,0.6,False,90,0.9898105552504673,0.9804352511829011,0.9851005972876291,0.9705568948029178,98.98105552504674,98.0435251182901,98.51005972876291,97.05568948029179,3,3,10491,3,0,/media/echo/data/voxroom_roomseg_evaluation/grscene_union_fixed0p5_batch32_full7000_20260815_0015/grscene/kujiale_grscene_MVUCSQAKTKJ5EAABAAAAAAI8_usd/attempt_01/roomseg_coverage_eval/events/milestone_060/voxroom/roomseg_snapshots/roomseg_milestone_060_step_000090.npz,/media/echo/data/voxroom_roomseg_evaluation/grscene_all_available_gt_20260817/metrics_pr_f1_miou_excluding_training_grscenes_20260818_192125/match_visualizations/voxroom/kujiale_grscene_MVUCSQAKTKJ5EAABAAAAAAI8_usd__kujiale_grscene_MVUCSQAKTKJ5EAABAAAAAAI8_usd__attempt_01__kujiale_grscene_MVUCSQAKTKJ5EAABAAAAAAI8_usd_grscene_frontier_000000/milestone_060.pred_gt_match.png
grscene,kujiale_grscene_MVUCSQAKTKJ5EAABAAAAAAI8_usd,kujiale_grscene_MVUCSQAKTKJ5EAABAAAAAAI8_usd__kujiale_grscene_MVUCSQAKTKJ5EAABAAAAAAI8_usd__attempt_01__kujiale_grscene_MVUCSQAKTKJ5EAABAAAAAAI8_usd_grscene_frontier_000000,tvars_original,milestone_070,coverage_milestone,0.7189891940567312,0.7,False,158,0.9514716122669334,0.988431778755559,0.9695996022283568,0.751991965881922,95.14716122669334,98.8431778755559,96.95996022283569,75.1991965881922,5,4,12386,2,0,/media/echo/data/voxroom_roomseg_evaluation/grscene_union_fixed0p5_batch32_full7000_20260815_0015/grscene/kujiale_grscene_MVUCSQAKTKJ5EAABAAAAAAI8_usd/attempt_01/roomseg_coverage_eval/events/milestone_070/tvars_original/roomseg_snapshots/roomseg_milestone_070_step_000158.npz,/media/echo/data/voxroom_roomseg_evaluation/grscene_all_available_gt_20260817/metrics_pr_f1_miou_excluding_training_grscenes_20260818_192125/match_visualizations/tvars_original/kujiale_grscene_MVUCSQAKTKJ5EAABAAAAAAI8_usd__kujiale_grscene_MVUCSQAKTKJ5EAABAAAAAAI8_usd__attempt_01__kujiale_grscene_MVUCSQAKTKJ5EAABAAAAAAI8_usd_grscene_frontier_000000/milestone_070.pred_gt_match.png
grscene,kujiale_grscene_MVUCSQAKTKJ5EAABAAAAAAI8_usd,kujiale_grscene_MVUCSQAKTKJ5EAABAAAAAAI8_usd__kujiale_grscene_MVUCSQAKTKJ5EAABAAAAAAI8_usd__attempt_01__kujiale_grscene_MVUCSQAKTKJ5EAABAAAAAAI8_usd_grscene_frontier_000000,voxroom,milestone_070,coverage_milestone,0.7189891940567312,0.7,False,158,0.9831077337893358,0.9795664749748582,0.9813339096302796,0.7689470723685427,98.31077337893358,97.95664749748582,98.13339096302795,76.89470723685426,5,4,12386,2,0,/media/echo/data/voxroom_roomseg_evaluation/grscene_union_fixed0p5_batch32_full7000_20260815_0015/grscene/kujiale_grscene_MVUCSQAKTKJ5EAABAAAAAAI8_usd/attempt_01/roomseg_coverage_eval/events/milestone_070/voxroom/roomseg_snapshots/roomseg_milestone_070_step_000158.npz,/media/echo/data/voxroom_roomseg_evaluation/grscene_all_available_gt_20260817/metrics_pr_f1_miou_excluding_training_grscenes_20260818_192125/match_visualizations/voxroom/kujiale_grscene_MVUCSQAKTKJ5EAABAAAAAAI8_usd__kujiale_grscene_MVUCSQAKTKJ5EAABAAAAAAI8_usd__attempt_01__kujiale_grscene_MVUCSQAKTKJ5EAABAAAAAAI8_usd_grscene_frontier_000000/milestone_070.pred_gt_match.png
grscene,kujiale_grscene_MVUCSQAKTKJ5EAABAAAAAAI8_usd,kujiale_grscene_MVUCSQAKTKJ5EAABAAAAAAI8_usd__kujiale_grscene_MVUCSQAKTKJ5EAABAAAAAAI8_usd__attempt_01__kujiale_grscene_MVUCSQAKTKJ5EAABAAAAAAI8_usd_grscene_frontier_000000,tvars_original,milestone_080,coverage_milestone,0.800146330481765,0.8,False,228,0.9454969007989236,0.9808283622754255,0.9628386176766925,0.9270084654636133,94.54969007989236,98.08283622754254,96.28386176766925,92.70084654636133,5,5,13761,2,1,/media/echo/data/voxroom_roomseg_evaluation/grscene_union_fixed0p5_batch32_full7000_20260815_0015/grscene/kujiale_grscene_MVUCSQAKTKJ5EAABAAAAAAI8_usd/attempt_01/roomseg_coverage_eval/events/milestone_080/tvars_original/roomseg_snapshots/roomseg_milestone_080_step_000228.npz,/media/echo/data/voxroom_roomseg_evaluation/grscene_all_available_gt_20260817/metrics_pr_f1_miou_excluding_training_grscenes_20260818_192125/match_visualizations/tvars_original/kujiale_grscene_MVUCSQAKTKJ5EAABAAAAAAI8_usd__kujiale_grscene_MVUCSQAKTKJ5EAABAAAAAAI8_usd__attempt_01__kujiale_grscene_MVUCSQAKTKJ5EAABAAAAAAI8_usd_grscene_frontier_000000/milestone_080.pred_gt_match.png
grscene,kujiale_grscene_MVUCSQAKTKJ5EAABAAAAAAI8_usd,kujiale_grscene_MVUCSQAKTKJ5EAABAAAAAAI8_usd__kujiale_grscene_MVUCSQAKTKJ5EAABAAAAAAI8_usd__attempt_01__kujiale_grscene_MVUCSQAKTKJ5EAABAAAAAAI8_usd_grscene_frontier_000000,voxroom,milestone_080,coverage_milestone,0.800146330481765,0.8,False,228,0.980234684740271,0.9284539333716936,0.9536419298971055,0.7663892406385507,98.0234684740271,92.84539333716936,95.36419298971055,76.63892406385507,5,4,13761,2,1,/media/echo/data/voxroom_roomseg_evaluation/grscene_union_fixed0p5_batch32_full7000_20260815_0015/grscene/kujiale_grscene_MVUCSQAKTKJ5EAABAAAAAAI8_usd/attempt_01/roomseg_coverage_eval/events/milestone_080/voxroom/roomseg_snapshots/roomseg_milestone_080_step_000228.npz,/media/echo/data/voxroom_roomseg_evaluation/grscene_all_available_gt_20260817/metrics_pr_f1_miou_excluding_training_grscenes_20260818_192125/match_visualizations/voxroom/kujiale_grscene_MVUCSQAKTKJ5EAABAAAAAAI8_usd__kujiale_grscene_MVUCSQAKTKJ5EAABAAAAAAI8_usd__attempt_01__kujiale_grscene_MVUCSQAKTKJ5EAABAAAAAAI8_usd_grscene_frontier_000000/milestone_080.pred_gt_match.png
grscene,kujiale_grscene_MVUCSQAKTKJ5EAABAAAAAAI8_usd,kujiale_grscene_MVUCSQAKTKJ5EAABAAAAAAI8_usd__kujiale_grscene_MVUCSQAKTKJ5EAABAAAAAAI8_usd__attempt_01__kujiale_grscene_MVUCSQAKTKJ5EAABAAAAAAI8_usd_grscene_frontier_000000,tvars_original,final,terminal_forced,0.8676834759117514,,True,626,0.9320117098931108,0.9605214572026826,0.9460518434033678,0.7614129599309502,93.20117098931108,96.05214572026826,94.60518434033678,76.14129599309501,7,7,15137,0,0,/media/echo/data/voxroom_roomseg_evaluation/grscene_union_fixed0p5_batch32_full7000_20260815_0015/grscene/kujiale_grscene_MVUCSQAKTKJ5EAABAAAAAAI8_usd/attempt_01/roomseg_coverage_eval/events/final/tvars_original/roomseg_snapshots/roomseg_final_step_000626.npz,/media/echo/data/voxroom_roomseg_evaluation/grscene_all_available_gt_20260817/metrics_pr_f1_miou_excluding_training_grscenes_20260818_192125/match_visualizations/tvars_original/kujiale_grscene_MVUCSQAKTKJ5EAABAAAAAAI8_usd__kujiale_grscene_MVUCSQAKTKJ5EAABAAAAAAI8_usd__attempt_01__kujiale_grscene_MVUCSQAKTKJ5EAABAAAAAAI8_usd_grscene_frontier_000000/final.pred_gt_match.png
grscene,kujiale_grscene_MVUCSQAKTKJ5EAABAAAAAAI8_usd,kujiale_grscene_MVUCSQAKTKJ5EAABAAAAAAI8_usd__kujiale_grscene_MVUCSQAKTKJ5EAABAAAAAAI8_usd__attempt_01__kujiale_grscene_MVUCSQAKTKJ5EAABAAAAAAI8_usd_grscene_frontier_000000,voxroom,final,terminal_forced,0.8676834759117514,,True,626,0.9895244544021614,0.9057188779531006,0.9457687709519739,0.895607669755437,98.95244544021614,90.57188779531006,94.57687709519739,89.5607669755437,7,7,15137,0,0,/media/echo/data/voxroom_roomseg_evaluation/grscene_union_fixed0p5_batch32_full7000_20260815_0015/grscene/kujiale_grscene_MVUCSQAKTKJ5EAABAAAAAAI8_usd/attempt_01/roomseg_coverage_eval/events/final/voxroom/roomseg_snapshots/roomseg_final_step_000626.npz,/media/echo/data/voxroom_roomseg_evaluation/grscene_all_available_gt_20260817/metrics_pr_f1_miou_excluding_training_grscenes_20260818_192125/match_visualizations/voxroom/kujiale_grscene_MVUCSQAKTKJ5EAABAAAAAAI8_usd__kujiale_grscene_MVUCSQAKTKJ5EAABAAAAAAI8_usd__attempt_01__kujiale_grscene_MVUCSQAKTKJ5EAABAAAAAAI8_usd_grscene_frontier_000000/final.pred_gt_match.png
grscene,kujiale_grscene_MVUCSQAKTKJ5EAABAAAAAAQ8_usd,kujiale_grscene_MVUCSQAKTKJ5EAABAAAAAAQ8_usd__kujiale_grscene_MVUCSQAKTKJ5EAABAAAAAAQ8_usd__attempt_01__kujiale_grscene_MVUCSQAKTKJ5EAABAAAAAAQ8_usd_grscene_frontier_000000,tvars_original,milestone_020,coverage_milestone,0.39307111226882,0.2,False,0,1.0,0.9910134797803295,0.9954864593781344,0.9910134797803295,100.0,99.10134797803295,99.54864593781345,99.10134797803295,1,1,6009,0,0,/media/echo/data/voxroom_roomseg_evaluation/grscene_union_fixed0p5_batch32_full7000_20260815_0015/grscene/kujiale_grscene_MVUCSQAKTKJ5EAABAAAAAAQ8_usd/attempt_01/roomseg_coverage_eval/events/milestone_020/tvars_original/roomseg_snapshots/roomseg_milestone_020_step_000000.npz,/media/echo/data/voxroom_roomseg_evaluation/grscene_all_available_gt_20260817/metrics_pr_f1_miou_excluding_training_grscenes_20260818_192125/match_visualizations/tvars_original/kujiale_grscene_MVUCSQAKTKJ5EAABAAAAAAQ8_usd__kujiale_grscene_MVUCSQAKTKJ5EAABAAAAAAQ8_usd__attempt_01__kujiale_grscene_MVUCSQAKTKJ5EAABAAAAAAQ8_usd_grscene_frontier_000000/milestone_020.pred_gt_match.png
grscene,kujiale_grscene_MVUCSQAKTKJ5EAABAAAAAAQ8_usd,kujiale_grscene_MVUCSQAKTKJ5EAABAAAAAAQ8_usd__kujiale_grscene_MVUCSQAKTKJ5EAABAAAAAAQ8_usd__attempt_01__kujiale_grscene_MVUCSQAKTKJ5EAABAAAAAAQ8_usd_grscene_frontier_000000,voxroom,milestone_020,coverage_milestone,0.39307111226882,0.2,False,0,1.0,0.9910134797803295,0.9954864593781344,0.9910134797803295,100.0,99.10134797803295,99.54864593781345,99.10134797803295,1,1,6009,0,0,/media/echo/data/voxroom_roomseg_evaluation/grscene_union_fixed0p5_batch32_full7000_20260815_0015/grscene/kujiale_grscene_MVUCSQAKTKJ5EAABAAAAAAQ8_usd/attempt_01/roomseg_coverage_eval/events/milestone_020/voxroom/roomseg_snapshots/roomseg_milestone_020_step_000000.npz,/media/echo/data/voxroom_roomseg_evaluation/grscene_all_available_gt_20260817/metrics_pr_f1_miou_excluding_training_grscenes_20260818_192125/match_visualizations/voxroom/kujiale_grscene_MVUCSQAKTKJ5EAABAAAAAAQ8_usd__kujiale_grscene_MVUCSQAKTKJ5EAABAAAAAAQ8_usd__attempt_01__kujiale_grscene_MVUCSQAKTKJ5EAABAAAAAAQ8_usd_grscene_frontier_000000/milestone_020.pred_gt_match.png
grscene,kujiale_grscene_MVUCSQAKTKJ5EAABAAAAAAQ8_usd,kujiale_grscene_MVUCSQAKTKJ5EAABAAAAAAQ8_usd__kujiale_grscene_MVUCSQAKTKJ5EAABAAAAAAQ8_usd__attempt_01__kujiale_grscene_MVUCSQAKTKJ5EAABAAAAAAQ8_usd_grscene_frontier_000000,tvars_original,milestone_040,coverage_milestone,0.41234696535556137,0.4,False,2,1.0,0.9912767644726408,0.9956192751891677,0.9912767644726408,100.0,99.12767644726408,99.56192751891678,99.12767644726408,1,1,6305,0,0,/media/echo/data/voxroom_roomseg_evaluation/grscene_union_fixed0p5_batch32_full7000_20260815_0015/grscene/kujiale_grscene_MVUCSQAKTKJ5EAABAAAAAAQ8_usd/attempt_01/roomseg_coverage_eval/events/milestone_040/tvars_original/roomseg_snapshots/roomseg_milestone_040_step_000002.npz,/media/echo/data/voxroom_roomseg_evaluation/grscene_all_available_gt_20260817/metrics_pr_f1_miou_excluding_training_grscenes_20260818_192125/match_visualizations/tvars_original/kujiale_grscene_MVUCSQAKTKJ5EAABAAAAAAQ8_usd__kujiale_grscene_MVUCSQAKTKJ5EAABAAAAAAQ8_usd__attempt_01__kujiale_grscene_MVUCSQAKTKJ5EAABAAAAAAQ8_usd_grscene_frontier_000000/milestone_040.pred_gt_match.png
grscene,kujiale_grscene_MVUCSQAKTKJ5EAABAAAAAAQ8_usd,kujiale_grscene_MVUCSQAKTKJ5EAABAAAAAAQ8_usd__kujiale_grscene_MVUCSQAKTKJ5EAABAAAAAAQ8_usd__attempt_01__kujiale_grscene_MVUCSQAKTKJ5EAABAAAAAAQ8_usd_grscene_frontier_000000,voxroom,milestone_040,coverage_milestone,0.41234696535556137,0.4,False,2,1.0,0.9912767644726408,0.9956192751891677,0.9912767644726408,100.0,99.12767644726408,99.56192751891678,99.12767644726408,1,1,6305,0,0,/media/echo/data/voxroom_roomseg_evaluation/grscene_union_fixed0p5_batch32_full7000_20260815_0015/grscene/kujiale_grscene_MVUCSQAKTKJ5EAABAAAAAAQ8_usd/attempt_01/roomseg_coverage_eval/events/milestone_040/voxroom/roomseg_snapshots/roomseg_milestone_040_step_000002.npz,/media/echo/data/voxroom_roomseg_evaluation/grscene_all_available_gt_20260817/metrics_pr_f1_miou_excluding_training_grscenes_20260818_192125/match_visualizations/voxroom/kujiale_grscene_MVUCSQAKTKJ5EAABAAAAAAQ8_usd__kujiale_grscene_MVUCSQAKTKJ5EAABAAAAAAQ8_usd__attempt_01__kujiale_grscene_MVUCSQAKTKJ5EAABAAAAAAQ8_usd_grscene_frontier_000000/milestone_040.pred_gt_match.png
grscene,kujiale_grscene_MVUCSQAKTKJ5EAABAAAAAAQ8_usd,kujiale_grscene_MVUCSQAKTKJ5EAABAAAAAAQ8_usd__kujiale_grscene_MVUCSQAKTKJ5EAABAAAAAAQ8_usd__attempt_01__kujiale_grscene_MVUCSQAKTKJ5EAABAAAAAAQ8_usd_grscene_frontier_000000,tvars_original,milestone_060,coverage_milestone,0.6030867413388903,0.6,False,56,0.9398277597584163,0.9882507796520535,0.9634312060792748,0.4660048802129547,93.98277597584162,98.82507796520535,96.34312060792747,46.60048802129547,2,1,9024,2,0,/media/echo/data/voxroom_roomseg_evaluation/grscene_union_fixed0p5_batch32_full7000_20260815_0015/grscene/kujiale_grscene_MVUCSQAKTKJ5EAABAAAAAAQ8_usd/attempt_01/roomseg_coverage_eval/events/milestone_060/tvars_original/roomseg_snapshots/roomseg_milestone_060_step_000056.npz,/media/echo/data/voxroom_roomseg_evaluation/grscene_all_available_gt_20260817/metrics_pr_f1_miou_excluding_training_grscenes_20260818_192125/match_visualizations/tvars_original/kujiale_grscene_MVUCSQAKTKJ5EAABAAAAAAQ8_usd__kujiale_grscene_MVUCSQAKTKJ5EAABAAAAAAQ8_usd__attempt_01__kujiale_grscene_MVUCSQAKTKJ5EAABAAAAAAQ8_usd_grscene_frontier_000000/milestone_060.pred_gt_match.png
grscene,kujiale_grscene_MVUCSQAKTKJ5EAABAAAAAAQ8_usd,kujiale_grscene_MVUCSQAKTKJ5EAABAAAAAAQ8_usd__kujiale_grscene_MVUCSQAKTKJ5EAABAAAAAAQ8_usd__attempt_01__kujiale_grscene_MVUCSQAKTKJ5EAABAAAAAAQ8_usd_grscene_frontier_000000,voxroom,milestone_060,coverage_milestone,0.6030867413388903,0.6,False,56,0.9864376130198915,0.9799941153444338,0.9832053073289307,0.9668210139360383,98.64376130198916,97.99941153444338,98.32053073289308,96.68210139360383,2,2,9024,2,2,/media/echo/data/voxroom_roomseg_evaluation/grscene_union_fixed0p5_batch32_full7000_20260815_0015/grscene/kujiale_grscene_MVUCSQAKTKJ5EAABAAAAAAQ8_usd/attempt_01/roomseg_coverage_eval/events/milestone_060/voxroom/roomseg_snapshots/roomseg_milestone_060_step_000056.npz,/media/echo/data/voxroom_roomseg_evaluation/grscene_all_available_gt_20260817/metrics_pr_f1_miou_excluding_training_grscenes_20260818_192125/match_visualizations/voxroom/kujiale_grscene_MVUCSQAKTKJ5EAABAAAAAAQ8_usd__kujiale_grscene_MVUCSQAKTKJ5EAABAAAAAAQ8_usd__attempt_01__kujiale_grscene_MVUCSQAKTKJ5EAABAAAAAAQ8_usd_grscene_frontier_000000/milestone_060.pred_gt_match.png
grscene,kujiale_grscene_MVUCSQAKTKJ5EAABAAAAAAQ8_usd,kujiale_grscene_MVUCSQAKTKJ5EAABAAAAAAQ8_usd__kujiale_grscene_MVUCSQAKTKJ5EAABAAAAAAQ8_usd__attempt_01__kujiale_grscene_MVUCSQAKTKJ5EAABAAAAAAQ8_usd_grscene_frontier_000000,tvars_original,milestone_070,coverage_milestone,0.7001172180255275,0.7,False,78,0.8041168022977501,0.9845433425199962,0.885230038366384,0.2659510465153098,80.411680229775,98.45433425199963,88.52300383663841,26.59510465153098,3,1,10569,1,0,/media/echo/data/voxroom_roomseg_evaluation/grscene_union_fixed0p5_batch32_full7000_20260815_0015/grscene/kujiale_grscene_MVUCSQAKTKJ5EAABAAAAAAQ8_usd/attempt_01/roomseg_coverage_eval/events/milestone_070/tvars_original/roomseg_snapshots/roomseg_milestone_070_step_000078.npz,/media/echo/data/voxroom_roomseg_evaluation/grscene_all_available_gt_20260817/metrics_pr_f1_miou_excluding_training_grscenes_20260818_192125/match_visualizations/tvars_original/kujiale_grscene_MVUCSQAKTKJ5EAABAAAAAAQ8_usd__kujiale_grscene_MVUCSQAKTKJ5EAABAAAAAAQ8_usd__attempt_01__kujiale_grscene_MVUCSQAKTKJ5EAABAAAAAAQ8_usd_grscene_frontier_000000/milestone_070.pred_gt_match.png
grscene,kujiale_grscene_MVUCSQAKTKJ5EAABAAAAAAQ8_usd,kujiale_grscene_MVUCSQAKTKJ5EAABAAAAAAQ8_usd__kujiale_grscene_MVUCSQAKTKJ5EAABAAAAAAQ8_usd__attempt_01__kujiale_grscene_MVUCSQAKTKJ5EAABAAAAAAQ8_usd_grscene_frontier_000000,voxroom,milestone_070,coverage_milestone,0.7001172180255275,0.7,False,78,0.987675414589317,0.9790015432038778,0.9833193511886856,0.9670789787666839,98.7675414589317,97.90015432038778,98.33193511886856,96.7078978766684,3,3,10569,1,0,/media/echo/data/voxroom_roomseg_evaluation/grscene_union_fixed0p5_batch32_full7000_20260815_0015/grscene/kujiale_grscene_MVUCSQAKTKJ5EAABAAAAAAQ8_usd/attempt_01/roomseg_coverage_eval/events/milestone_070/voxroom/roomseg_snapshots/roomseg_milestone_070_step_000078.npz,/media/echo/data/voxroom_roomseg_evaluation/grscene_all_available_gt_20260817/metrics_pr_f1_miou_excluding_training_grscenes_20260818_192125/match_visualizations/voxroom/kujiale_grscene_MVUCSQAKTKJ5EAABAAAAAAQ8_usd__kujiale_grscene_MVUCSQAKTKJ5EAABAAAAAAQ8_usd__attempt_01__kujiale_grscene_MVUCSQAKTKJ5EAABAAAAAAQ8_usd_grscene_frontier_000000/milestone_070.pred_gt_match.png
grscene,kujiale_grscene_MVUCSQAKTKJ5EAABAAAAAAQ8_usd,kujiale_grscene_MVUCSQAKTKJ5EAABAAAAAAQ8_usd__kujiale_grscene_MVUCSQAKTKJ5EAABAAAAAAQ8_usd__attempt_01__kujiale_grscene_MVUCSQAKTKJ5EAABAAAAAAQ8_usd_grscene_frontier_000000,tvars_original,milestone_080,coverage_milestone,0.8002735087262308,0.8,False,246,0.9639158257817583,0.9892222717089159,0.9764051032961424,0.716618739141797,96.39158257817583,98.92222717089159,97.64051032961424,71.6618739141797,4,3,12150,0,1,/media/echo/data/voxroom_roomseg_evaluation/grscene_union_fixed0p5_batch32_full7000_20260815_0015/grscene/kujiale_grscene_MVUCSQAKTKJ5EAABAAAAAAQ8_usd/attempt_01/roomseg_coverage_eval/events/milestone_080/tvars_original/roomseg_snapshots/roomseg_milestone_080_step_000246.npz,/media/echo/data/voxroom_roomseg_evaluation/grscene_all_available_gt_20260817/metrics_pr_f1_miou_excluding_training_grscenes_20260818_192125/match_visualizations/tvars_original/kujiale_grscene_MVUCSQAKTKJ5EAABAAAAAAQ8_usd__kujiale_grscene_MVUCSQAKTKJ5EAABAAAAAAQ8_usd__attempt_01__kujiale_grscene_MVUCSQAKTKJ5EAABAAAAAAQ8_usd_grscene_frontier_000000/milestone_080.pred_gt_match.png
grscene,kujiale_grscene_MVUCSQAKTKJ5EAABAAAAAAQ8_usd,kujiale_grscene_MVUCSQAKTKJ5EAABAAAAAAQ8_usd__kujiale_grscene_MVUCSQAKTKJ5EAABAAAAAAQ8_usd__attempt_01__kujiale_grscene_MVUCSQAKTKJ5EAABAAAAAAQ8_usd_grscene_frontier_000000,voxroom,milestone_080,coverage_milestone,0.8002735087262308,0.8,False,246,0.9028617843531881,0.9601780282061171,0.930638241865596,0.6139229973483974,90.2861784353188,96.0178028206117,93.0638241865596,61.39229973483974,4,4,12150,0,1,/media/echo/data/voxroom_roomseg_evaluation/grscene_union_fixed0p5_batch32_full7000_20260815_0015/grscene/kujiale_grscene_MVUCSQAKTKJ5EAABAAAAAAQ8_usd/attempt_01/roomseg_coverage_eval/events/milestone_080/voxroom/roomseg_snapshots/roomseg_milestone_080_step_000246.npz,/media/echo/data/voxroom_roomseg_evaluation/grscene_all_available_gt_20260817/metrics_pr_f1_miou_excluding_training_grscenes_20260818_192125/match_visualizations/voxroom/kujiale_grscene_MVUCSQAKTKJ5EAABAAAAAAQ8_usd__kujiale_grscene_MVUCSQAKTKJ5EAABAAAAAAQ8_usd__attempt_01__kujiale_grscene_MVUCSQAKTKJ5EAABAAAAAAQ8_usd_grscene_frontier_000000/milestone_080.pred_gt_match.png
grscene,kujiale_grscene_MVUCSQAKTKJ5EAABAAAAAAQ8_usd,kujiale_grscene_MVUCSQAKTKJ5EAABAAAAAAQ8_usd__kujiale_grscene_MVUCSQAKTKJ5EAABAAAAAAQ8_usd__attempt_01__kujiale_grscene_MVUCSQAKTKJ5EAABAAAAAAQ8_usd_grscene_frontier_000000,tvars_original,final,terminal_forced,0.8880567856212556,,True,500,0.9626115323916377,0.9963983528580831,0.9792135839018067,0.7186656161582208,96.26115323916376,99.6398352858083,97.92135839018067,71.86656161582208,4,3,13394,1,1,/media/echo/data/voxroom_roomseg_evaluation/grscene_union_fixed0p5_batch32_full7000_20260815_0015/grscene/kujiale_grscene_MVUCSQAKTKJ5EAABAAAAAAQ8_usd/attempt_01/roomseg_coverage_eval/events/final/tvars_original/roomseg_snapshots/roomseg_final_step_000500.npz,/media/echo/data/voxroom_roomseg_evaluation/grscene_all_available_gt_20260817/metrics_pr_f1_miou_excluding_training_grscenes_20260818_192125/match_visualizations/tvars_original/kujiale_grscene_MVUCSQAKTKJ5EAABAAAAAAQ8_usd__kujiale_grscene_MVUCSQAKTKJ5EAABAAAAAAQ8_usd__attempt_01__kujiale_grscene_MVUCSQAKTKJ5EAABAAAAAAQ8_usd_grscene_frontier_000000/final.pred_gt_match.png
grscene,kujiale_grscene_MVUCSQAKTKJ5EAABAAAAAAQ8_usd,kujiale_grscene_MVUCSQAKTKJ5EAABAAAAAAQ8_usd__kujiale_grscene_MVUCSQAKTKJ5EAABAAAAAAQ8_usd__attempt_01__kujiale_grscene_MVUCSQAKTKJ5EAABAAAAAAQ8_usd_grscene_frontier_000000,voxroom,final,terminal_forced,0.8880567856212556,,True,500,0.9034280551041595,0.9499113012626526,0.9260867595274112,0.603339356366812,90.34280551041594,94.99113012626526,92.60867595274111,60.333935636681204,4,4,13394,1,2,/media/echo/data/voxroom_roomseg_evaluation/grscene_union_fixed0p5_batch32_full7000_20260815_0015/grscene/kujiale_grscene_MVUCSQAKTKJ5EAABAAAAAAQ8_usd/attempt_01/roomseg_coverage_eval/events/final/voxroom/roomseg_snapshots/roomseg_final_step_000500.npz,/media/echo/data/voxroom_roomseg_evaluation/grscene_all_available_gt_20260817/metrics_pr_f1_miou_excluding_training_grscenes_20260818_192125/match_visualizations/voxroom/kujiale_grscene_MVUCSQAKTKJ5EAABAAAAAAQ8_usd__kujiale_grscene_MVUCSQAKTKJ5EAABAAAAAAQ8_usd__attempt_01__kujiale_grscene_MVUCSQAKTKJ5EAABAAAAAAQ8_usd_grscene_frontier_000000/final.pred_gt_match.png
grscene,kujiale_grscene_MVUCSQAKTKJ5EAABAAAAAAY8_usd,kujiale_grscene_MVUCSQAKTKJ5EAABAAAAAAY8_usd__kujiale_grscene_MVUCSQAKTKJ5EAABAAAAAAY8_usd__attempt_01__kujiale_grscene_MVUCSQAKTKJ5EAABAAAAAAY8_usd_grscene_frontier_000000,tvars_original,milestone_020,coverage_milestone,0.24914484382885663,0.2,False,0,1.0,0.9853881278538813,0.9926402943882245,0.9853881278538813,100.0,98.53881278538813,99.26402943882245,98.53881278538813,1,1,4380,0,0,/media/echo/data/voxroom_roomseg_evaluation/grscene_union_fixed0p5_batch32_full7000_20260815_0015/grscene/kujiale_grscene_MVUCSQAKTKJ5EAABAAAAAAY8_usd/attempt_01/roomseg_coverage_eval/events/milestone_020/tvars_original/roomseg_snapshots/roomseg_milestone_020_step_000000.npz,/media/echo/data/voxroom_roomseg_evaluation/grscene_all_available_gt_20260817/metrics_pr_f1_miou_excluding_training_grscenes_20260818_192125/match_visualizations/tvars_original/kujiale_grscene_MVUCSQAKTKJ5EAABAAAAAAY8_usd__kujiale_grscene_MVUCSQAKTKJ5EAABAAAAAAY8_usd__attempt_01__kujiale_grscene_MVUCSQAKTKJ5EAABAAAAAAY8_usd_grscene_frontier_000000/milestone_020.pred_gt_match.png
grscene,kujiale_grscene_MVUCSQAKTKJ5EAABAAAAAAY8_usd,kujiale_grscene_MVUCSQAKTKJ5EAABAAAAAAY8_usd__kujiale_grscene_MVUCSQAKTKJ5EAABAAAAAAY8_usd__attempt_01__kujiale_grscene_MVUCSQAKTKJ5EAABAAAAAAY8_usd_grscene_frontier_000000,voxroom,milestone_020,coverage_milestone,0.24914484382885663,0.2,False,0,1.0,0.9853881278538813,0.9926402943882245,0.9853881278538813,100.0,98.53881278538813,99.26402943882245,98.53881278538813,1,1,4380,0,0,/media/echo/data/voxroom_roomseg_evaluation/grscene_union_fixed0p5_batch32_full7000_20260815_0015/grscene/kujiale_grscene_MVUCSQAKTKJ5EAABAAAAAAY8_usd/attempt_01/roomseg_coverage_eval/events/milestone_020/voxroom/roomseg_snapshots/roomseg_milestone_020_step_000000.npz,/media/echo/data/voxroom_roomseg_evaluation/grscene_all_available_gt_20260817/metrics_pr_f1_miou_excluding_training_grscenes_20260818_192125/match_visualizations/voxroom/kujiale_grscene_MVUCSQAKTKJ5EAABAAAAAAY8_usd__kujiale_grscene_MVUCSQAKTKJ5EAABAAAAAAY8_usd__attempt_01__kujiale_grscene_MVUCSQAKTKJ5EAABAAAAAAY8_usd_grscene_frontier_000000/milestone_020.pred_gt_match.png
grscene,kujiale_grscene_MVUCSQAKTKJ5EAABAAAAAAY8_usd,kujiale_grscene_MVUCSQAKTKJ5EAABAAAAAAY8_usd__kujiale_grscene_MVUCSQAKTKJ5EAABAAAAAAY8_usd__attempt_01__kujiale_grscene_MVUCSQAKTKJ5EAABAAAAAAY8_usd_grscene_frontier_000000,tvars_original,milestone_040,coverage_milestone,0.4055402904727191,0.4,False,27,1.0,0.9921798631476051,0.9960745829244357,0.9921798631476051,100.0,99.21798631476051,99.60745829244357,99.21798631476051,1,1,7161,0,0,/media/echo/data/voxroom_roomseg_evaluation/grscene_union_fixed0p5_batch32_full7000_20260815_0015/grscene/kujiale_grscene_MVUCSQAKTKJ5EAABAAAAAAY8_usd/attempt_01/roomseg_coverage_eval/events/milestone_040/tvars_original/roomseg_snapshots/roomseg_milestone_040_step_000027.npz,/media/echo/data/voxroom_roomseg_evaluation/grscene_all_available_gt_20260817/metrics_pr_f1_miou_excluding_training_grscenes_20260818_192125/match_visualizations/tvars_original/kujiale_grscene_MVUCSQAKTKJ5EAABAAAAAAY8_usd__kujiale_grscene_MVUCSQAKTKJ5EAABAAAAAAY8_usd__attempt_01__kujiale_grscene_MVUCSQAKTKJ5EAABAAAAAAY8_usd_grscene_frontier_000000/milestone_040.pred_gt_match.png
grscene,kujiale_grscene_MVUCSQAKTKJ5EAABAAAAAAY8_usd,kujiale_grscene_MVUCSQAKTKJ5EAABAAAAAAY8_usd__kujiale_grscene_MVUCSQAKTKJ5EAABAAAAAAY8_usd__attempt_01__kujiale_grscene_MVUCSQAKTKJ5EAABAAAAAAY8_usd_grscene_frontier_000000,voxroom,milestone_040,coverage_milestone,0.4055402904727191,0.4,False,27,1.0,0.9921798631476051,0.9960745829244357,0.9921798631476051,100.0,99.21798631476051,99.60745829244357,99.21798631476051,1,1,7161,0,0,/media/echo/data/voxroom_roomseg_evaluation/grscene_union_fixed0p5_batch32_full7000_20260815_0015/grscene/kujiale_grscene_MVUCSQAKTKJ5EAABAAAAAAY8_usd/attempt_01/roomseg_coverage_eval/events/milestone_040/voxroom/roomseg_snapshots/roomseg_milestone_040_step_000027.npz,/media/echo/data/voxroom_roomseg_evaluation/grscene_all_available_gt_20260817/metrics_pr_f1_miou_excluding_training_grscenes_20260818_192125/match_visualizations/voxroom/kujiale_grscene_MVUCSQAKTKJ5EAABAAAAAAY8_usd__kujiale_grscene_MVUCSQAKTKJ5EAABAAAAAAY8_usd__attempt_01__kujiale_grscene_MVUCSQAKTKJ5EAABAAAAAAY8_usd_grscene_frontier_000000/milestone_040.pred_gt_match.png
grscene,kujiale_grscene_MVUCSQAKTKJ5EAABAAAAAAY8_usd,kujiale_grscene_MVUCSQAKTKJ5EAABAAAAAAY8_usd__kujiale_grscene_MVUCSQAKTKJ5EAABAAAAAAY8_usd__attempt_01__kujiale_grscene_MVUCSQAKTKJ5EAABAAAAAAY8_usd_grscene_frontier_000000,tvars_original,milestone_060,coverage_milestone,0.6061234789435317,0.6,False,139,0.9460966542750929,0.993270077801713,0.9691096396125507,0.3133728654288584,94.6096654275093,99.3270077801713,96.91096396125506,31.33728654288584,3,1,10290,3,0,/media/echo/data/voxroom_roomseg_evaluation/grscene_union_fixed0p5_batch32_full7000_20260815_0015/grscene/kujiale_grscene_MVUCSQAKTKJ5EAABAAAAAAY8_usd/attempt_01/roomseg_coverage_eval/events/milestone_060/tvars_original/roomseg_snapshots/roomseg_milestone_060_step_000139.npz,/media/echo/data/voxroom_roomseg_evaluation/grscene_all_available_gt_20260817/metrics_pr_f1_miou_excluding_training_grscenes_20260818_192125/match_visualizations/tvars_original/kujiale_grscene_MVUCSQAKTKJ5EAABAAAAAAY8_usd__kujiale_grscene_MVUCSQAKTKJ5EAABAAAAAAY8_usd__attempt_01__kujiale_grscene_MVUCSQAKTKJ5EAABAAAAAAY8_usd_grscene_frontier_000000/milestone_060.pred_gt_match.png
grscene,kujiale_grscene_MVUCSQAKTKJ5EAABAAAAAAY8_usd,kujiale_grscene_MVUCSQAKTKJ5EAABAAAAAAY8_usd__kujiale_grscene_MVUCSQAKTKJ5EAABAAAAAAY8_usd__attempt_01__kujiale_grscene_MVUCSQAKTKJ5EAABAAAAAAY8_usd_grscene_frontier_000000,voxroom,milestone_060,coverage_milestone,0.6061234789435317,0.6,False,139,0.9810606060606061,0.9870389082591219,0.9840406773097555,0.9680995143197281,98.10606060606061,98.70389082591218,98.40406773097556,96.8099514319728,3,3,10290,3,1,/media/echo/data/voxroom_roomseg_evaluation/grscene_union_fixed0p5_batch32_full7000_20260815_0015/grscene/kujiale_grscene_MVUCSQAKTKJ5EAABAAAAAAY8_usd/attempt_01/roomseg_coverage_eval/events/milestone_060/voxroom/roomseg_snapshots/roomseg_milestone_060_step_000139.npz,/media/echo/data/voxroom_roomseg_evaluation/grscene_all_available_gt_20260817/metrics_pr_f1_miou_excluding_training_grscenes_20260818_192125/match_visualizations/voxroom/kujiale_grscene_MVUCSQAKTKJ5EAABAAAAAAY8_usd__kujiale_grscene_MVUCSQAKTKJ5EAABAAAAAAY8_usd__attempt_01__kujiale_grscene_MVUCSQAKTKJ5EAABAAAAAAY8_usd_grscene_frontier_000000/milestone_060.pred_gt_match.png
grscene,kujiale_grscene_MVUCSQAKTKJ5EAABAAAAAAY8_usd,kujiale_grscene_MVUCSQAKTKJ5EAABAAAAAAY8_usd__kujiale_grscene_MVUCSQAKTKJ5EAABAAAAAAY8_usd__attempt_01__kujiale_grscene_MVUCSQAKTKJ5EAABAAAAAAY8_usd_grscene_frontier_000000,tvars_original,milestone_070,coverage_milestone,0.700555150563562,0.7,False,164,0.8994514914589663,0.994768031617497,0.944711612137618,0.4472402597402597,89.94514914589664,99.4768031617497,94.4711612137618,44.72402597402597,4,2,12026,2,0,/media/echo/data/voxroom_roomseg_evaluation/grscene_union_fixed0p5_batch32_full7000_20260815_0015/grscene/kujiale_grscene_MVUCSQAKTKJ5EAABAAAAAAY8_usd/attempt_01/roomseg_coverage_eval/events/milestone_070/tvars_original/roomseg_snapshots/roomseg_milestone_070_step_000164.npz,/media/echo/data/voxroom_roomseg_evaluation/grscene_all_available_gt_20260817/metrics_pr_f1_miou_excluding_training_grscenes_20260818_192125/match_visualizations/tvars_original/kujiale_grscene_MVUCSQAKTKJ5EAABAAAAAAY8_usd__kujiale_grscene_MVUCSQAKTKJ5EAABAAAAAAY8_usd__attempt_01__kujiale_grscene_MVUCSQAKTKJ5EAABAAAAAAY8_usd_grscene_frontier_000000/milestone_070.pred_gt_match.png
grscene,kujiale_grscene_MVUCSQAKTKJ5EAABAAAAAAY8_usd,kujiale_grscene_MVUCSQAKTKJ5EAABAAAAAAY8_usd__kujiale_grscene_MVUCSQAKTKJ5EAABAAAAAAY8_usd__attempt_01__kujiale_grscene_MVUCSQAKTKJ5EAABAAAAAAY8_usd_grscene_frontier_000000,voxroom,milestone_070,coverage_milestone,0.700555150563562,0.7,False,164,0.994380829015544,0.9858490368597994,0.990096553385216,0.9802424176725351,99.43808290155441,98.58490368597994,99.0096553385216,98.0242417672535,4,4,12026,2,1,/media/echo/data/voxroom_roomseg_evaluation/grscene_union_fixed0p5_batch32_full7000_20260815_0015/grscene/kujiale_grscene_MVUCSQAKTKJ5EAABAAAAAAY8_usd/attempt_01/roomseg_coverage_eval/events/milestone_070/voxroom/roomseg_snapshots/roomseg_milestone_070_step_000164.npz,/media/echo/data/voxroom_roomseg_evaluation/grscene_all_available_gt_20260817/metrics_pr_f1_miou_excluding_training_grscenes_20260818_192125/match_visualizations/voxroom/kujiale_grscene_MVUCSQAKTKJ5EAABAAAAAAY8_usd__kujiale_grscene_MVUCSQAKTKJ5EAABAAAAAAY8_usd__attempt_01__kujiale_grscene_MVUCSQAKTKJ5EAABAAAAAAY8_usd_grscene_frontier_000000/milestone_070.pred_gt_match.png
grscene,kujiale_grscene_MVUCSQAKTKJ5EAABAAAAAAY8_usd,kujiale_grscene_MVUCSQAKTKJ5EAABAAAAAAY8_usd__kujiale_grscene_MVUCSQAKTKJ5EAABAAAAAAY8_usd__attempt_01__kujiale_grscene_MVUCSQAKTKJ5EAABAAAAAAY8_usd_grscene_frontier_000000,tvars_original,milestone_080,coverage_milestone,0.8005383278192115,0.8,False,352,0.9537095647465464,0.8806458450660545,0.9157226141684334,0.6060611765428441,95.37095647465465,88.06458450660544,91.57226141684333,60.60611765428441,4,4,13671,2,0,/media/echo/data/voxroom_roomseg_evaluation/grscene_union_fixed0p5_batch32_full7000_20260815_0015/grscene/kujiale_grscene_MVUCSQAKTKJ5EAABAAAAAAY8_usd/attempt_01/roomseg_coverage_eval/events/milestone_080/tvars_original/roomseg_snapshots/roomseg_milestone_080_step_000352.npz,/media/echo/data/voxroom_roomseg_evaluation/grscene_all_available_gt_20260817/metrics_pr_f1_miou_excluding_training_grscenes_20260818_192125/match_visualizations/tvars_original/kujiale_grscene_MVUCSQAKTKJ5EAABAAAAAAY8_usd__kujiale_grscene_MVUCSQAKTKJ5EAABAAAAAAY8_usd__attempt_01__kujiale_grscene_MVUCSQAKTKJ5EAABAAAAAAY8_usd_grscene_frontier_000000/milestone_080.pred_gt_match.png
grscene,kujiale_grscene_MVUCSQAKTKJ5EAABAAAAAAY8_usd,kujiale_grscene_MVUCSQAKTKJ5EAABAAAAAAY8_usd__kujiale_grscene_MVUCSQAKTKJ5EAABAAAAAAY8_usd__attempt_01__kujiale_grscene_MVUCSQAKTKJ5EAABAAAAAAY8_usd_grscene_frontier_000000,voxroom,milestone_080,coverage_milestone,0.8005383278192115,0.8,False,352,0.9983811814017223,0.9658077164374508,0.9818243550857028,0.964332718133432,99.83811814017223,96.58077164374508,98.18243550857028,96.4332718133432,4,4,13671,2,1,/media/echo/data/voxroom_roomseg_evaluation/grscene_union_fixed0p5_batch32_full7000_20260815_0015/grscene/kujiale_grscene_MVUCSQAKTKJ5EAABAAAAAAY8_usd/attempt_01/roomseg_coverage_eval/events/milestone_080/voxroom/roomseg_snapshots/roomseg_milestone_080_step_000352.npz,/media/echo/data/voxroom_roomseg_evaluation/grscene_all_available_gt_20260817/metrics_pr_f1_miou_excluding_training_grscenes_20260818_192125/match_visualizations/voxroom/kujiale_grscene_MVUCSQAKTKJ5EAABAAAAAAY8_usd__kujiale_grscene_MVUCSQAKTKJ5EAABAAAAAAY8_usd__attempt_01__kujiale_grscene_MVUCSQAKTKJ5EAABAAAAAAY8_usd_grscene_frontier_000000/milestone_080.pred_gt_match.png
grscene,kujiale_grscene_MVUCSQAKTKJ5EAABAAAAAAY8_usd,kujiale_grscene_MVUCSQAKTKJ5EAABAAAAAAY8_usd__kujiale_grscene_MVUCSQAKTKJ5EAABAAAAAAY8_usd__attempt_01__kujiale_grscene_MVUCSQAKTKJ5EAABAAAAAAY8_usd_grscene_frontier_000000,tvars_original,milestone_090,coverage_milestone,0.9033813716144227,0.9,False,387,0.9179373350701194,0.9170505558038137,0.9174937311637631,0.38058059139797845,91.79373350701195,91.70505558038137,91.7493731163763,38.05805913979785,6,4,15776,0,0,/media/echo/data/voxroom_roomseg_evaluation/grscene_union_fixed0p5_batch32_full7000_20260815_0015/grscene/kujiale_grscene_MVUCSQAKTKJ5EAABAAAAAAY8_usd/attempt_01/roomseg_coverage_eval/events/milestone_090/tvars_original/roomseg_snapshots/roomseg_milestone_090_step_000387.npz,/media/echo/data/voxroom_roomseg_evaluation/grscene_all_available_gt_20260817/metrics_pr_f1_miou_excluding_training_grscenes_20260818_192125/match_visualizations/tvars_original/kujiale_grscene_MVUCSQAKTKJ5EAABAAAAAAY8_usd__kujiale_grscene_MVUCSQAKTKJ5EAABAAAAAAY8_usd__attempt_01__kujiale_grscene_MVUCSQAKTKJ5EAABAAAAAAY8_usd_grscene_frontier_000000/milestone_090.pred_gt_match.png
grscene,kujiale_grscene_MVUCSQAKTKJ5EAABAAAAAAY8_usd,kujiale_grscene_MVUCSQAKTKJ5EAABAAAAAAY8_usd__kujiale_grscene_MVUCSQAKTKJ5EAABAAAAAAY8_usd__attempt_01__kujiale_grscene_MVUCSQAKTKJ5EAABAAAAAAY8_usd_grscene_frontier_000000,voxroom,milestone_090,coverage_milestone,0.9033813716144227,0.9,False,387,0.9944510751252903,0.9658799481277281,0.9799573046226339,0.9605731244878992,99.44510751252903,96.58799481277282,97.99573046226338,96.05731244878993,6,6,15776,0,0,/media/echo/data/voxroom_roomseg_evaluation/grscene_union_fixed0p5_batch32_full7000_20260815_0015/grscene/kujiale_grscene_MVUCSQAKTKJ5EAABAAAAAAY8_usd/attempt_01/roomseg_coverage_eval/events/milestone_090/voxroom/roomseg_snapshots/roomseg_milestone_090_step_000387.npz,/media/echo/data/voxroom_roomseg_evaluation/grscene_all_available_gt_20260817/metrics_pr_f1_miou_excluding_training_grscenes_20260818_192125/match_visualizations/voxroom/kujiale_grscene_MVUCSQAKTKJ5EAABAAAAAAY8_usd__kujiale_grscene_MVUCSQAKTKJ5EAABAAAAAAY8_usd__attempt_01__kujiale_grscene_MVUCSQAKTKJ5EAABAAAAAAY8_usd_grscene_frontier_000000/milestone_090.pred_gt_match.png
grscene,kujiale_grscene_MVUCSQAKTKJ5EAABAAAAAAY8_usd,kujiale_grscene_MVUCSQAKTKJ5EAABAAAAAAY8_usd__kujiale_grscene_MVUCSQAKTKJ5EAABAAAAAAY8_usd__attempt_01__kujiale_grscene_MVUCSQAKTKJ5EAABAAAAAAY8_usd_grscene_frontier_000000,tvars_original,final,terminal_forced,0.9991027869679807,,True,804,0.9255431003671318,0.939456670856091,0.9324479854862768,0.3958774565132965,92.55431003671319,93.9456670856091,93.24479854862768,39.58774565132965,6,4,17334,0,0,/media/echo/data/voxroom_roomseg_evaluation/grscene_union_fixed0p5_batch32_full7000_20260815_0015/grscene/kujiale_grscene_MVUCSQAKTKJ5EAABAAAAAAY8_usd/attempt_01/roomseg_coverage_eval/events/final/tvars_original/roomseg_snapshots/roomseg_final_step_000804.npz,/media/echo/data/voxroom_roomseg_evaluation/grscene_all_available_gt_20260817/metrics_pr_f1_miou_excluding_training_grscenes_20260818_192125/match_visualizations/tvars_original/kujiale_grscene_MVUCSQAKTKJ5EAABAAAAAAY8_usd__kujiale_grscene_MVUCSQAKTKJ5EAABAAAAAAY8_usd__attempt_01__kujiale_grscene_MVUCSQAKTKJ5EAABAAAAAAY8_usd_grscene_frontier_000000/final.pred_gt_match.png
grscene,kujiale_grscene_MVUCSQAKTKJ5EAABAAAAAAY8_usd,kujiale_grscene_MVUCSQAKTKJ5EAABAAAAAAY8_usd__kujiale_grscene_MVUCSQAKTKJ5EAABAAAAAAY8_usd__attempt_01__kujiale_grscene_MVUCSQAKTKJ5EAABAAAAAAY8_usd_grscene_frontier_000000,voxroom,final,terminal_forced,0.9991027869679807,,True,804,0.9992138364779874,0.9879276861636738,0.9935387109642088,0.9871415226416612,99.92138364779875,98.79276861636738,99.35387109642087,98.71415226416612,6,6,17334,0,0,/media/echo/data/voxroom_roomseg_evaluation/grscene_union_fixed0p5_batch32_full7000_20260815_0015/grscene/kujiale_grscene_MVUCSQAKTKJ5EAABAAAAAAY8_usd/attempt_01/roomseg_coverage_eval/events/final/voxroom/roomseg_snapshots/roomseg_final_step_000804.npz,/media/echo/data/voxroom_roomseg_evaluation/grscene_all_available_gt_20260817/metrics_pr_f1_miou_excluding_training_grscenes_20260818_192125/match_visualizations/voxroom/kujiale_grscene_MVUCSQAKTKJ5EAABAAAAAAY8_usd__kujiale_grscene_MVUCSQAKTKJ5EAABAAAAAAY8_usd__attempt_01__kujiale_grscene_MVUCSQAKTKJ5EAABAAAAAAY8_usd_grscene_frontier_000000/final.pred_gt_match.png
grscene,kujiale_grscene_MVUCSQAKTKJ5EAABAAAAABA8_usd,kujiale_grscene_MVUCSQAKTKJ5EAABAAAAABA8_usd__kujiale_grscene_MVUCSQAKTKJ5EAABAAAAABA8_usd__attempt_01__kujiale_grscene_MVUCSQAKTKJ5EAABAAAAABA8_usd_grscene_frontier_000000,tvars_original,milestone_020,coverage_milestone,0.40126907387822935,0.2,False,0,0.9987700766893358,0.9886386241920951,0.9936785262784135,0.9874210796324243,99.87700766893359,98.86386241920951,99.36785262784134,98.74210796324243,2,2,7891,2,0,/media/echo/data/voxroom_roomseg_evaluation/grscene_union_fixed0p5_batch32_full7000_20260815_0015/grscene/kujiale_grscene_MVUCSQAKTKJ5EAABAAAAABA8_usd/attempt_01/roomseg_coverage_eval/events/milestone_020/tvars_original/roomseg_snapshots/roomseg_milestone_020_step_000000.npz,/media/echo/data/voxroom_roomseg_evaluation/grscene_all_available_gt_20260817/metrics_pr_f1_miou_excluding_training_grscenes_20260818_192125/match_visualizations/tvars_original/kujiale_grscene_MVUCSQAKTKJ5EAABAAAAABA8_usd__kujiale_grscene_MVUCSQAKTKJ5EAABAAAAABA8_usd__attempt_01__kujiale_grscene_MVUCSQAKTKJ5EAABAAAAABA8_usd_grscene_frontier_000000/milestone_020.pred_gt_match.png
grscene,kujiale_grscene_MVUCSQAKTKJ5EAABAAAAABA8_usd,kujiale_grscene_MVUCSQAKTKJ5EAABAAAAABA8_usd__kujiale_grscene_MVUCSQAKTKJ5EAABAAAAABA8_usd__attempt_01__kujiale_grscene_MVUCSQAKTKJ5EAABAAAAABA8_usd_grscene_frontier_000000,voxroom,milestone_020,coverage_milestone,0.40126907387822935,0.2,False,0,0.9982840760892295,0.9914831124962458,0.9948719715496201,0.989801544910117,99.82840760892296,99.14831124962458,99.48719715496202,98.98015449101169,2,2,7891,2,0,/media/echo/data/voxroom_roomseg_evaluation/grscene_union_fixed0p5_batch32_full7000_20260815_0015/grscene/kujiale_grscene_MVUCSQAKTKJ5EAABAAAAABA8_usd/attempt_01/roomseg_coverage_eval/events/milestone_020/voxroom/roomseg_snapshots/roomseg_milestone_020_step_000000.npz,/media/echo/data/voxroom_roomseg_evaluation/grscene_all_available_gt_20260817/metrics_pr_f1_miou_excluding_training_grscenes_20260818_192125/match_visualizations/voxroom/kujiale_grscene_MVUCSQAKTKJ5EAABAAAAABA8_usd__kujiale_grscene_MVUCSQAKTKJ5EAABAAAAABA8_usd__attempt_01__kujiale_grscene_MVUCSQAKTKJ5EAABAAAAABA8_usd_grscene_frontier_000000/milestone_020.pred_gt_match.png
grscene,kujiale_grscene_MVUCSQAKTKJ5EAABAAAAABA8_usd,kujiale_grscene_MVUCSQAKTKJ5EAABAAAAABA8_usd__kujiale_grscene_MVUCSQAKTKJ5EAABAAAAABA8_usd__attempt_01__kujiale_grscene_MVUCSQAKTKJ5EAABAAAAABA8_usd_grscene_frontier_000000,tvars_original,milestone_040,coverage_milestone,0.40126907387822935,0.4,False,0,0.9987700766893358,0.9886386241920951,0.9936785262784135,0.9874210796324243,99.87700766893359,98.86386241920951,99.36785262784134,98.74210796324243,2,2,7891,2,0,/media/echo/data/voxroom_roomseg_evaluation/grscene_union_fixed0p5_batch32_full7000_20260815_0015/grscene/kujiale_grscene_MVUCSQAKTKJ5EAABAAAAABA8_usd/attempt_01/roomseg_coverage_eval/events/milestone_040/tvars_original/roomseg_snapshots/roomseg_milestone_040_step_000000.npz,/media/echo/data/voxroom_roomseg_evaluation/grscene_all_available_gt_20260817/metrics_pr_f1_miou_excluding_training_grscenes_20260818_192125/match_visualizations/tvars_original/kujiale_grscene_MVUCSQAKTKJ5EAABAAAAABA8_usd__kujiale_grscene_MVUCSQAKTKJ5EAABAAAAABA8_usd__attempt_01__kujiale_grscene_MVUCSQAKTKJ5EAABAAAAABA8_usd_grscene_frontier_000000/milestone_040.pred_gt_match.png
grscene,kujiale_grscene_MVUCSQAKTKJ5EAABAAAAABA8_usd,kujiale_grscene_MVUCSQAKTKJ5EAABAAAAABA8_usd__kujiale_grscene_MVUCSQAKTKJ5EAABAAAAABA8_usd__attempt_01__kujiale_grscene_MVUCSQAKTKJ5EAABAAAAABA8_usd_grscene_frontier_000000,voxroom,milestone_040,coverage_milestone,0.40126907387822935,0.4,False,0,0.9982840760892295,0.9914831124962458,0.9948719715496201,0.989801544910117,99.82840760892296,99.14831124962458,99.48719715496202,98.98015449101169,2,2,7891,2,0,/media/echo/data/voxroom_roomseg_evaluation/grscene_union_fixed0p5_batch32_full7000_20260815_0015/grscene/kujiale_grscene_MVUCSQAKTKJ5EAABAAAAABA8_usd/attempt_01/roomseg_coverage_eval/events/milestone_040/voxroom/roomseg_snapshots/roomseg_milestone_040_step_000000.npz,/media/echo/data/voxroom_roomseg_evaluation/grscene_all_available_gt_20260817/metrics_pr_f1_miou_excluding_training_grscenes_20260818_192125/match_visualizations/voxroom/kujiale_grscene_MVUCSQAKTKJ5EAABAAAAABA8_usd__kujiale_grscene_MVUCSQAKTKJ5EAABAAAAABA8_usd__attempt_01__kujiale_grscene_MVUCSQAKTKJ5EAABAAAAABA8_usd_grscene_frontier_000000/milestone_040.pred_gt_match.png
grscene,kujiale_grscene_MVUCSQAKTKJ5EAABAAAAABA8_usd,kujiale_grscene_MVUCSQAKTKJ5EAABAAAAABA8_usd__kujiale_grscene_MVUCSQAKTKJ5EAABAAAAABA8_usd__attempt_01__kujiale_grscene_MVUCSQAKTKJ5EAABAAAAABA8_usd_grscene_frontier_000000,tvars_original,milestone_060,coverage_milestone,0.6059324167799768,0.6,False,120,0.873518304231039,0.995461107217234,0.9305115861394464,0.4336769010577295,87.3518304231039,99.54611072172341,93.05115861394464,43.36769010577295,4,2,11891,1,0,/media/echo/data/voxroom_roomseg_evaluation/grscene_union_fixed0p5_batch32_full7000_20260815_0015/grscene/kujiale_grscene_MVUCSQAKTKJ5EAABAAAAABA8_usd/attempt_01/roomseg_coverage_eval/events/milestone_060/tvars_original/roomseg_snapshots/roomseg_milestone_060_step_000120.npz,/media/echo/data/voxroom_roomseg_evaluation/grscene_all_available_gt_20260817/metrics_pr_f1_miou_excluding_training_grscenes_20260818_192125/match_visualizations/tvars_original/kujiale_grscene_MVUCSQAKTKJ5EAABAAAAABA8_usd__kujiale_grscene_MVUCSQAKTKJ5EAABAAAAABA8_usd__attempt_01__kujiale_grscene_MVUCSQAKTKJ5EAABAAAAABA8_usd_grscene_frontier_000000/milestone_060.pred_gt_match.png
grscene,kujiale_grscene_MVUCSQAKTKJ5EAABAAAAABA8_usd,kujiale_grscene_MVUCSQAKTKJ5EAABAAAAABA8_usd__kujiale_grscene_MVUCSQAKTKJ5EAABAAAAABA8_usd__attempt_01__kujiale_grscene_MVUCSQAKTKJ5EAABAAAAABA8_usd_grscene_frontier_000000,voxroom,milestone_060,coverage_milestone,0.6059324167799768,0.6,False,120,0.9384708727140664,0.9904941085043859,0.9637809700817809,0.6956000947501845,93.84708727140664,99.04941085043859,96.37809700817809,69.56000947501845,4,3,11891,1,0,/media/echo/data/voxroom_roomseg_evaluation/grscene_union_fixed0p5_batch32_full7000_20260815_0015/grscene/kujiale_grscene_MVUCSQAKTKJ5EAABAAAAABA8_usd/attempt_01/roomseg_coverage_eval/events/milestone_060/voxroom/roomseg_snapshots/roomseg_milestone_060_step_000120.npz,/media/echo/data/voxroom_roomseg_evaluation/grscene_all_available_gt_20260817/metrics_pr_f1_miou_excluding_training_grscenes_20260818_192125/match_visualizations/voxroom/kujiale_grscene_MVUCSQAKTKJ5EAABAAAAABA8_usd__kujiale_grscene_MVUCSQAKTKJ5EAABAAAAABA8_usd__attempt_01__kujiale_grscene_MVUCSQAKTKJ5EAABAAAAABA8_usd_grscene_frontier_000000/milestone_060.pred_gt_match.png
grscene,kujiale_grscene_MVUCSQAKTKJ5EAABAAAAABA8_usd,kujiale_grscene_MVUCSQAKTKJ5EAABAAAAABA8_usd__kujiale_grscene_MVUCSQAKTKJ5EAABAAAAABA8_usd__attempt_01__kujiale_grscene_MVUCSQAKTKJ5EAABAAAAABA8_usd_grscene_frontier_000000,tvars_original,milestone_070,coverage_milestone,0.7039834818955532,0.7,False,174,0.9037179900682986,0.9962343134547027,0.9477236557180297,0.4490051951007011,90.37179900682986,99.62343134547027,94.77236557180298,44.90051951007011,4,2,13621,1,0,/media/echo/data/voxroom_roomseg_evaluation/grscene_union_fixed0p5_batch32_full7000_20260815_0015/grscene/kujiale_grscene_MVUCSQAKTKJ5EAABAAAAABA8_usd/attempt_01/roomseg_coverage_eval/events/milestone_070/tvars_original/roomseg_snapshots/roomseg_milestone_070_step_000174.npz,/media/echo/data/voxroom_roomseg_evaluation/grscene_all_available_gt_20260817/metrics_pr_f1_miou_excluding_training_grscenes_20260818_192125/match_visualizations/tvars_original/kujiale_grscene_MVUCSQAKTKJ5EAABAAAAABA8_usd__kujiale_grscene_MVUCSQAKTKJ5EAABAAAAABA8_usd__attempt_01__kujiale_grscene_MVUCSQAKTKJ5EAABAAAAABA8_usd_grscene_frontier_000000/milestone_070.pred_gt_match.png
grscene,kujiale_grscene_MVUCSQAKTKJ5EAABAAAAABA8_usd,kujiale_grscene_MVUCSQAKTKJ5EAABAAAAABA8_usd__kujiale_grscene_MVUCSQAKTKJ5EAABAAAAABA8_usd__attempt_01__kujiale_grscene_MVUCSQAKTKJ5EAABAAAAABA8_usd_grscene_frontier_000000,voxroom,milestone_070,coverage_milestone,0.7039834818955532,0.7,False,174,0.9952310422662375,0.9806492107966744,0.9878863201814312,0.9760779274496862,99.52310422662374,98.06492107966744,98.78863201814312,97.60779274496862,4,4,13621,1,1,/media/echo/data/voxroom_roomseg_evaluation/grscene_union_fixed0p5_batch32_full7000_20260815_0015/grscene/kujiale_grscene_MVUCSQAKTKJ5EAABAAAAABA8_usd/attempt_01/roomseg_coverage_eval/events/milestone_070/voxroom/roomseg_snapshots/roomseg_milestone_070_step_000174.npz,/media/echo/data/voxroom_roomseg_evaluation/grscene_all_available_gt_20260817/metrics_pr_f1_miou_excluding_training_grscenes_20260818_192125/match_visualizations/voxroom/kujiale_grscene_MVUCSQAKTKJ5EAABAAAAABA8_usd__kujiale_grscene_MVUCSQAKTKJ5EAABAAAAABA8_usd__attempt_01__kujiale_grscene_MVUCSQAKTKJ5EAABAAAAABA8_usd_grscene_frontier_000000/milestone_070.pred_gt_match.png
grscene,kujiale_grscene_MVUCSQAKTKJ5EAABAAAAABA8_usd,kujiale_grscene_MVUCSQAKTKJ5EAABAAAAABA8_usd__kujiale_grscene_MVUCSQAKTKJ5EAABAAAAABA8_usd__attempt_01__kujiale_grscene_MVUCSQAKTKJ5EAABAAAAABA8_usd_grscene_frontier_000000,tvars_original,milestone_080,coverage_milestone,0.8167900488492723,0.8,False,188,0.6811084485597665,0.9940038772170258,0.8083331825043166,0.2719964940093133,68.11084485597665,99.40038772170257,80.83331825043166,27.19964940093133,5,2,16009,1,0,/media/echo/data/voxroom_roomseg_evaluation/grscene_union_fixed0p5_batch32_full7000_20260815_0015/grscene/kujiale_grscene_MVUCSQAKTKJ5EAABAAAAABA8_usd/attempt_01/roomseg_coverage_eval/events/milestone_080/tvars_original/roomseg_snapshots/roomseg_milestone_080_step_000188.npz,/media/echo/data/voxroom_roomseg_evaluation/grscene_all_available_gt_20260817/metrics_pr_f1_miou_excluding_training_grscenes_20260818_192125/match_visualizations/tvars_original/kujiale_grscene_MVUCSQAKTKJ5EAABAAAAABA8_usd__kujiale_grscene_MVUCSQAKTKJ5EAABAAAAABA8_usd__attempt_01__kujiale_grscene_MVUCSQAKTKJ5EAABAAAAABA8_usd_grscene_frontier_000000/milestone_080.pred_gt_match.png
grscene,kujiale_grscene_MVUCSQAKTKJ5EAABAAAAABA8_usd,kujiale_grscene_MVUCSQAKTKJ5EAABAAAAABA8_usd__kujiale_grscene_MVUCSQAKTKJ5EAABAAAAABA8_usd__attempt_01__kujiale_grscene_MVUCSQAKTKJ5EAABAAAAABA8_usd_grscene_frontier_000000,voxroom,milestone_080,coverage_milestone,0.8167900488492723,0.8,False,188,0.9894902166687937,0.9473003262670335,0.9679357517592376,0.9387649607460478,98.94902166687936,94.73003262670335,96.79357517592376,93.87649607460477,5,5,16009,1,0,/media/echo/data/voxroom_roomseg_evaluation/grscene_union_fixed0p5_batch32_full7000_20260815_0015/grscene/kujiale_grscene_MVUCSQAKTKJ5EAABAAAAABA8_usd/attempt_01/roomseg_coverage_eval/events/milestone_080/voxroom/roomseg_snapshots/roomseg_milestone_080_step_000188.npz,/media/echo/data/voxroom_roomseg_evaluation/grscene_all_available_gt_20260817/metrics_pr_f1_miou_excluding_training_grscenes_20260818_192125/match_visualizations/voxroom/kujiale_grscene_MVUCSQAKTKJ5EAABAAAAABA8_usd__kujiale_grscene_MVUCSQAKTKJ5EAABAAAAABA8_usd__attempt_01__kujiale_grscene_MVUCSQAKTKJ5EAABAAAAABA8_usd_grscene_frontier_000000/milestone_080.pred_gt_match.png
grscene,kujiale_grscene_MVUCSQAKTKJ5EAABAAAAABA8_usd,kujiale_grscene_MVUCSQAKTKJ5EAABAAAAABA8_usd__kujiale_grscene_MVUCSQAKTKJ5EAABAAAAABA8_usd__attempt_01__kujiale_grscene_MVUCSQAKTKJ5EAABAAAAABA8_usd_grscene_frontier_000000,tvars_original,milestone_090,coverage_milestone,0.9032582968222793,0.9,False,288,0.8628477949937623,0.981418852247585,0.9183217555810632,0.5623115251467111,86.28477949937623,98.1418852247585,91.83217555810631,56.23115251467111,6,4,17687,0,0,/media/echo/data/voxroom_roomseg_evaluation/grscene_union_fixed0p5_batch32_full7000_20260815_0015/grscene/kujiale_grscene_MVUCSQAKTKJ5EAABAAAAABA8_usd/attempt_01/roomseg_coverage_eval/events/milestone_090/tvars_original/roomseg_snapshots/roomseg_milestone_090_step_000288.npz,/media/echo/data/voxroom_roomseg_evaluation/grscene_all_available_gt_20260817/metrics_pr_f1_miou_excluding_training_grscenes_20260818_192125/match_visualizations/tvars_original/kujiale_grscene_MVUCSQAKTKJ5EAABAAAAABA8_usd__kujiale_grscene_MVUCSQAKTKJ5EAABAAAAABA8_usd__attempt_01__kujiale_grscene_MVUCSQAKTKJ5EAABAAAAABA8_usd_grscene_frontier_000000/milestone_090.pred_gt_match.png
grscene,kujiale_grscene_MVUCSQAKTKJ5EAABAAAAABA8_usd,kujiale_grscene_MVUCSQAKTKJ5EAABAAAAABA8_usd__kujiale_grscene_MVUCSQAKTKJ5EAABAAAAABA8_usd__attempt_01__kujiale_grscene_MVUCSQAKTKJ5EAABAAAAABA8_usd_grscene_frontier_000000,voxroom,milestone_090,coverage_milestone,0.9032582968222793,0.9,False,288,0.9920342634981373,0.9195198990396894,0.9544016734578599,0.9110255342694423,99.20342634981372,91.95198990396895,95.44016734578598,91.10255342694423,6,7,17687,0,0,/media/echo/data/voxroom_roomseg_evaluation/grscene_union_fixed0p5_batch32_full7000_20260815_0015/grscene/kujiale_grscene_MVUCSQAKTKJ5EAABAAAAABA8_usd/attempt_01/roomseg_coverage_eval/events/milestone_090/voxroom/roomseg_snapshots/roomseg_milestone_090_step_000288.npz,/media/echo/data/voxroom_roomseg_evaluation/grscene_all_available_gt_20260817/metrics_pr_f1_miou_excluding_training_grscenes_20260818_192125/match_visualizations/voxroom/kujiale_grscene_MVUCSQAKTKJ5EAABAAAAABA8_usd__kujiale_grscene_MVUCSQAKTKJ5EAABAAAAABA8_usd__attempt_01__kujiale_grscene_MVUCSQAKTKJ5EAABAAAAABA8_usd_grscene_frontier_000000/milestone_090.pred_gt_match.png
grscene,kujiale_grscene_MVUCSQAKTKJ5EAABAAAAABA8_usd,kujiale_grscene_MVUCSQAKTKJ5EAABAAAAABA8_usd__kujiale_grscene_MVUCSQAKTKJ5EAABAAAAABA8_usd__attempt_01__kujiale_grscene_MVUCSQAKTKJ5EAABAAAAABA8_usd_grscene_frontier_000000,tvars_original,final,terminal_forced,0.9930503097144584,,True,498,0.8638662732386859,0.9932104345662687,0.9240339863663322,0.5734295706765576,86.3866273238686,99.32104345662687,92.40339863663321,57.34295706765577,6,4,19436,0,0,/media/echo/data/voxroom_roomseg_evaluation/grscene_union_fixed0p5_batch32_full7000_20260815_0015/grscene/kujiale_grscene_MVUCSQAKTKJ5EAABAAAAABA8_usd/attempt_01/roomseg_coverage_eval/events/final/tvars_original/roomseg_snapshots/roomseg_final_step_000498.npz,/media/echo/data/voxroom_roomseg_evaluation/grscene_all_available_gt_20260817/metrics_pr_f1_miou_excluding_training_grscenes_20260818_192125/match_visualizations/tvars_original/kujiale_grscene_MVUCSQAKTKJ5EAABAAAAABA8_usd__kujiale_grscene_MVUCSQAKTKJ5EAABAAAAABA8_usd__attempt_01__kujiale_grscene_MVUCSQAKTKJ5EAABAAAAABA8_usd_grscene_frontier_000000/final.pred_gt_match.png
grscene,kujiale_grscene_MVUCSQAKTKJ5EAABAAAAABA8_usd,kujiale_grscene_MVUCSQAKTKJ5EAABAAAAABA8_usd__kujiale_grscene_MVUCSQAKTKJ5EAABAAAAABA8_usd__attempt_01__kujiale_grscene_MVUCSQAKTKJ5EAABAAAAABA8_usd_grscene_frontier_000000,voxroom,final,terminal_forced,0.9930503097144584,,True,498,0.9910158262928693,0.9272256257983168,0.9580600697672348,0.9196821502508277,99.10158262928694,92.72256257983167,95.80600697672348,91.96821502508277,6,7,19436,0,0,/media/echo/data/voxroom_roomseg_evaluation/grscene_union_fixed0p5_batch32_full7000_20260815_0015/grscene/kujiale_grscene_MVUCSQAKTKJ5EAABAAAAABA8_usd/attempt_01/roomseg_coverage_eval/events/final/voxroom/roomseg_snapshots/roomseg_final_step_000498.npz,/media/echo/data/voxroom_roomseg_evaluation/grscene_all_available_gt_20260817/metrics_pr_f1_miou_excluding_training_grscenes_20260818_192125/match_visualizations/voxroom/kujiale_grscene_MVUCSQAKTKJ5EAABAAAAABA8_usd__kujiale_grscene_MVUCSQAKTKJ5EAABAAAAABA8_usd__attempt_01__kujiale_grscene_MVUCSQAKTKJ5EAABAAAAABA8_usd_grscene_frontier_000000/final.pred_gt_match.png
grscene,kujiale_grscene_MVUCSQAKTKJ5EAABAAAAABI8_usd,kujiale_grscene_MVUCSQAKTKJ5EAABAAAAABI8_usd__kujiale_grscene_MVUCSQAKTKJ5EAABAAAAABI8_usd__attempt_01__kujiale_grscene_MVUCSQAKTKJ5EAABAAAAABI8_usd_grscene_frontier_000000,tvars_original,milestone_020,coverage_milestone,0.20589642387274248,0.2,False,36,0.9875712066286898,0.9533957370611531,0.9701826004869731,0.9416421229002223,98.75712066286899,95.33957370611532,97.01826004869731,94.16421229002223,2,2,3284,0,0,/media/echo/data/voxroom_roomseg_evaluation/grscene_union_fixed0p5_batch32_full7000_20260815_0015/grscene/kujiale_grscene_MVUCSQAKTKJ5EAABAAAAABI8_usd/attempt_01/roomseg_coverage_eval/events/milestone_020/tvars_original/roomseg_snapshots/roomseg_milestone_020_step_000036.npz,/media/echo/data/voxroom_roomseg_evaluation/grscene_all_available_gt_20260817/metrics_pr_f1_miou_excluding_training_grscenes_20260818_192125/match_visualizations/tvars_original/kujiale_grscene_MVUCSQAKTKJ5EAABAAAAABI8_usd__kujiale_grscene_MVUCSQAKTKJ5EAABAAAAABI8_usd__attempt_01__kujiale_grscene_MVUCSQAKTKJ5EAABAAAAABI8_usd_grscene_frontier_000000/milestone_020.pred_gt_match.png
grscene,kujiale_grscene_MVUCSQAKTKJ5EAABAAAAABI8_usd,kujiale_grscene_MVUCSQAKTKJ5EAABAAAAABI8_usd__kujiale_grscene_MVUCSQAKTKJ5EAABAAAAABI8_usd__attempt_01__kujiale_grscene_MVUCSQAKTKJ5EAABAAAAABI8_usd_grscene_frontier_000000,voxroom,milestone_020,coverage_milestone,0.20589642387274248,0.2,False,36,0.590282131661442,0.9712131089987923,0.734283050436893,0.2902281134401973,59.028213166144205,97.12131089987923,73.4283050436893,29.02281134401973,2,1,3284,0,0,/media/echo/data/voxroom_roomseg_evaluation/grscene_union_fixed0p5_batch32_full7000_20260815_0015/grscene/kujiale_grscene_MVUCSQAKTKJ5EAABAAAAABI8_usd/attempt_01/roomseg_coverage_eval/events/milestone_020/voxroom/roomseg_snapshots/roomseg_milestone_020_step_000036.npz,/media/echo/data/voxroom_roomseg_evaluation/grscene_all_available_gt_20260817/metrics_pr_f1_miou_excluding_training_grscenes_20260818_192125/match_visualizations/voxroom/kujiale_grscene_MVUCSQAKTKJ5EAABAAAAABI8_usd__kujiale_grscene_MVUCSQAKTKJ5EAABAAAAABI8_usd__attempt_01__kujiale_grscene_MVUCSQAKTKJ5EAABAAAAABI8_usd_grscene_frontier_000000/milestone_020.pred_gt_match.png
grscene,kujiale_grscene_MVUCSQAKTKJ5EAABAAAAABI8_usd,kujiale_grscene_MVUCSQAKTKJ5EAABAAAAABI8_usd__kujiale_grscene_MVUCSQAKTKJ5EAABAAAAABI8_usd__attempt_01__kujiale_grscene_MVUCSQAKTKJ5EAABAAAAABI8_usd_grscene_frontier_000000,tvars_original,milestone_040,coverage_milestone,0.4025834230355221,0.4,False,68,0.9960248206321505,0.9366913862016498,0.9654473498285381,0.9327954885917142,99.60248206321505,93.66913862016499,96.54473498285381,93.27954885917143,2,2,6515,0,0,/media/echo/data/voxroom_roomseg_evaluation/grscene_union_fixed0p5_batch32_full7000_20260815_0015/grscene/kujiale_grscene_MVUCSQAKTKJ5EAABAAAAABI8_usd/attempt_01/roomseg_coverage_eval/events/milestone_040/tvars_original/roomseg_snapshots/roomseg_milestone_040_step_000068.npz,/media/echo/data/voxroom_roomseg_evaluation/grscene_all_available_gt_20260817/metrics_pr_f1_miou_excluding_training_grscenes_20260818_192125/match_visualizations/tvars_original/kujiale_grscene_MVUCSQAKTKJ5EAABAAAAABI8_usd__kujiale_grscene_MVUCSQAKTKJ5EAABAAAAABI8_usd__attempt_01__kujiale_grscene_MVUCSQAKTKJ5EAABAAAAABI8_usd_grscene_frontier_000000/milestone_040.pred_gt_match.png
grscene,kujiale_grscene_MVUCSQAKTKJ5EAABAAAAABI8_usd,kujiale_grscene_MVUCSQAKTKJ5EAABAAAAABI8_usd__kujiale_grscene_MVUCSQAKTKJ5EAABAAAAABI8_usd__attempt_01__kujiale_grscene_MVUCSQAKTKJ5EAABAAAAABI8_usd_grscene_frontier_000000,voxroom,milestone_040,coverage_milestone,0.4025834230355221,0.4,False,68,0.8060501024105877,0.9519103913983833,0.8729291371160323,0.39974996093139553,80.60501024105878,95.19103913983832,87.29291371160322,39.97499609313955,2,1,6515,0,0,/media/echo/data/voxroom_roomseg_evaluation/grscene_union_fixed0p5_batch32_full7000_20260815_0015/grscene/kujiale_grscene_MVUCSQAKTKJ5EAABAAAAABI8_usd/attempt_01/roomseg_coverage_eval/events/milestone_040/voxroom/roomseg_snapshots/roomseg_milestone_040_step_000068.npz,/media/echo/data/voxroom_roomseg_evaluation/grscene_all_available_gt_20260817/metrics_pr_f1_miou_excluding_training_grscenes_20260818_192125/match_visualizations/voxroom/kujiale_grscene_MVUCSQAKTKJ5EAABAAAAABI8_usd__kujiale_grscene_MVUCSQAKTKJ5EAABAAAAABI8_usd__attempt_01__kujiale_grscene_MVUCSQAKTKJ5EAABAAAAABI8_usd_grscene_frontier_000000/milestone_040.pred_gt_match.png
grscene,kujiale_grscene_MVUCSQAKTKJ5EAABAAAAABI8_usd,kujiale_grscene_MVUCSQAKTKJ5EAABAAAAABI8_usd__kujiale_grscene_MVUCSQAKTKJ5EAABAAAAABI8_usd__attempt_01__kujiale_grscene_MVUCSQAKTKJ5EAABAAAAABI8_usd_grscene_frontier_000000,tvars_original,milestone_060,coverage_milestone,0.6010046645138142,0.6,False,110,0.99757797731569,0.9389478477249281,0.9673753715303103,0.9365525656696339,99.757797731569,93.89478477249281,96.73753715303103,93.65525656696339,2,2,9817,0,0,/media/echo/data/voxroom_roomseg_evaluation/grscene_union_fixed0p5_batch32_full7000_20260815_0015/grscene/kujiale_grscene_MVUCSQAKTKJ5EAABAAAAABI8_usd/attempt_01/roomseg_coverage_eval/events/milestone_060/tvars_original/roomseg_snapshots/roomseg_milestone_060_step_000110.npz,/media/echo/data/voxroom_roomseg_evaluation/grscene_all_available_gt_20260817/metrics_pr_f1_miou_excluding_training_grscenes_20260818_192125/match_visualizations/tvars_original/kujiale_grscene_MVUCSQAKTKJ5EAABAAAAABI8_usd__kujiale_grscene_MVUCSQAKTKJ5EAABAAAAABI8_usd__attempt_01__kujiale_grscene_MVUCSQAKTKJ5EAABAAAAABI8_usd_grscene_frontier_000000/milestone_060.pred_gt_match.png
grscene,kujiale_grscene_MVUCSQAKTKJ5EAABAAAAABI8_usd,kujiale_grscene_MVUCSQAKTKJ5EAABAAAAABI8_usd__kujiale_grscene_MVUCSQAKTKJ5EAABAAAAABI8_usd__attempt_01__kujiale_grscene_MVUCSQAKTKJ5EAABAAAAABI8_usd_grscene_frontier_000000,voxroom,milestone_060,coverage_milestone,0.6010046645138142,0.6,False,110,0.9308660002246434,0.9098339131341764,0.9202297989382782,0.39542315225234514,93.08660002246434,90.98339131341764,92.02297989382782,39.54231522523452,2,2,9817,0,0,/media/echo/data/voxroom_roomseg_evaluation/grscene_union_fixed0p5_batch32_full7000_20260815_0015/grscene/kujiale_grscene_MVUCSQAKTKJ5EAABAAAAABI8_usd/attempt_01/roomseg_coverage_eval/events/milestone_060/voxroom/roomseg_snapshots/roomseg_milestone_060_step_000110.npz,/media/echo/data/voxroom_roomseg_evaluation/grscene_all_available_gt_20260817/metrics_pr_f1_miou_excluding_training_grscenes_20260818_192125/match_visualizations/voxroom/kujiale_grscene_MVUCSQAKTKJ5EAABAAAAABI8_usd__kujiale_grscene_MVUCSQAKTKJ5EAABAAAAABI8_usd__attempt_01__kujiale_grscene_MVUCSQAKTKJ5EAABAAAAABI8_usd_grscene_frontier_000000/milestone_060.pred_gt_match.png
grscene,kujiale_grscene_MVUCSQAKTKJ5EAABAAAAABI8_usd,kujiale_grscene_MVUCSQAKTKJ5EAABAAAAABI8_usd__kujiale_grscene_MVUCSQAKTKJ5EAABAAAAABI8_usd__attempt_01__kujiale_grscene_MVUCSQAKTKJ5EAABAAAAABI8_usd_grscene_frontier_000000,tvars_original,milestone_070,coverage_milestone,0.7125343858390145,0.7,False,155,0.9721655494025065,0.9588169373443064,0.9654451048286233,0.6077369057463619,97.21655494025066,95.88169373443064,96.54451048286234,60.773690574636184,3,2,11650,1,0,/media/echo/data/voxroom_roomseg_evaluation/grscene_union_fixed0p5_batch32_full7000_20260815_0015/grscene/kujiale_grscene_MVUCSQAKTKJ5EAABAAAAABI8_usd/attempt_01/roomseg_coverage_eval/events/milestone_070/tvars_original/roomseg_snapshots/roomseg_milestone_070_step_000155.npz,/media/echo/data/voxroom_roomseg_evaluation/grscene_all_available_gt_20260817/metrics_pr_f1_miou_excluding_training_grscenes_20260818_192125/match_visualizations/tvars_original/kujiale_grscene_MVUCSQAKTKJ5EAABAAAAABI8_usd__kujiale_grscene_MVUCSQAKTKJ5EAABAAAAABI8_usd__attempt_01__kujiale_grscene_MVUCSQAKTKJ5EAABAAAAABI8_usd_grscene_frontier_000000/milestone_070.pred_gt_match.png
grscene,kujiale_grscene_MVUCSQAKTKJ5EAABAAAAABI8_usd,kujiale_grscene_MVUCSQAKTKJ5EAABAAAAABI8_usd__kujiale_grscene_MVUCSQAKTKJ5EAABAAAAABI8_usd__attempt_01__kujiale_grscene_MVUCSQAKTKJ5EAABAAAAABI8_usd_grscene_frontier_000000,voxroom,milestone_070,coverage_milestone,0.7125343858390145,0.7,False,155,0.9631420641008589,0.9209588466429817,0.9415782344242652,0.5784669165351284,96.31420641008589,92.09588466429817,94.15782344242652,57.846691653512835,3,4,11650,1,0,/media/echo/data/voxroom_roomseg_evaluation/grscene_union_fixed0p5_batch32_full7000_20260815_0015/grscene/kujiale_grscene_MVUCSQAKTKJ5EAABAAAAABI8_usd/attempt_01/roomseg_coverage_eval/events/milestone_070/voxroom/roomseg_snapshots/roomseg_milestone_070_step_000155.npz,/media/echo/data/voxroom_roomseg_evaluation/grscene_all_available_gt_20260817/metrics_pr_f1_miou_excluding_training_grscenes_20260818_192125/match_visualizations/voxroom/kujiale_grscene_MVUCSQAKTKJ5EAABAAAAABI8_usd__kujiale_grscene_MVUCSQAKTKJ5EAABAAAAABI8_usd__attempt_01__kujiale_grscene_MVUCSQAKTKJ5EAABAAAAABI8_usd_grscene_frontier_000000/milestone_070.pred_gt_match.png
grscene,kujiale_grscene_MVUCSQAKTKJ5EAABAAAAABI8_usd,kujiale_grscene_MVUCSQAKTKJ5EAABAAAAABI8_usd__kujiale_grscene_MVUCSQAKTKJ5EAABAAAAABI8_usd__attempt_01__kujiale_grscene_MVUCSQAKTKJ5EAABAAAAABI8_usd_grscene_frontier_000000,tvars_original,milestone_080,coverage_milestone,0.8016385599808635,0.8,False,231,0.9681614426079206,0.9219906994705721,0.944512164707476,0.6610749774998277,96.81614426079206,92.19906994705721,94.4512164707476,66.10749774998277,4,4,13029,1,0,/media/echo/data/voxroom_roomseg_evaluation/grscene_union_fixed0p5_batch32_full7000_20260815_0015/grscene/kujiale_grscene_MVUCSQAKTKJ5EAABAAAAABI8_usd/attempt_01/roomseg_coverage_eval/events/milestone_080/tvars_original/roomseg_snapshots/roomseg_milestone_080_step_000231.npz,/media/echo/data/voxroom_roomseg_evaluation/grscene_all_available_gt_20260817/metrics_pr_f1_miou_excluding_training_grscenes_20260818_192125/match_visualizations/tvars_original/kujiale_grscene_MVUCSQAKTKJ5EAABAAAAABI8_usd__kujiale_grscene_MVUCSQAKTKJ5EAABAAAAABI8_usd__attempt_01__kujiale_grscene_MVUCSQAKTKJ5EAABAAAAABI8_usd_grscene_frontier_000000/milestone_080.pred_gt_match.png
grscene,kujiale_grscene_MVUCSQAKTKJ5EAABAAAAABI8_usd,kujiale_grscene_MVUCSQAKTKJ5EAABAAAAABI8_usd__kujiale_grscene_MVUCSQAKTKJ5EAABAAAAABI8_usd__attempt_01__kujiale_grscene_MVUCSQAKTKJ5EAABAAAAABI8_usd_grscene_frontier_000000,voxroom,milestone_080,coverage_milestone,0.8016385599808635,0.8,False,231,0.9541368160736114,0.903062692548756,0.9278974694781,0.631586181184137,95.41368160736114,90.3062692548756,92.78974694781,63.1586181184137,4,5,13029,1,0,/media/echo/data/voxroom_roomseg_evaluation/grscene_union_fixed0p5_batch32_full7000_20260815_0015/grscene/kujiale_grscene_MVUCSQAKTKJ5EAABAAAAABI8_usd/attempt_01/roomseg_coverage_eval/events/milestone_080/voxroom/roomseg_snapshots/roomseg_milestone_080_step_000231.npz,/media/echo/data/voxroom_roomseg_evaluation/grscene_all_available_gt_20260817/metrics_pr_f1_miou_excluding_training_grscenes_20260818_192125/match_visualizations/voxroom/kujiale_grscene_MVUCSQAKTKJ5EAABAAAAABI8_usd__kujiale_grscene_MVUCSQAKTKJ5EAABAAAAABI8_usd__attempt_01__kujiale_grscene_MVUCSQAKTKJ5EAABAAAAABI8_usd_grscene_frontier_000000/milestone_080.pred_gt_match.png
grscene,kujiale_grscene_MVUCSQAKTKJ5EAABAAAAABI8_usd,kujiale_grscene_MVUCSQAKTKJ5EAABAAAAABI8_usd__kujiale_grscene_MVUCSQAKTKJ5EAABAAAAABI8_usd__attempt_01__kujiale_grscene_MVUCSQAKTKJ5EAABAAAAABI8_usd_grscene_frontier_000000,tvars_original,milestone_090,coverage_milestone,0.9128692740102858,0.9,False,267,0.8498252466393887,0.9314554148147475,0.8887699111742905,0.48247475742678053,84.98252466393888,93.14554148147475,88.87699111742904,48.247475742678056,6,4,14880,0,0,/media/echo/data/voxroom_roomseg_evaluation/grscene_union_fixed0p5_batch32_full7000_20260815_0015/grscene/kujiale_grscene_MVUCSQAKTKJ5EAABAAAAABI8_usd/attempt_01/roomseg_coverage_eval/events/milestone_090/tvars_original/roomseg_snapshots/roomseg_milestone_090_step_000267.npz,/media/echo/data/voxroom_roomseg_evaluation/grscene_all_available_gt_20260817/metrics_pr_f1_miou_excluding_training_grscenes_20260818_192125/match_visualizations/tvars_original/kujiale_grscene_MVUCSQAKTKJ5EAABAAAAABI8_usd__kujiale_grscene_MVUCSQAKTKJ5EAABAAAAABI8_usd__attempt_01__kujiale_grscene_MVUCSQAKTKJ5EAABAAAAABI8_usd_grscene_frontier_000000/milestone_090.pred_gt_match.png
grscene,kujiale_grscene_MVUCSQAKTKJ5EAABAAAAABI8_usd,kujiale_grscene_MVUCSQAKTKJ5EAABAAAAABI8_usd__kujiale_grscene_MVUCSQAKTKJ5EAABAAAAABI8_usd__attempt_01__kujiale_grscene_MVUCSQAKTKJ5EAABAAAAABI8_usd_grscene_frontier_000000,voxroom,milestone_090,coverage_milestone,0.9128692740102858,0.9,False,267,0.8706621858545285,0.9200629939344783,0.8946811788476001,0.4897787726011582,87.06621858545284,92.00629939344783,89.46811788476,48.97787726011582,6,6,14880,0,0,/media/echo/data/voxroom_roomseg_evaluation/grscene_union_fixed0p5_batch32_full7000_20260815_0015/grscene/kujiale_grscene_MVUCSQAKTKJ5EAABAAAAABI8_usd/attempt_01/roomseg_coverage_eval/events/milestone_090/voxroom/roomseg_snapshots/roomseg_milestone_090_step_000267.npz,/media/echo/data/voxroom_roomseg_evaluation/grscene_all_available_gt_20260817/metrics_pr_f1_miou_excluding_training_grscenes_20260818_192125/match_visualizations/voxroom/kujiale_grscene_MVUCSQAKTKJ5EAABAAAAABI8_usd__kujiale_grscene_MVUCSQAKTKJ5EAABAAAAABI8_usd__attempt_01__kujiale_grscene_MVUCSQAKTKJ5EAABAAAAABI8_usd_grscene_frontier_000000/milestone_090.pred_gt_match.png
grscene,kujiale_grscene_MVUCSQAKTKJ5EAABAAAAABI8_usd,kujiale_grscene_MVUCSQAKTKJ5EAABAAAAABI8_usd__kujiale_grscene_MVUCSQAKTKJ5EAABAAAAABI8_usd__attempt_01__kujiale_grscene_MVUCSQAKTKJ5EAABAAAAABI8_usd_grscene_frontier_000000,tvars_original,final,terminal_forced,0.9656739624446836,,True,646,0.8897567571222167,0.968900474246433,0.9276436014023678,0.6790565725892302,88.97567571222167,96.8900474246433,92.76436014023678,67.90565725892303,6,5,15631,0,0,/media/echo/data/voxroom_roomseg_evaluation/grscene_union_fixed0p5_batch32_full7000_20260815_0015/grscene/kujiale_grscene_MVUCSQAKTKJ5EAABAAAAABI8_usd/attempt_01/roomseg_coverage_eval/events/final/tvars_original/roomseg_snapshots/roomseg_final_step_000646.npz,/media/echo/data/voxroom_roomseg_evaluation/grscene_all_available_gt_20260817/metrics_pr_f1_miou_excluding_training_grscenes_20260818_192125/match_visualizations/tvars_original/kujiale_grscene_MVUCSQAKTKJ5EAABAAAAABI8_usd__kujiale_grscene_MVUCSQAKTKJ5EAABAAAAABI8_usd__attempt_01__kujiale_grscene_MVUCSQAKTKJ5EAABAAAAABI8_usd_grscene_frontier_000000/final.pred_gt_match.png
grscene,kujiale_grscene_MVUCSQAKTKJ5EAABAAAAABI8_usd,kujiale_grscene_MVUCSQAKTKJ5EAABAAAAABI8_usd__kujiale_grscene_MVUCSQAKTKJ5EAABAAAAABI8_usd__attempt_01__kujiale_grscene_MVUCSQAKTKJ5EAABAAAAABI8_usd_grscene_frontier_000000,voxroom,final,terminal_forced,0.9656739624446836,,True,646,0.8648449335026674,0.9601014209399228,0.9099871319803501,0.5008706560355453,86.48449335026675,96.01014209399227,90.998713198035,50.08706560355453,6,6,15631,0,0,/media/echo/data/voxroom_roomseg_evaluation/grscene_union_fixed0p5_batch32_full7000_20260815_0015/grscene/kujiale_grscene_MVUCSQAKTKJ5EAABAAAAABI8_usd/attempt_01/roomseg_coverage_eval/events/final/voxroom/roomseg_snapshots/roomseg_final_step_000646.npz,/media/echo/data/voxroom_roomseg_evaluation/grscene_all_available_gt_20260817/metrics_pr_f1_miou_excluding_training_grscenes_20260818_192125/match_visualizations/voxroom/kujiale_grscene_MVUCSQAKTKJ5EAABAAAAABI8_usd__kujiale_grscene_MVUCSQAKTKJ5EAABAAAAABI8_usd__attempt_01__kujiale_grscene_MVUCSQAKTKJ5EAABAAAAABI8_usd_grscene_frontier_000000/final.pred_gt_match.png
grscene,kujiale_grscene_MVUCSQAKTKJ5EAABAAAAABQ8_usd,kujiale_grscene_MVUCSQAKTKJ5EAABAAAAABQ8_usd__kujiale_grscene_MVUCSQAKTKJ5EAABAAAAABQ8_usd__attempt_01__kujiale_grscene_MVUCSQAKTKJ5EAABAAAAABQ8_usd_grscene_frontier_000000,tvars_original,milestone_020,coverage_milestone,0.2650866442108681,0.2,False,0,1.0,0.9853764779091475,0.9926343833254977,0.9853764779091475,100.0,98.53764779091475,99.26343833254977,98.53764779091475,1,1,6428,2,0,/media/echo/data/voxroom_roomseg_evaluation/grscene_union_fixed0p5_batch32_full7000_20260815_0015/grscene/kujiale_grscene_MVUCSQAKTKJ5EAABAAAAABQ8_usd/attempt_01/roomseg_coverage_eval/events/milestone_020/tvars_original/roomseg_snapshots/roomseg_milestone_020_step_000000.npz,/media/echo/data/voxroom_roomseg_evaluation/grscene_all_available_gt_20260817/metrics_pr_f1_miou_excluding_training_grscenes_20260818_192125/match_visualizations/tvars_original/kujiale_grscene_MVUCSQAKTKJ5EAABAAAAABQ8_usd__kujiale_grscene_MVUCSQAKTKJ5EAABAAAAABQ8_usd__attempt_01__kujiale_grscene_MVUCSQAKTKJ5EAABAAAAABQ8_usd_grscene_frontier_000000/milestone_020.pred_gt_match.png
grscene,kujiale_grscene_MVUCSQAKTKJ5EAABAAAAABQ8_usd,kujiale_grscene_MVUCSQAKTKJ5EAABAAAAABQ8_usd__kujiale_grscene_MVUCSQAKTKJ5EAABAAAAABQ8_usd__attempt_01__kujiale_grscene_MVUCSQAKTKJ5EAABAAAAABQ8_usd_grscene_frontier_000000,voxroom,milestone_020,coverage_milestone,0.2650866442108681,0.2,False,0,1.0,0.9853764779091475,0.9926343833254977,0.9853764779091475,100.0,98.53764779091475,99.26343833254977,98.53764779091475,1,1,6428,2,0,/media/echo/data/voxroom_roomseg_evaluation/grscene_union_fixed0p5_batch32_full7000_20260815_0015/grscene/kujiale_grscene_MVUCSQAKTKJ5EAABAAAAABQ8_usd/attempt_01/roomseg_coverage_eval/events/milestone_020/voxroom/roomseg_snapshots/roomseg_milestone_020_step_000000.npz,/media/echo/data/voxroom_roomseg_evaluation/grscene_all_available_gt_20260817/metrics_pr_f1_miou_excluding_training_grscenes_20260818_192125/match_visualizations/voxroom/kujiale_grscene_MVUCSQAKTKJ5EAABAAAAABQ8_usd__kujiale_grscene_MVUCSQAKTKJ5EAABAAAAABQ8_usd__attempt_01__kujiale_grscene_MVUCSQAKTKJ5EAABAAAAABQ8_usd_grscene_frontier_000000/milestone_020.pred_gt_match.png
grscene,kujiale_grscene_MVUCSQAKTKJ5EAABAAAAABQ8_usd,kujiale_grscene_MVUCSQAKTKJ5EAABAAAAABQ8_usd__kujiale_grscene_MVUCSQAKTKJ5EAABAAAAABQ8_usd__attempt_01__kujiale_grscene_MVUCSQAKTKJ5EAABAAAAABQ8_usd_grscene_frontier_000000,tvars_original,milestone_040,coverage_milestone,0.40258106408019156,0.4,False,33,0.9193886097152428,0.9837371649021798,0.9504750095105456,0.4550730645662763,91.93886097152428,98.37371649021797,95.04750095105456,45.507306456627624,2,1,9666,2,0,/media/echo/data/voxroom_roomseg_evaluation/grscene_union_fixed0p5_batch32_full7000_20260815_0015/grscene/kujiale_grscene_MVUCSQAKTKJ5EAABAAAAABQ8_usd/attempt_01/roomseg_coverage_eval/events/milestone_040/tvars_original/roomseg_snapshots/roomseg_milestone_040_step_000033.npz,/media/echo/data/voxroom_roomseg_evaluation/grscene_all_available_gt_20260817/metrics_pr_f1_miou_excluding_training_grscenes_20260818_192125/match_visualizations/tvars_original/kujiale_grscene_MVUCSQAKTKJ5EAABAAAAABQ8_usd__kujiale_grscene_MVUCSQAKTKJ5EAABAAAAABQ8_usd__attempt_01__kujiale_grscene_MVUCSQAKTKJ5EAABAAAAABQ8_usd_grscene_frontier_000000/milestone_040.pred_gt_match.png
grscene,kujiale_grscene_MVUCSQAKTKJ5EAABAAAAABQ8_usd,kujiale_grscene_MVUCSQAKTKJ5EAABAAAAABQ8_usd__kujiale_grscene_MVUCSQAKTKJ5EAABAAAAABQ8_usd__attempt_01__kujiale_grscene_MVUCSQAKTKJ5EAABAAAAABQ8_usd_grscene_frontier_000000,voxroom,milestone_040,coverage_milestone,0.40258106408019156,0.4,False,33,1.0,0.8986270733179226,0.9466072468328788,0.8986270733179226,100.0,89.86270733179225,94.66072468328788,89.86270733179225,2,4,9666,2,0,/media/echo/data/voxroom_roomseg_evaluation/grscene_union_fixed0p5_batch32_full7000_20260815_0015/grscene/kujiale_grscene_MVUCSQAKTKJ5EAABAAAAABQ8_usd/attempt_01/roomseg_coverage_eval/events/milestone_040/voxroom/roomseg_snapshots/roomseg_milestone_040_step_000033.npz,/media/echo/data/voxroom_roomseg_evaluation/grscene_all_available_gt_20260817/metrics_pr_f1_miou_excluding_training_grscenes_20260818_192125/match_visualizations/voxroom/kujiale_grscene_MVUCSQAKTKJ5EAABAAAAABQ8_usd__kujiale_grscene_MVUCSQAKTKJ5EAABAAAAABQ8_usd__attempt_01__kujiale_grscene_MVUCSQAKTKJ5EAABAAAAABQ8_usd_grscene_frontier_000000/milestone_040.pred_gt_match.png
grscene,kujiale_grscene_MVUCSQAKTKJ5EAABAAAAABQ8_usd,kujiale_grscene_MVUCSQAKTKJ5EAABAAAAABQ8_usd__kujiale_grscene_MVUCSQAKTKJ5EAABAAAAABQ8_usd__attempt_01__kujiale_grscene_MVUCSQAKTKJ5EAABAAAAABQ8_usd_grscene_frontier_000000,tvars_original,milestone_060,coverage_milestone,0.6102836735522097,0.6,False,226,0.7837338262476895,0.991183331368384,0.8753353940751158,0.19519847224116765,78.37338262476895,99.1183331368384,87.53353940751158,19.519847224116766,4,1,14689,1,0,/media/echo/data/voxroom_roomseg_evaluation/grscene_union_fixed0p5_batch32_full7000_20260815_0015/grscene/kujiale_grscene_MVUCSQAKTKJ5EAABAAAAABQ8_usd/attempt_01/roomseg_coverage_eval/events/milestone_060/tvars_original/roomseg_snapshots/roomseg_milestone_060_step_000226.npz,/media/echo/data/voxroom_roomseg_evaluation/grscene_all_available_gt_20260817/metrics_pr_f1_miou_excluding_training_grscenes_20260818_192125/match_visualizations/tvars_original/kujiale_grscene_MVUCSQAKTKJ5EAABAAAAABQ8_usd__kujiale_grscene_MVUCSQAKTKJ5EAABAAAAABQ8_usd__attempt_01__kujiale_grscene_MVUCSQAKTKJ5EAABAAAAABQ8_usd_grscene_frontier_000000/milestone_060.pred_gt_match.png
grscene,kujiale_grscene_MVUCSQAKTKJ5EAABAAAAABQ8_usd,kujiale_grscene_MVUCSQAKTKJ5EAABAAAAABQ8_usd__kujiale_grscene_MVUCSQAKTKJ5EAABAAAAABQ8_usd__attempt_01__kujiale_grscene_MVUCSQAKTKJ5EAABAAAAABQ8_usd_grscene_frontier_000000,voxroom,milestone_060,coverage_milestone,0.6102836735522097,0.6,False,226,0.8836689109408105,0.9612538164920914,0.9208300169180469,0.6005575320370602,88.36689109408104,96.12538164920915,92.08300169180468,60.05575320370602,4,4,14689,1,0,/media/echo/data/voxroom_roomseg_evaluation/grscene_union_fixed0p5_batch32_full7000_20260815_0015/grscene/kujiale_grscene_MVUCSQAKTKJ5EAABAAAAABQ8_usd/attempt_01/roomseg_coverage_eval/events/milestone_060/voxroom/roomseg_snapshots/roomseg_milestone_060_step_000226.npz,/media/echo/data/voxroom_roomseg_evaluation/grscene_all_available_gt_20260817/metrics_pr_f1_miou_excluding_training_grscenes_20260818_192125/match_visualizations/voxroom/kujiale_grscene_MVUCSQAKTKJ5EAABAAAAABQ8_usd__kujiale_grscene_MVUCSQAKTKJ5EAABAAAAABQ8_usd__attempt_01__kujiale_grscene_MVUCSQAKTKJ5EAABAAAAABQ8_usd_grscene_frontier_000000/milestone_060.pred_gt_match.png
grscene,kujiale_grscene_MVUCSQAKTKJ5EAABAAAAABQ8_usd,kujiale_grscene_MVUCSQAKTKJ5EAABAAAAABQ8_usd__kujiale_grscene_MVUCSQAKTKJ5EAABAAAAABQ8_usd__attempt_01__kujiale_grscene_MVUCSQAKTKJ5EAABAAAAABQ8_usd_grscene_frontier_000000,tvars_original,milestone_070,coverage_milestone,0.7001745059047928,0.7,False,306,0.8688891692424147,0.9544675772890039,0.9096700817073733,0.2536065800809926,86.88891692424147,95.4467577289004,90.96700817073733,25.360658008099264,6,2,17024,0,0,/media/echo/data/voxroom_roomseg_evaluation/grscene_union_fixed0p5_batch32_full7000_20260815_0015/grscene/kujiale_grscene_MVUCSQAKTKJ5EAABAAAAABQ8_usd/attempt_01/roomseg_coverage_eval/events/milestone_070/tvars_original/roomseg_snapshots/roomseg_milestone_070_step_000306.npz,/media/echo/data/voxroom_roomseg_evaluation/grscene_all_available_gt_20260817/metrics_pr_f1_miou_excluding_training_grscenes_20260818_192125/match_visualizations/tvars_original/kujiale_grscene_MVUCSQAKTKJ5EAABAAAAABQ8_usd__kujiale_grscene_MVUCSQAKTKJ5EAABAAAAABQ8_usd__attempt_01__kujiale_grscene_MVUCSQAKTKJ5EAABAAAAABQ8_usd_grscene_frontier_000000/milestone_070.pred_gt_match.png
grscene,kujiale_grscene_MVUCSQAKTKJ5EAABAAAAABQ8_usd,kujiale_grscene_MVUCSQAKTKJ5EAABAAAAABQ8_usd__kujiale_grscene_MVUCSQAKTKJ5EAABAAAAABQ8_usd__attempt_01__kujiale_grscene_MVUCSQAKTKJ5EAABAAAAABQ8_usd_grscene_frontier_000000,voxroom,milestone_070,coverage_milestone,0.7001745059047928,0.7,False,306,0.9290125937138264,0.9577653994422849,0.9431699130822079,0.7258097624058709,92.90125937138264,95.77653994422849,94.31699130822079,72.58097624058709,6,6,17024,0,0,/media/echo/data/voxroom_roomseg_evaluation/grscene_union_fixed0p5_batch32_full7000_20260815_0015/grscene/kujiale_grscene_MVUCSQAKTKJ5EAABAAAAABQ8_usd/attempt_01/roomseg_coverage_eval/events/milestone_070/voxroom/roomseg_snapshots/roomseg_milestone_070_step_000306.npz,/media/echo/data/voxroom_roomseg_evaluation/grscene_all_available_gt_20260817/metrics_pr_f1_miou_excluding_training_grscenes_20260818_192125/match_visualizations/voxroom/kujiale_grscene_MVUCSQAKTKJ5EAABAAAAABQ8_usd__kujiale_grscene_MVUCSQAKTKJ5EAABAAAAABQ8_usd__attempt_01__kujiale_grscene_MVUCSQAKTKJ5EAABAAAAABQ8_usd_grscene_frontier_000000/milestone_070.pred_gt_match.png
grscene,kujiale_grscene_MVUCSQAKTKJ5EAABAAAAABQ8_usd,kujiale_grscene_MVUCSQAKTKJ5EAABAAAAABQ8_usd__kujiale_grscene_MVUCSQAKTKJ5EAABAAAAABQ8_usd__attempt_01__kujiale_grscene_MVUCSQAKTKJ5EAABAAAAABQ8_usd_grscene_frontier_000000,tvars_original,milestone_080,coverage_milestone,0.8042287244835843,0.8,False,658,0.9773670083074788,0.9394154153419042,0.9580154979745293,0.7560614135134865,97.73670083074788,93.94154153419042,95.80154979745294,75.60614135134865,6,6,19192,1,0,/media/echo/data/voxroom_roomseg_evaluation/grscene_union_fixed0p5_batch32_full7000_20260815_0015/grscene/kujiale_grscene_MVUCSQAKTKJ5EAABAAAAABQ8_usd/attempt_01/roomseg_coverage_eval/events/milestone_080/tvars_original/roomseg_snapshots/roomseg_milestone_080_step_000658.npz,/media/echo/data/voxroom_roomseg_evaluation/grscene_all_available_gt_20260817/metrics_pr_f1_miou_excluding_training_grscenes_20260818_192125/match_visualizations/tvars_original/kujiale_grscene_MVUCSQAKTKJ5EAABAAAAABQ8_usd__kujiale_grscene_MVUCSQAKTKJ5EAABAAAAABQ8_usd__attempt_01__kujiale_grscene_MVUCSQAKTKJ5EAABAAAAABQ8_usd_grscene_frontier_000000/milestone_080.pred_gt_match.png
grscene,kujiale_grscene_MVUCSQAKTKJ5EAABAAAAABQ8_usd,kujiale_grscene_MVUCSQAKTKJ5EAABAAAAABQ8_usd__kujiale_grscene_MVUCSQAKTKJ5EAABAAAAABQ8_usd__attempt_01__kujiale_grscene_MVUCSQAKTKJ5EAABAAAAABQ8_usd_grscene_frontier_000000,voxroom,milestone_080,coverage_milestone,0.8042287244835843,0.8,False,658,0.9503979442738749,0.9149865304294966,0.9323561221305443,0.6879137909114376,95.03979442738749,91.49865304294966,93.23561221305442,68.79137909114375,6,9,19192,1,0,/media/echo/data/voxroom_roomseg_evaluation/grscene_union_fixed0p5_batch32_full7000_20260815_0015/grscene/kujiale_grscene_MVUCSQAKTKJ5EAABAAAAABQ8_usd/attempt_01/roomseg_coverage_eval/events/milestone_080/voxroom/roomseg_snapshots/roomseg_milestone_080_step_000658.npz,/media/echo/data/voxroom_roomseg_evaluation/grscene_all_available_gt_20260817/metrics_pr_f1_miou_excluding_training_grscenes_20260818_192125/match_visualizations/voxroom/kujiale_grscene_MVUCSQAKTKJ5EAABAAAAABQ8_usd__kujiale_grscene_MVUCSQAKTKJ5EAABAAAAABQ8_usd__attempt_01__kujiale_grscene_MVUCSQAKTKJ5EAABAAAAABQ8_usd_grscene_frontier_000000/milestone_080.pred_gt_match.png
grscene,kujiale_grscene_MVUCSQAKTKJ5EAABAAAAABQ8_usd,kujiale_grscene_MVUCSQAKTKJ5EAABAAAAABQ8_usd__kujiale_grscene_MVUCSQAKTKJ5EAABAAAAABQ8_usd__attempt_01__kujiale_grscene_MVUCSQAKTKJ5EAABAAAAABQ8_usd_grscene_frontier_000000,tvars_original,milestone_090,coverage_milestone,0.9085264396737145,0.9,False,928,0.9744624384708463,0.957786728848542,0.9660526262496172,0.656045164045812,97.44624384708463,95.7786728848542,96.60526262496172,65.6045164045812,7,6,21837,0,0,/media/echo/data/voxroom_roomseg_evaluation/grscene_union_fixed0p5_batch32_full7000_20260815_0015/grscene/kujiale_grscene_MVUCSQAKTKJ5EAABAAAAABQ8_usd/attempt_01/roomseg_coverage_eval/events/milestone_090/tvars_original/roomseg_snapshots/roomseg_milestone_090_step_000928.npz,/media/echo/data/voxroom_roomseg_evaluation/grscene_all_available_gt_20260817/metrics_pr_f1_miou_excluding_training_grscenes_20260818_192125/match_visualizations/tvars_original/kujiale_grscene_MVUCSQAKTKJ5EAABAAAAABQ8_usd__kujiale_grscene_MVUCSQAKTKJ5EAABAAAAABQ8_usd__attempt_01__kujiale_grscene_MVUCSQAKTKJ5EAABAAAAABQ8_usd_grscene_frontier_000000/milestone_090.pred_gt_match.png
grscene,kujiale_grscene_MVUCSQAKTKJ5EAABAAAAABQ8_usd,kujiale_grscene_MVUCSQAKTKJ5EAABAAAAABQ8_usd__kujiale_grscene_MVUCSQAKTKJ5EAABAAAAABQ8_usd__attempt_01__kujiale_grscene_MVUCSQAKTKJ5EAABAAAAABQ8_usd_grscene_frontier_000000,voxroom,milestone_090,coverage_milestone,0.9085264396737145,0.9,False,928,0.9505368449623557,0.83315715222062,0.887984791203364,0.6209535464325905,95.05368449623558,83.31571522206201,88.79847912033641,62.09535464325905,7,7,21837,0,0,/media/echo/data/voxroom_roomseg_evaluation/grscene_union_fixed0p5_batch32_full7000_20260815_0015/grscene/kujiale_grscene_MVUCSQAKTKJ5EAABAAAAABQ8_usd/attempt_01/roomseg_coverage_eval/events/milestone_090/voxroom/roomseg_snapshots/roomseg_milestone_090_step_000928.npz,/media/echo/data/voxroom_roomseg_evaluation/grscene_all_available_gt_20260817/metrics_pr_f1_miou_excluding_training_grscenes_20260818_192125/match_visualizations/voxroom/kujiale_grscene_MVUCSQAKTKJ5EAABAAAAABQ8_usd__kujiale_grscene_MVUCSQAKTKJ5EAABAAAAABQ8_usd__attempt_01__kujiale_grscene_MVUCSQAKTKJ5EAABAAAAABQ8_usd_grscene_frontier_000000/milestone_090.pred_gt_match.png
grscene,kujiale_grscene_MVUCSQAKTKJ5EAABAAAAABQ8_usd,kujiale_grscene_MVUCSQAKTKJ5EAABAAAAABQ8_usd__kujiale_grscene_MVUCSQAKTKJ5EAABAAAAABQ8_usd__attempt_01__kujiale_grscene_MVUCSQAKTKJ5EAABAAAAABQ8_usd_grscene_frontier_000000,tvars_original,final,terminal_forced,0.9235420640396088,,True,977,0.9742208094802094,0.9611795036573831,0.9676562184603827,0.659263087467573,97.42208094802093,96.11795036573831,96.76562184603827,65.9263087467573,7,6,22179,0,0,/media/echo/data/voxroom_roomseg_evaluation/grscene_union_fixed0p5_batch32_full7000_20260815_0015/grscene/kujiale_grscene_MVUCSQAKTKJ5EAABAAAAABQ8_usd/attempt_01/roomseg_coverage_eval/events/final/tvars_original/roomseg_snapshots/roomseg_final_step_000977.npz,/media/echo/data/voxroom_roomseg_evaluation/grscene_all_available_gt_20260817/metrics_pr_f1_miou_excluding_training_grscenes_20260818_192125/match_visualizations/tvars_original/kujiale_grscene_MVUCSQAKTKJ5EAABAAAAABQ8_usd__kujiale_grscene_MVUCSQAKTKJ5EAABAAAAABQ8_usd__attempt_01__kujiale_grscene_MVUCSQAKTKJ5EAABAAAAABQ8_usd_grscene_frontier_000000/final.pred_gt_match.png
grscene,kujiale_grscene_MVUCSQAKTKJ5EAABAAAAABQ8_usd,kujiale_grscene_MVUCSQAKTKJ5EAABAAAAABQ8_usd__kujiale_grscene_MVUCSQAKTKJ5EAABAAAAABQ8_usd__attempt_01__kujiale_grscene_MVUCSQAKTKJ5EAABAAAAABQ8_usd_grscene_frontier_000000,voxroom,final,terminal_forced,0.9235420640396088,,True,977,0.9525766814211207,0.8236455192069542,0.8834317182569904,0.6169151364973234,95.25766814211207,82.36455192069542,88.34317182569905,61.69151364973234,7,7,22179,0,1,/media/echo/data/voxroom_roomseg_evaluation/grscene_union_fixed0p5_batch32_full7000_20260815_0015/grscene/kujiale_grscene_MVUCSQAKTKJ5EAABAAAAABQ8_usd/attempt_01/roomseg_coverage_eval/events/final/voxroom/roomseg_snapshots/roomseg_final_step_000977.npz,/media/echo/data/voxroom_roomseg_evaluation/grscene_all_available_gt_20260817/metrics_pr_f1_miou_excluding_training_grscenes_20260818_192125/match_visualizations/voxroom/kujiale_grscene_MVUCSQAKTKJ5EAABAAAAABQ8_usd__kujiale_grscene_MVUCSQAKTKJ5EAABAAAAABQ8_usd__attempt_01__kujiale_grscene_MVUCSQAKTKJ5EAABAAAAABQ8_usd_grscene_frontier_000000/final.pred_gt_match.png
grscene,kujiale_grscene_MVUCSQAKTKJ5EAABAAAAABY8_usd,kujiale_grscene_MVUCSQAKTKJ5EAABAAAAABY8_usd__kujiale_grscene_MVUCSQAKTKJ5EAABAAAAABY8_usd__attempt_01__kujiale_grscene_MVUCSQAKTKJ5EAABAAAAABY8_usd_grscene_frontier_000000,tvars_original,milestone_020,coverage_milestone,0.20243538767395627,0.2,False,5,0.695796343778096,0.9916659599739003,0.8177931414110491,0.34287180742861445,69.5796343778096,99.16659599739003,81.7793141411049,34.287180742861445,4,2,3992,1,0,/media/echo/data/voxroom_roomseg_evaluation/grscene_union_fixed0p5_batch32_full7000_20260815_0015/grscene/kujiale_grscene_MVUCSQAKTKJ5EAABAAAAABY8_usd/attempt_01/roomseg_coverage_eval/events/milestone_020/tvars_original/roomseg_snapshots/roomseg_milestone_020_step_000005.npz,/media/echo/data/voxroom_roomseg_evaluation/grscene_all_available_gt_20260817/metrics_pr_f1_miou_excluding_training_grscenes_20260818_192125/match_visualizations/tvars_original/kujiale_grscene_MVUCSQAKTKJ5EAABAAAAABY8_usd__kujiale_grscene_MVUCSQAKTKJ5EAABAAAAABY8_usd__attempt_01__kujiale_grscene_MVUCSQAKTKJ5EAABAAAAABY8_usd_grscene_frontier_000000/milestone_020.pred_gt_match.png
grscene,kujiale_grscene_MVUCSQAKTKJ5EAABAAAAABY8_usd,kujiale_grscene_MVUCSQAKTKJ5EAABAAAAABY8_usd__kujiale_grscene_MVUCSQAKTKJ5EAABAAAAABY8_usd__attempt_01__kujiale_grscene_MVUCSQAKTKJ5EAABAAAAABY8_usd_grscene_frontier_000000,voxroom,milestone_020,coverage_milestone,0.20243538767395627,0.2,False,5,0.9958764322795737,0.965255357505906,0.9803268364507783,0.9612477315965687,99.58764322795737,96.52553575059059,98.03268364507784,96.12477315965687,4,4,3992,1,0,/media/echo/data/voxroom_roomseg_evaluation/grscene_union_fixed0p5_batch32_full7000_20260815_0015/grscene/kujiale_grscene_MVUCSQAKTKJ5EAABAAAAABY8_usd/attempt_01/roomseg_coverage_eval/events/milestone_020/voxroom/roomseg_snapshots/roomseg_milestone_020_step_000005.npz,/media/echo/data/voxroom_roomseg_evaluation/grscene_all_available_gt_20260817/metrics_pr_f1_miou_excluding_training_grscenes_20260818_192125/match_visualizations/voxroom/kujiale_grscene_MVUCSQAKTKJ5EAABAAAAABY8_usd__kujiale_grscene_MVUCSQAKTKJ5EAABAAAAABY8_usd__attempt_01__kujiale_grscene_MVUCSQAKTKJ5EAABAAAAABY8_usd_grscene_frontier_000000/milestone_020.pred_gt_match.png
grscene,kujiale_grscene_MVUCSQAKTKJ5EAABAAAAABY8_usd,kujiale_grscene_MVUCSQAKTKJ5EAABAAAAABY8_usd__kujiale_grscene_MVUCSQAKTKJ5EAABAAAAABY8_usd__attempt_01__kujiale_grscene_MVUCSQAKTKJ5EAABAAAAABY8_usd_grscene_frontier_000000,tvars_original,milestone_040,coverage_milestone,0.40293240556660037,0.4,False,34,0.805690193857913,0.9805369608868268,0.884556045409188,0.4732775779881496,80.5690193857913,98.05369608868268,88.4556045409188,47.327757798814964,5,3,8015,0,0,/media/echo/data/voxroom_roomseg_evaluation/grscene_union_fixed0p5_batch32_full7000_20260815_0015/grscene/kujiale_grscene_MVUCSQAKTKJ5EAABAAAAABY8_usd/attempt_01/roomseg_coverage_eval/events/milestone_040/tvars_original/roomseg_snapshots/roomseg_milestone_040_step_000034.npz,/media/echo/data/voxroom_roomseg_evaluation/grscene_all_available_gt_20260817/metrics_pr_f1_miou_excluding_training_grscenes_20260818_192125/match_visualizations/tvars_original/kujiale_grscene_MVUCSQAKTKJ5EAABAAAAABY8_usd__kujiale_grscene_MVUCSQAKTKJ5EAABAAAAABY8_usd__attempt_01__kujiale_grscene_MVUCSQAKTKJ5EAABAAAAABY8_usd_grscene_frontier_000000/milestone_040.pred_gt_match.png
grscene,kujiale_grscene_MVUCSQAKTKJ5EAABAAAAABY8_usd,kujiale_grscene_MVUCSQAKTKJ5EAABAAAAABY8_usd__kujiale_grscene_MVUCSQAKTKJ5EAABAAAAABY8_usd__attempt_01__kujiale_grscene_MVUCSQAKTKJ5EAABAAAAABY8_usd_grscene_frontier_000000,voxroom,milestone_040,coverage_milestone,0.40293240556660037,0.4,False,34,0.8956805125104859,0.9653872799724562,0.9292284538901435,0.6900866727620404,89.56805125104859,96.53872799724562,92.92284538901436,69.00866727620404,5,4,8015,0,0,/media/echo/data/voxroom_roomseg_evaluation/grscene_union_fixed0p5_batch32_full7000_20260815_0015/grscene/kujiale_grscene_MVUCSQAKTKJ5EAABAAAAABY8_usd/attempt_01/roomseg_coverage_eval/events/milestone_040/voxroom/roomseg_snapshots/roomseg_milestone_040_step_000034.npz,/media/echo/data/voxroom_roomseg_evaluation/grscene_all_available_gt_20260817/metrics_pr_f1_miou_excluding_training_grscenes_20260818_192125/match_visualizations/voxroom/kujiale_grscene_MVUCSQAKTKJ5EAABAAAAABY8_usd__kujiale_grscene_MVUCSQAKTKJ5EAABAAAAABY8_usd__attempt_01__kujiale_grscene_MVUCSQAKTKJ5EAABAAAAABY8_usd_grscene_frontier_000000/milestone_040.pred_gt_match.png
grscene,kujiale_grscene_MVUCSQAKTKJ5EAABAAAAABY8_usd,kujiale_grscene_MVUCSQAKTKJ5EAABAAAAABY8_usd__kujiale_grscene_MVUCSQAKTKJ5EAABAAAAABY8_usd__attempt_01__kujiale_grscene_MVUCSQAKTKJ5EAABAAAAABY8_usd_grscene_frontier_000000,tvars_original,milestone_060,coverage_milestone,0.6142147117296223,0.6,False,120,0.8358401404432798,0.9820891431994433,0.9030819127736415,0.49405547522549,83.58401404432799,98.20891431994433,90.30819127736414,49.405547522549,5,3,12105,1,1,/media/echo/data/voxroom_roomseg_evaluation/grscene_union_fixed0p5_batch32_full7000_20260815_0015/grscene/kujiale_grscene_MVUCSQAKTKJ5EAABAAAAABY8_usd/attempt_01/roomseg_coverage_eval/events/milestone_060/tvars_original/roomseg_snapshots/roomseg_milestone_060_step_000120.npz,/media/echo/data/voxroom_roomseg_evaluation/grscene_all_available_gt_20260817/metrics_pr_f1_miou_excluding_training_grscenes_20260818_192125/match_visualizations/tvars_original/kujiale_grscene_MVUCSQAKTKJ5EAABAAAAABY8_usd__kujiale_grscene_MVUCSQAKTKJ5EAABAAAAABY8_usd__attempt_01__kujiale_grscene_MVUCSQAKTKJ5EAABAAAAABY8_usd_grscene_frontier_000000/milestone_060.pred_gt_match.png
grscene,kujiale_grscene_MVUCSQAKTKJ5EAABAAAAABY8_usd,kujiale_grscene_MVUCSQAKTKJ5EAABAAAAABY8_usd__kujiale_grscene_MVUCSQAKTKJ5EAABAAAAABY8_usd__attempt_01__kujiale_grscene_MVUCSQAKTKJ5EAABAAAAABY8_usd_grscene_frontier_000000,voxroom,milestone_060,coverage_milestone,0.6142147117296223,0.6,False,120,0.8586288112083089,0.9692986567832096,0.9106135423349737,0.4946014226789524,85.86288112083089,96.92986567832097,91.06135423349737,49.46014226789524,5,3,12105,1,0,/media/echo/data/voxroom_roomseg_evaluation/grscene_union_fixed0p5_batch32_full7000_20260815_0015/grscene/kujiale_grscene_MVUCSQAKTKJ5EAABAAAAABY8_usd/attempt_01/roomseg_coverage_eval/events/milestone_060/voxroom/roomseg_snapshots/roomseg_milestone_060_step_000120.npz,/media/echo/data/voxroom_roomseg_evaluation/grscene_all_available_gt_20260817/metrics_pr_f1_miou_excluding_training_grscenes_20260818_192125/match_visualizations/voxroom/kujiale_grscene_MVUCSQAKTKJ5EAABAAAAABY8_usd__kujiale_grscene_MVUCSQAKTKJ5EAABAAAAABY8_usd__attempt_01__kujiale_grscene_MVUCSQAKTKJ5EAABAAAAABY8_usd_grscene_frontier_000000/milestone_060.pred_gt_match.png
grscene,kujiale_grscene_MVUCSQAKTKJ5EAABAAAAABY8_usd,kujiale_grscene_MVUCSQAKTKJ5EAABAAAAABY8_usd__kujiale_grscene_MVUCSQAKTKJ5EAABAAAAABY8_usd__attempt_01__kujiale_grscene_MVUCSQAKTKJ5EAABAAAAABY8_usd_grscene_frontier_000000,tvars_original,milestone_070,coverage_milestone,0.7030815109343936,0.7,False,133,0.8553279061596157,0.9816376093214544,0.9141402317163997,0.5051857457693631,85.53279061596157,98.16376093214544,91.41402317163997,50.51857457693632,5,3,13871,1,1,/media/echo/data/voxroom_roomseg_evaluation/grscene_union_fixed0p5_batch32_full7000_20260815_0015/grscene/kujiale_grscene_MVUCSQAKTKJ5EAABAAAAABY8_usd/attempt_01/roomseg_coverage_eval/events/milestone_070/tvars_original/roomseg_snapshots/roomseg_milestone_070_step_000133.npz,/media/echo/data/voxroom_roomseg_evaluation/grscene_all_available_gt_20260817/metrics_pr_f1_miou_excluding_training_grscenes_20260818_192125/match_visualizations/tvars_original/kujiale_grscene_MVUCSQAKTKJ5EAABAAAAABY8_usd__kujiale_grscene_MVUCSQAKTKJ5EAABAAAAABY8_usd__attempt_01__kujiale_grscene_MVUCSQAKTKJ5EAABAAAAABY8_usd_grscene_frontier_000000/milestone_070.pred_gt_match.png
grscene,kujiale_grscene_MVUCSQAKTKJ5EAABAAAAABY8_usd,kujiale_grscene_MVUCSQAKTKJ5EAABAAAAABY8_usd__kujiale_grscene_MVUCSQAKTKJ5EAABAAAAABY8_usd__attempt_01__kujiale_grscene_MVUCSQAKTKJ5EAABAAAAABY8_usd_grscene_frontier_000000,voxroom,milestone_070,coverage_milestone,0.7030815109343936,0.7,False,133,0.8812055772768109,0.9689892956171571,0.9230149581852203,0.5076548610810961,88.12055772768109,96.8989295617157,92.30149581852203,50.76548610810961,5,3,13871,1,0,/media/echo/data/voxroom_roomseg_evaluation/grscene_union_fixed0p5_batch32_full7000_20260815_0015/grscene/kujiale_grscene_MVUCSQAKTKJ5EAABAAAAABY8_usd/attempt_01/roomseg_coverage_eval/events/milestone_070/voxroom/roomseg_snapshots/roomseg_milestone_070_step_000133.npz,/media/echo/data/voxroom_roomseg_evaluation/grscene_all_available_gt_20260817/metrics_pr_f1_miou_excluding_training_grscenes_20260818_192125/match_visualizations/voxroom/kujiale_grscene_MVUCSQAKTKJ5EAABAAAAABY8_usd__kujiale_grscene_MVUCSQAKTKJ5EAABAAAAABY8_usd__attempt_01__kujiale_grscene_MVUCSQAKTKJ5EAABAAAAABY8_usd_grscene_frontier_000000/milestone_070.pred_gt_match.png
grscene,kujiale_grscene_MVUCSQAKTKJ5EAABAAAAABY8_usd,kujiale_grscene_MVUCSQAKTKJ5EAABAAAAABY8_usd__kujiale_grscene_MVUCSQAKTKJ5EAABAAAAABY8_usd__attempt_01__kujiale_grscene_MVUCSQAKTKJ5EAABAAAAABY8_usd_grscene_frontier_000000,tvars_original,milestone_080,coverage_milestone,0.8004970178926442,0.8,False,176,0.8568317770964148,0.9853426490529597,0.916604726515162,0.42207886406768985,85.68317770964148,98.53426490529597,91.6604726515162,42.207886406768985,6,3,15794,1,1,/media/echo/data/voxroom_roomseg_evaluation/grscene_union_fixed0p5_batch32_full7000_20260815_0015/grscene/kujiale_grscene_MVUCSQAKTKJ5EAABAAAAABY8_usd/attempt_01/roomseg_coverage_eval/events/milestone_080/tvars_original/roomseg_snapshots/roomseg_milestone_080_step_000176.npz,/media/echo/data/voxroom_roomseg_evaluation/grscene_all_available_gt_20260817/metrics_pr_f1_miou_excluding_training_grscenes_20260818_192125/match_visualizations/tvars_original/kujiale_grscene_MVUCSQAKTKJ5EAABAAAAABY8_usd__kujiale_grscene_MVUCSQAKTKJ5EAABAAAAABY8_usd__attempt_01__kujiale_grscene_MVUCSQAKTKJ5EAABAAAAABY8_usd_grscene_frontier_000000/milestone_080.pred_gt_match.png
grscene,kujiale_grscene_MVUCSQAKTKJ5EAABAAAAABY8_usd,kujiale_grscene_MVUCSQAKTKJ5EAABAAAAABY8_usd__kujiale_grscene_MVUCSQAKTKJ5EAABAAAAABY8_usd__attempt_01__kujiale_grscene_MVUCSQAKTKJ5EAABAAAAABY8_usd_grscene_frontier_000000,voxroom,milestone_080,coverage_milestone,0.8004970178926442,0.8,False,176,0.8872763704477012,0.9748637609203993,0.9290101909086271,0.42630763119081766,88.72763704477012,97.48637609203993,92.90101909086272,42.63076311908176,6,3,15794,1,0,/media/echo/data/voxroom_roomseg_evaluation/grscene_union_fixed0p5_batch32_full7000_20260815_0015/grscene/kujiale_grscene_MVUCSQAKTKJ5EAABAAAAABY8_usd/attempt_01/roomseg_coverage_eval/events/milestone_080/voxroom/roomseg_snapshots/roomseg_milestone_080_step_000176.npz,/media/echo/data/voxroom_roomseg_evaluation/grscene_all_available_gt_20260817/metrics_pr_f1_miou_excluding_training_grscenes_20260818_192125/match_visualizations/voxroom/kujiale_grscene_MVUCSQAKTKJ5EAABAAAAABY8_usd__kujiale_grscene_MVUCSQAKTKJ5EAABAAAAABY8_usd__attempt_01__kujiale_grscene_MVUCSQAKTKJ5EAABAAAAABY8_usd_grscene_frontier_000000/milestone_080.pred_gt_match.png
grscene,kujiale_grscene_MVUCSQAKTKJ5EAABAAAAABY8_usd,kujiale_grscene_MVUCSQAKTKJ5EAABAAAAABY8_usd__kujiale_grscene_MVUCSQAKTKJ5EAABAAAAABY8_usd__attempt_01__kujiale_grscene_MVUCSQAKTKJ5EAABAAAAABY8_usd_grscene_frontier_000000,tvars_original,milestone_090,coverage_milestone,0.9010437375745527,0.9,False,269,0.8896388147889109,0.9734880214656991,0.9296766197291723,0.49455486233187235,88.9638814788911,97.34880214656991,92.96766197291723,49.45548623318724,7,4,17757,1,1,/media/echo/data/voxroom_roomseg_evaluation/grscene_union_fixed0p5_batch32_full7000_20260815_0015/grscene/kujiale_grscene_MVUCSQAKTKJ5EAABAAAAABY8_usd/attempt_01/roomseg_coverage_eval/events/milestone_090/tvars_original/roomseg_snapshots/roomseg_milestone_090_step_000269.npz,/media/echo/data/voxroom_roomseg_evaluation/grscene_all_available_gt_20260817/metrics_pr_f1_miou_excluding_training_grscenes_20260818_192125/match_visualizations/tvars_original/kujiale_grscene_MVUCSQAKTKJ5EAABAAAAABY8_usd__kujiale_grscene_MVUCSQAKTKJ5EAABAAAAABY8_usd__attempt_01__kujiale_grscene_MVUCSQAKTKJ5EAABAAAAABY8_usd_grscene_frontier_000000/milestone_090.pred_gt_match.png
grscene,kujiale_grscene_MVUCSQAKTKJ5EAABAAAAABY8_usd,kujiale_grscene_MVUCSQAKTKJ5EAABAAAAABY8_usd__kujiale_grscene_MVUCSQAKTKJ5EAABAAAAABY8_usd__attempt_01__kujiale_grscene_MVUCSQAKTKJ5EAABAAAAABY8_usd_grscene_frontier_000000,voxroom,milestone_090,coverage_milestone,0.9010437375745527,0.9,False,269,0.8760742108889933,0.9720414641841767,0.9215661878446204,0.3605947309762317,87.60742108889933,97.20414641841766,92.15661878446204,36.05947309762317,7,3,17757,1,0,/media/echo/data/voxroom_roomseg_evaluation/grscene_union_fixed0p5_batch32_full7000_20260815_0015/grscene/kujiale_grscene_MVUCSQAKTKJ5EAABAAAAABY8_usd/attempt_01/roomseg_coverage_eval/events/milestone_090/voxroom/roomseg_snapshots/roomseg_milestone_090_step_000269.npz,/media/echo/data/voxroom_roomseg_evaluation/grscene_all_available_gt_20260817/metrics_pr_f1_miou_excluding_training_grscenes_20260818_192125/match_visualizations/voxroom/kujiale_grscene_MVUCSQAKTKJ5EAABAAAAABY8_usd__kujiale_grscene_MVUCSQAKTKJ5EAABAAAAABY8_usd__attempt_01__kujiale_grscene_MVUCSQAKTKJ5EAABAAAAABY8_usd_grscene_frontier_000000/milestone_090.pred_gt_match.png
grscene,kujiale_grscene_MVUCSQAKTKJ5EAABAAAAABY8_usd,kujiale_grscene_MVUCSQAKTKJ5EAABAAAAABY8_usd__kujiale_grscene_MVUCSQAKTKJ5EAABAAAAABY8_usd__attempt_01__kujiale_grscene_MVUCSQAKTKJ5EAABAAAAABY8_usd_grscene_frontier_000000,tvars_original,final,terminal_forced,0.9923459244532803,,True,655,0.907401934071612,0.9912325312468508,0.9474665422943596,0.5598544332643465,90.7401934071612,99.12325312468508,94.74665422943596,55.98544332643465,8,5,19618,0,0,/media/echo/data/voxroom_roomseg_evaluation/grscene_union_fixed0p5_batch32_full7000_20260815_0015/grscene/kujiale_grscene_MVUCSQAKTKJ5EAABAAAAABY8_usd/attempt_01/roomseg_coverage_eval/events/final/tvars_original/roomseg_snapshots/roomseg_final_step_000655.npz,/media/echo/data/voxroom_roomseg_evaluation/grscene_all_available_gt_20260817/metrics_pr_f1_miou_excluding_training_grscenes_20260818_192125/match_visualizations/tvars_original/kujiale_grscene_MVUCSQAKTKJ5EAABAAAAABY8_usd__kujiale_grscene_MVUCSQAKTKJ5EAABAAAAABY8_usd__attempt_01__kujiale_grscene_MVUCSQAKTKJ5EAABAAAAABY8_usd_grscene_frontier_000000/final.pred_gt_match.png
grscene,kujiale_grscene_MVUCSQAKTKJ5EAABAAAAABY8_usd,kujiale_grscene_MVUCSQAKTKJ5EAABAAAAABY8_usd__kujiale_grscene_MVUCSQAKTKJ5EAABAAAAABY8_usd__attempt_01__kujiale_grscene_MVUCSQAKTKJ5EAABAAAAABY8_usd_grscene_frontier_000000,voxroom,final,terminal_forced,0.9923459244532803,,True,655,0.8520667449172662,0.9887762483096793,0.9153451570270537,0.30884089427655614,85.20667449172662,98.87762483096793,91.53451570270536,30.884089427655613,8,3,19618,0,0,/media/echo/data/voxroom_roomseg_evaluation/grscene_union_fixed0p5_batch32_full7000_20260815_0015/grscene/kujiale_grscene_MVUCSQAKTKJ5EAABAAAAABY8_usd/attempt_01/roomseg_coverage_eval/events/final/voxroom/roomseg_snapshots/roomseg_final_step_000655.npz,/media/echo/data/voxroom_roomseg_evaluation/grscene_all_available_gt_20260817/metrics_pr_f1_miou_excluding_training_grscenes_20260818_192125/match_visualizations/voxroom/kujiale_grscene_MVUCSQAKTKJ5EAABAAAAABY8_usd__kujiale_grscene_MVUCSQAKTKJ5EAABAAAAABY8_usd__attempt_01__kujiale_grscene_MVUCSQAKTKJ5EAABAAAAABY8_usd_grscene_frontier_000000/final.pred_gt_match.png
grscene,kujiale_grscene_MVUCSQAKTKJ5EAABAAAAACI8_usd,kujiale_grscene_MVUCSQAKTKJ5EAABAAAAACI8_usd__kujiale_grscene_MVUCSQAKTKJ5EAABAAAAACI8_usd__attempt_01__kujiale_grscene_MVUCSQAKTKJ5EAABAAAAACI8_usd_grscene_frontier_000000,tvars_original,milestone_020,coverage_milestone,0.2959312743754612,0.2,False,0,0.535934664246824,0.9899082281873237,0.695387626785617,0.2669499186403905,53.593466424682404,98.99082281873237,69.53876267856171,26.694991864039054,2,1,5565,0,0,/media/echo/data/voxroom_roomseg_evaluation/grscene_union_fixed0p5_batch32_full7000_20260815_0015/grscene/kujiale_grscene_MVUCSQAKTKJ5EAABAAAAACI8_usd/attempt_01/roomseg_coverage_eval/events/milestone_020/tvars_original/roomseg_snapshots/roomseg_milestone_020_step_000000.npz,/media/echo/data/voxroom_roomseg_evaluation/grscene_all_available_gt_20260817/metrics_pr_f1_miou_excluding_training_grscenes_20260818_192125/match_visualizations/tvars_original/kujiale_grscene_MVUCSQAKTKJ5EAABAAAAACI8_usd__kujiale_grscene_MVUCSQAKTKJ5EAABAAAAACI8_usd__attempt_01__kujiale_grscene_MVUCSQAKTKJ5EAABAAAAACI8_usd_grscene_frontier_000000/milestone_020.pred_gt_match.png
grscene,kujiale_grscene_MVUCSQAKTKJ5EAABAAAAACI8_usd,kujiale_grscene_MVUCSQAKTKJ5EAABAAAAACI8_usd__kujiale_grscene_MVUCSQAKTKJ5EAABAAAAACI8_usd__attempt_01__kujiale_grscene_MVUCSQAKTKJ5EAABAAAAACI8_usd_grscene_frontier_000000,voxroom,milestone_020,coverage_milestone,0.2959312743754612,0.2,False,0,0.535934664246824,0.9899082281873237,0.695387626785617,0.2669499186403905,53.593466424682404,98.99082281873237,69.53876267856171,26.694991864039054,2,1,5565,0,0,/media/echo/data/voxroom_roomseg_evaluation/grscene_union_fixed0p5_batch32_full7000_20260815_0015/grscene/kujiale_grscene_MVUCSQAKTKJ5EAABAAAAACI8_usd/attempt_01/roomseg_coverage_eval/events/milestone_020/voxroom/roomseg_snapshots/roomseg_milestone_020_step_000000.npz,/media/echo/data/voxroom_roomseg_evaluation/grscene_all_available_gt_20260817/metrics_pr_f1_miou_excluding_training_grscenes_20260818_192125/match_visualizations/voxroom/kujiale_grscene_MVUCSQAKTKJ5EAABAAAAACI8_usd__kujiale_grscene_MVUCSQAKTKJ5EAABAAAAACI8_usd__attempt_01__kujiale_grscene_MVUCSQAKTKJ5EAABAAAAACI8_usd_grscene_frontier_000000/milestone_020.pred_gt_match.png
grscene,kujiale_grscene_MVUCSQAKTKJ5EAABAAAAACI8_usd,kujiale_grscene_MVUCSQAKTKJ5EAABAAAAACI8_usd__kujiale_grscene_MVUCSQAKTKJ5EAABAAAAACI8_usd__attempt_01__kujiale_grscene_MVUCSQAKTKJ5EAABAAAAACI8_usd_grscene_frontier_000000,tvars_original,milestone_040,coverage_milestone,0.4002318962791188,0.4,False,46,0.656953103822174,0.9806313027099669,0.7868037524670339,0.3259144701452394,65.6953103822174,98.0631302709967,78.68037524670339,32.591447014523936,2,1,7506,0,0,/media/echo/data/voxroom_roomseg_evaluation/grscene_union_fixed0p5_batch32_full7000_20260815_0015/grscene/kujiale_grscene_MVUCSQAKTKJ5EAABAAAAACI8_usd/attempt_01/roomseg_coverage_eval/events/milestone_040/tvars_original/roomseg_snapshots/roomseg_milestone_040_step_000046.npz,/media/echo/data/voxroom_roomseg_evaluation/grscene_all_available_gt_20260817/metrics_pr_f1_miou_excluding_training_grscenes_20260818_192125/match_visualizations/tvars_original/kujiale_grscene_MVUCSQAKTKJ5EAABAAAAACI8_usd__kujiale_grscene_MVUCSQAKTKJ5EAABAAAAACI8_usd__attempt_01__kujiale_grscene_MVUCSQAKTKJ5EAABAAAAACI8_usd_grscene_frontier_000000/milestone_040.pred_gt_match.png
grscene,kujiale_grscene_MVUCSQAKTKJ5EAABAAAAACI8_usd,kujiale_grscene_MVUCSQAKTKJ5EAABAAAAACI8_usd__kujiale_grscene_MVUCSQAKTKJ5EAABAAAAACI8_usd__attempt_01__kujiale_grscene_MVUCSQAKTKJ5EAABAAAAACI8_usd_grscene_frontier_000000,voxroom,milestone_040,coverage_milestone,0.4002318962791188,0.4,False,46,0.656953103822174,0.9806313027099669,0.7868037524670339,0.3259144701452394,65.6953103822174,98.0631302709967,78.68037524670339,32.591447014523936,2,1,7506,0,0,/media/echo/data/voxroom_roomseg_evaluation/grscene_union_fixed0p5_batch32_full7000_20260815_0015/grscene/kujiale_grscene_MVUCSQAKTKJ5EAABAAAAACI8_usd/attempt_01/roomseg_coverage_eval/events/milestone_040/voxroom/roomseg_snapshots/roomseg_milestone_040_step_000046.npz,/media/echo/data/voxroom_roomseg_evaluation/grscene_all_available_gt_20260817/metrics_pr_f1_miou_excluding_training_grscenes_20260818_192125/match_visualizations/voxroom/kujiale_grscene_MVUCSQAKTKJ5EAABAAAAACI8_usd__kujiale_grscene_MVUCSQAKTKJ5EAABAAAAACI8_usd__attempt_01__kujiale_grscene_MVUCSQAKTKJ5EAABAAAAACI8_usd_grscene_frontier_000000/milestone_040.pred_gt_match.png
grscene,kujiale_grscene_MVUCSQAKTKJ5EAABAAAAACI8_usd,kujiale_grscene_MVUCSQAKTKJ5EAABAAAAACI8_usd__kujiale_grscene_MVUCSQAKTKJ5EAABAAAAACI8_usd__attempt_01__kujiale_grscene_MVUCSQAKTKJ5EAABAAAAACI8_usd_grscene_frontier_000000,tvars_original,milestone_060,coverage_milestone,0.6010329925160747,0.6,False,107,0.7216678545972915,0.9984027521808576,0.8377739487566527,0.23972298677084258,72.16678545972916,99.84027521808576,83.77739487566527,23.972298677084257,3,1,11263,1,0,/media/echo/data/voxroom_roomseg_evaluation/grscene_union_fixed0p5_batch32_full7000_20260815_0015/grscene/kujiale_grscene_MVUCSQAKTKJ5EAABAAAAACI8_usd/attempt_01/roomseg_coverage_eval/events/milestone_060/tvars_original/roomseg_snapshots/roomseg_milestone_060_step_000107.npz,/media/echo/data/voxroom_roomseg_evaluation/grscene_all_available_gt_20260817/metrics_pr_f1_miou_excluding_training_grscenes_20260818_192125/match_visualizations/tvars_original/kujiale_grscene_MVUCSQAKTKJ5EAABAAAAACI8_usd__kujiale_grscene_MVUCSQAKTKJ5EAABAAAAACI8_usd__attempt_01__kujiale_grscene_MVUCSQAKTKJ5EAABAAAAACI8_usd_grscene_frontier_000000/milestone_060.pred_gt_match.png
grscene,kujiale_grscene_MVUCSQAKTKJ5EAABAAAAACI8_usd,kujiale_grscene_MVUCSQAKTKJ5EAABAAAAACI8_usd__kujiale_grscene_MVUCSQAKTKJ5EAABAAAAACI8_usd__attempt_01__kujiale_grscene_MVUCSQAKTKJ5EAABAAAAACI8_usd_grscene_frontier_000000,voxroom,milestone_060,coverage_milestone,0.6010329925160747,0.6,False,107,0.7216678545972915,0.9984027521808576,0.8377739487566527,0.23972298677084258,72.16678545972916,99.84027521808576,83.77739487566527,23.972298677084257,3,1,11263,1,0,/media/echo/data/voxroom_roomseg_evaluation/grscene_union_fixed0p5_batch32_full7000_20260815_0015/grscene/kujiale_grscene_MVUCSQAKTKJ5EAABAAAAACI8_usd/attempt_01/roomseg_coverage_eval/events/milestone_060/voxroom/roomseg_snapshots/roomseg_milestone_060_step_000107.npz,/media/echo/data/voxroom_roomseg_evaluation/grscene_all_available_gt_20260817/metrics_pr_f1_miou_excluding_training_grscenes_20260818_192125/match_visualizations/voxroom/kujiale_grscene_MVUCSQAKTKJ5EAABAAAAACI8_usd__kujiale_grscene_MVUCSQAKTKJ5EAABAAAAACI8_usd__attempt_01__kujiale_grscene_MVUCSQAKTKJ5EAABAAAAACI8_usd_grscene_frontier_000000/milestone_060.pred_gt_match.png
grscene,kujiale_grscene_MVUCSQAKTKJ5EAABAAAAACI8_usd,kujiale_grscene_MVUCSQAKTKJ5EAABAAAAACI8_usd__kujiale_grscene_MVUCSQAKTKJ5EAABAAAAACI8_usd__attempt_01__kujiale_grscene_MVUCSQAKTKJ5EAABAAAAACI8_usd_grscene_frontier_000000,tvars_original,milestone_070,coverage_milestone,0.7072309476125224,0.7,False,130,0.7228605987299668,0.9987336022913151,0.8386937749857256,0.18030623020063358,72.28605987299667,99.87336022913152,83.86937749857256,18.03062302006336,4,1,13259,1,0,/media/echo/data/voxroom_roomseg_evaluation/grscene_union_fixed0p5_batch32_full7000_20260815_0015/grscene/kujiale_grscene_MVUCSQAKTKJ5EAABAAAAACI8_usd/attempt_01/roomseg_coverage_eval/events/milestone_070/tvars_original/roomseg_snapshots/roomseg_milestone_070_step_000130.npz,/media/echo/data/voxroom_roomseg_evaluation/grscene_all_available_gt_20260817/metrics_pr_f1_miou_excluding_training_grscenes_20260818_192125/match_visualizations/tvars_original/kujiale_grscene_MVUCSQAKTKJ5EAABAAAAACI8_usd__kujiale_grscene_MVUCSQAKTKJ5EAABAAAAACI8_usd__attempt_01__kujiale_grscene_MVUCSQAKTKJ5EAABAAAAACI8_usd_grscene_frontier_000000/milestone_070.pred_gt_match.png
grscene,kujiale_grscene_MVUCSQAKTKJ5EAABAAAAACI8_usd,kujiale_grscene_MVUCSQAKTKJ5EAABAAAAACI8_usd__kujiale_grscene_MVUCSQAKTKJ5EAABAAAAACI8_usd__attempt_01__kujiale_grscene_MVUCSQAKTKJ5EAABAAAAACI8_usd_grscene_frontier_000000,voxroom,milestone_070,coverage_milestone,0.7072309476125224,0.7,False,130,0.7228605987299668,0.9987336022913151,0.8386937749857256,0.18030623020063358,72.28605987299667,99.87336022913152,83.86937749857256,18.03062302006336,4,1,13259,1,0,/media/echo/data/voxroom_roomseg_evaluation/grscene_union_fixed0p5_batch32_full7000_20260815_0015/grscene/kujiale_grscene_MVUCSQAKTKJ5EAABAAAAACI8_usd/attempt_01/roomseg_coverage_eval/events/milestone_070/voxroom/roomseg_snapshots/roomseg_milestone_070_step_000130.npz,/media/echo/data/voxroom_roomseg_evaluation/grscene_all_available_gt_20260817/metrics_pr_f1_miou_excluding_training_grscenes_20260818_192125/match_visualizations/voxroom/kujiale_grscene_MVUCSQAKTKJ5EAABAAAAACI8_usd__kujiale_grscene_MVUCSQAKTKJ5EAABAAAAACI8_usd__attempt_01__kujiale_grscene_MVUCSQAKTKJ5EAABAAAAACI8_usd_grscene_frontier_000000/milestone_070.pred_gt_match.png
grscene,kujiale_grscene_MVUCSQAKTKJ5EAABAAAAACI8_usd,kujiale_grscene_MVUCSQAKTKJ5EAABAAAAACI8_usd__kujiale_grscene_MVUCSQAKTKJ5EAABAAAAACI8_usd__attempt_01__kujiale_grscene_MVUCSQAKTKJ5EAABAAAAACI8_usd_grscene_frontier_000000,tvars_original,milestone_080,coverage_milestone,0.8010962369558343,0.8,False,201,0.6572612998127841,0.9869426446328753,0.789049567291692,0.13126794418107765,65.72612998127842,98.69426446328752,78.9049567291692,13.126794418107766,5,1,15024,0,0,/media/echo/data/voxroom_roomseg_evaluation/grscene_union_fixed0p5_batch32_full7000_20260815_0015/grscene/kujiale_grscene_MVUCSQAKTKJ5EAABAAAAACI8_usd/attempt_01/roomseg_coverage_eval/events/milestone_080/tvars_original/roomseg_snapshots/roomseg_milestone_080_step_000201.npz,/media/echo/data/voxroom_roomseg_evaluation/grscene_all_available_gt_20260817/metrics_pr_f1_miou_excluding_training_grscenes_20260818_192125/match_visualizations/tvars_original/kujiale_grscene_MVUCSQAKTKJ5EAABAAAAACI8_usd__kujiale_grscene_MVUCSQAKTKJ5EAABAAAAACI8_usd__attempt_01__kujiale_grscene_MVUCSQAKTKJ5EAABAAAAACI8_usd_grscene_frontier_000000/milestone_080.pred_gt_match.png
grscene,kujiale_grscene_MVUCSQAKTKJ5EAABAAAAACI8_usd,kujiale_grscene_MVUCSQAKTKJ5EAABAAAAACI8_usd__kujiale_grscene_MVUCSQAKTKJ5EAABAAAAACI8_usd__attempt_01__kujiale_grscene_MVUCSQAKTKJ5EAABAAAAACI8_usd_grscene_frontier_000000,voxroom,milestone_080,coverage_milestone,0.8010962369558343,0.8,False,201,0.6572612998127841,0.9869426446328753,0.789049567291692,0.13126794418107765,65.72612998127842,98.69426446328752,78.9049567291692,13.126794418107766,5,1,15024,0,0,/media/echo/data/voxroom_roomseg_evaluation/grscene_union_fixed0p5_batch32_full7000_20260815_0015/grscene/kujiale_grscene_MVUCSQAKTKJ5EAABAAAAACI8_usd/attempt_01/roomseg_coverage_eval/events/milestone_080/voxroom/roomseg_snapshots/roomseg_milestone_080_step_000201.npz,/media/echo/data/voxroom_roomseg_evaluation/grscene_all_available_gt_20260817/metrics_pr_f1_miou_excluding_training_grscenes_20260818_192125/match_visualizations/voxroom/kujiale_grscene_MVUCSQAKTKJ5EAABAAAAACI8_usd__kujiale_grscene_MVUCSQAKTKJ5EAABAAAAACI8_usd__attempt_01__kujiale_grscene_MVUCSQAKTKJ5EAABAAAAACI8_usd_grscene_frontier_000000/milestone_080.pred_gt_match.png
grscene,kujiale_grscene_MVUCSQAKTKJ5EAABAAAAACI8_usd,kujiale_grscene_MVUCSQAKTKJ5EAABAAAAACI8_usd__kujiale_grscene_MVUCSQAKTKJ5EAABAAAAACI8_usd__attempt_01__kujiale_grscene_MVUCSQAKTKJ5EAABAAAAACI8_usd_grscene_frontier_000000,tvars_original,milestone_090,coverage_milestone,0.9056603773584906,0.9,False,383,0.8804318496405172,0.9888260584450999,0.9314861815951038,0.4309439311033097,88.04318496405172,98.88260584450998,93.14861815951038,43.09439311033097,6,3,16955,0,0,/media/echo/data/voxroom_roomseg_evaluation/grscene_union_fixed0p5_batch32_full7000_20260815_0015/grscene/kujiale_grscene_MVUCSQAKTKJ5EAABAAAAACI8_usd/attempt_01/roomseg_coverage_eval/events/milestone_090/tvars_original/roomseg_snapshots/roomseg_milestone_090_step_000383.npz,/media/echo/data/voxroom_roomseg_evaluation/grscene_all_available_gt_20260817/metrics_pr_f1_miou_excluding_training_grscenes_20260818_192125/match_visualizations/tvars_original/kujiale_grscene_MVUCSQAKTKJ5EAABAAAAACI8_usd__kujiale_grscene_MVUCSQAKTKJ5EAABAAAAACI8_usd__attempt_01__kujiale_grscene_MVUCSQAKTKJ5EAABAAAAACI8_usd_grscene_frontier_000000/milestone_090.pred_gt_match.png
grscene,kujiale_grscene_MVUCSQAKTKJ5EAABAAAAACI8_usd,kujiale_grscene_MVUCSQAKTKJ5EAABAAAAACI8_usd__kujiale_grscene_MVUCSQAKTKJ5EAABAAAAACI8_usd__attempt_01__kujiale_grscene_MVUCSQAKTKJ5EAABAAAAACI8_usd_grscene_frontier_000000,voxroom,milestone_090,coverage_milestone,0.9056603773584906,0.9,False,383,0.5978492082250059,0.998082536939772,0.7477799176067382,0.09950043269609,59.78492082250059,99.8082536939772,74.77799176067383,9.950043269609,6,1,16955,0,0,/media/echo/data/voxroom_roomseg_evaluation/grscene_union_fixed0p5_batch32_full7000_20260815_0015/grscene/kujiale_grscene_MVUCSQAKTKJ5EAABAAAAACI8_usd/attempt_01/roomseg_coverage_eval/events/milestone_090/voxroom/roomseg_snapshots/roomseg_milestone_090_step_000383.npz,/media/echo/data/voxroom_roomseg_evaluation/grscene_all_available_gt_20260817/metrics_pr_f1_miou_excluding_training_grscenes_20260818_192125/match_visualizations/voxroom/kujiale_grscene_MVUCSQAKTKJ5EAABAAAAACI8_usd__kujiale_grscene_MVUCSQAKTKJ5EAABAAAAACI8_usd__attempt_01__kujiale_grscene_MVUCSQAKTKJ5EAABAAAAACI8_usd_grscene_frontier_000000/milestone_090.pred_gt_match.png
grscene,kujiale_grscene_MVUCSQAKTKJ5EAABAAAAACI8_usd,kujiale_grscene_MVUCSQAKTKJ5EAABAAAAACI8_usd__kujiale_grscene_MVUCSQAKTKJ5EAABAAAAACI8_usd__attempt_01__kujiale_grscene_MVUCSQAKTKJ5EAABAAAAACI8_usd_grscene_frontier_000000,tvars_original,final,terminal_forced,0.9992094445030041,,True,595,0.85701057799844,0.9907271076317542,0.9190304638513972,0.4194168907964917,85.70105779984401,99.07271076317542,91.90304638513972,41.941689079649166,6,3,18683,0,0,/media/echo/data/voxroom_roomseg_evaluation/grscene_union_fixed0p5_batch32_full7000_20260815_0015/grscene/kujiale_grscene_MVUCSQAKTKJ5EAABAAAAACI8_usd/attempt_01/roomseg_coverage_eval/events/final/tvars_original/roomseg_snapshots/roomseg_final_step_000595.npz,/media/echo/data/voxroom_roomseg_evaluation/grscene_all_available_gt_20260817/metrics_pr_f1_miou_excluding_training_grscenes_20260818_192125/match_visualizations/tvars_original/kujiale_grscene_MVUCSQAKTKJ5EAABAAAAACI8_usd__kujiale_grscene_MVUCSQAKTKJ5EAABAAAAACI8_usd__attempt_01__kujiale_grscene_MVUCSQAKTKJ5EAABAAAAACI8_usd_grscene_frontier_000000/final.pred_gt_match.png
grscene,kujiale_grscene_MVUCSQAKTKJ5EAABAAAAACI8_usd,kujiale_grscene_MVUCSQAKTKJ5EAABAAAAACI8_usd__kujiale_grscene_MVUCSQAKTKJ5EAABAAAAACI8_usd__attempt_01__kujiale_grscene_MVUCSQAKTKJ5EAABAAAAACI8_usd_grscene_frontier_000000,voxroom,final,terminal_forced,0.9992094445030041,,True,595,0.542929022588588,0.9999835699263931,0.7037600248499003,0.0904833270887973,54.2929022588588,99.99835699263932,70.37600248499002,9.04833270887973,6,1,18683,0,0,/media/echo/data/voxroom_roomseg_evaluation/grscene_union_fixed0p5_batch32_full7000_20260815_0015/grscene/kujiale_grscene_MVUCSQAKTKJ5EAABAAAAACI8_usd/attempt_01/roomseg_coverage_eval/events/final/voxroom/roomseg_snapshots/roomseg_final_step_000595.npz,/media/echo/data/voxroom_roomseg_evaluation/grscene_all_available_gt_20260817/metrics_pr_f1_miou_excluding_training_grscenes_20260818_192125/match_visualizations/voxroom/kujiale_grscene_MVUCSQAKTKJ5EAABAAAAACI8_usd__kujiale_grscene_MVUCSQAKTKJ5EAABAAAAACI8_usd__attempt_01__kujiale_grscene_MVUCSQAKTKJ5EAABAAAAACI8_usd_grscene_frontier_000000/final.pred_gt_match.png
grscene,kujiale_grscene_MVUCSQAKTKJ5EAABAAAAACQ8_usd,kujiale_grscene_MVUCSQAKTKJ5EAABAAAAACQ8_usd__kujiale_grscene_MVUCSQAKTKJ5EAABAAAAACQ8_usd__attempt_01__kujiale_grscene_MVUCSQAKTKJ5EAABAAAAACQ8_usd_grscene_frontier_000000,tvars_original,milestone_020,coverage_milestone,0.2113670133729569,0.2,False,9,1.0,0.9930906191868191,0.9965333333333333,0.9930906191868191,100.0,99.3090619186819,99.65333333333332,99.3090619186819,1,1,3763,0,0,/media/echo/data/voxroom_roomseg_evaluation/grscene_union_fixed0p5_batch32_full7000_20260815_0015/grscene/kujiale_grscene_MVUCSQAKTKJ5EAABAAAAACQ8_usd/attempt_01/roomseg_coverage_eval/events/milestone_020/tvars_original/roomseg_snapshots/roomseg_milestone_020_step_000009.npz,/media/echo/data/voxroom_roomseg_evaluation/grscene_all_available_gt_20260817/metrics_pr_f1_miou_excluding_training_grscenes_20260818_192125/match_visualizations/tvars_original/kujiale_grscene_MVUCSQAKTKJ5EAABAAAAACQ8_usd__kujiale_grscene_MVUCSQAKTKJ5EAABAAAAACQ8_usd__attempt_01__kujiale_grscene_MVUCSQAKTKJ5EAABAAAAACQ8_usd_grscene_frontier_000000/milestone_020.pred_gt_match.png
grscene,kujiale_grscene_MVUCSQAKTKJ5EAABAAAAACQ8_usd,kujiale_grscene_MVUCSQAKTKJ5EAABAAAAACQ8_usd__kujiale_grscene_MVUCSQAKTKJ5EAABAAAAACQ8_usd__attempt_01__kujiale_grscene_MVUCSQAKTKJ5EAABAAAAACQ8_usd_grscene_frontier_000000,voxroom,milestone_020,coverage_milestone,0.2113670133729569,0.2,False,9,1.0,0.9930906191868191,0.9965333333333333,0.9930906191868191,100.0,99.3090619186819,99.65333333333332,99.3090619186819,1,1,3763,0,0,/media/echo/data/voxroom_roomseg_evaluation/grscene_union_fixed0p5_batch32_full7000_20260815_0015/grscene/kujiale_grscene_MVUCSQAKTKJ5EAABAAAAACQ8_usd/attempt_01/roomseg_coverage_eval/events/milestone_020/voxroom/roomseg_snapshots/roomseg_milestone_020_step_000009.npz,/media/echo/data/voxroom_roomseg_evaluation/grscene_all_available_gt_20260817/metrics_pr_f1_miou_excluding_training_grscenes_20260818_192125/match_visualizations/voxroom/kujiale_grscene_MVUCSQAKTKJ5EAABAAAAACQ8_usd__kujiale_grscene_MVUCSQAKTKJ5EAABAAAAACQ8_usd__attempt_01__kujiale_grscene_MVUCSQAKTKJ5EAABAAAAACQ8_usd_grscene_frontier_000000/milestone_020.pred_gt_match.png
grscene,kujiale_grscene_MVUCSQAKTKJ5EAABAAAAACQ8_usd,kujiale_grscene_MVUCSQAKTKJ5EAABAAAAACQ8_usd__kujiale_grscene_MVUCSQAKTKJ5EAABAAAAACQ8_usd__attempt_01__kujiale_grscene_MVUCSQAKTKJ5EAABAAAAACQ8_usd_grscene_frontier_000000,tvars_original,milestone_040,coverage_milestone,0.4002865633623435,0.4,False,65,1.0,0.9919045005488474,0.995935799407591,0.9919045005488474,100.0,99.19045005488474,99.5935799407591,99.19045005488474,1,1,7288,0,0,/media/echo/data/voxroom_roomseg_evaluation/grscene_union_fixed0p5_batch32_full7000_20260815_0015/grscene/kujiale_grscene_MVUCSQAKTKJ5EAABAAAAACQ8_usd/attempt_01/roomseg_coverage_eval/events/milestone_040/tvars_original/roomseg_snapshots/roomseg_milestone_040_step_000065.npz,/media/echo/data/voxroom_roomseg_evaluation/grscene_all_available_gt_20260817/metrics_pr_f1_miou_excluding_training_grscenes_20260818_192125/match_visualizations/tvars_original/kujiale_grscene_MVUCSQAKTKJ5EAABAAAAACQ8_usd__kujiale_grscene_MVUCSQAKTKJ5EAABAAAAACQ8_usd__attempt_01__kujiale_grscene_MVUCSQAKTKJ5EAABAAAAACQ8_usd_grscene_frontier_000000/milestone_040.pred_gt_match.png
grscene,kujiale_grscene_MVUCSQAKTKJ5EAABAAAAACQ8_usd,kujiale_grscene_MVUCSQAKTKJ5EAABAAAAACQ8_usd__kujiale_grscene_MVUCSQAKTKJ5EAABAAAAACQ8_usd__attempt_01__kujiale_grscene_MVUCSQAKTKJ5EAABAAAAACQ8_usd_grscene_frontier_000000,voxroom,milestone_040,coverage_milestone,0.4002865633623435,0.4,False,65,1.0,0.9919045005488474,0.995935799407591,0.9919045005488474,100.0,99.19045005488474,99.5935799407591,99.19045005488474,1,1,7288,0,0,/media/echo/data/voxroom_roomseg_evaluation/grscene_union_fixed0p5_batch32_full7000_20260815_0015/grscene/kujiale_grscene_MVUCSQAKTKJ5EAABAAAAACQ8_usd/attempt_01/roomseg_coverage_eval/events/milestone_040/voxroom/roomseg_snapshots/roomseg_milestone_040_step_000065.npz,/media/echo/data/voxroom_roomseg_evaluation/grscene_all_available_gt_20260817/metrics_pr_f1_miou_excluding_training_grscenes_20260818_192125/match_visualizations/voxroom/kujiale_grscene_MVUCSQAKTKJ5EAABAAAAACQ8_usd__kujiale_grscene_MVUCSQAKTKJ5EAABAAAAACQ8_usd__attempt_01__kujiale_grscene_MVUCSQAKTKJ5EAABAAAAACQ8_usd_grscene_frontier_000000/milestone_040.pred_gt_match.png
grscene,kujiale_grscene_MVUCSQAKTKJ5EAABAAAAACQ8_usd,kujiale_grscene_MVUCSQAKTKJ5EAABAAAAACQ8_usd__kujiale_grscene_MVUCSQAKTKJ5EAABAAAAACQ8_usd__attempt_01__kujiale_grscene_MVUCSQAKTKJ5EAABAAAAACQ8_usd_grscene_frontier_000000,tvars_original,milestone_060,coverage_milestone,0.6145192103587349,0.6,False,102,0.9751731582261401,0.9964282443447202,0.9856861297789079,0.4841893702545779,97.51731582261401,99.64282443447202,98.5686129778908,48.418937025457794,2,1,11195,3,0,/media/echo/data/voxroom_roomseg_evaluation/grscene_union_fixed0p5_batch32_full7000_20260815_0015/grscene/kujiale_grscene_MVUCSQAKTKJ5EAABAAAAACQ8_usd/attempt_01/roomseg_coverage_eval/events/milestone_060/tvars_original/roomseg_snapshots/roomseg_milestone_060_step_000102.npz,/media/echo/data/voxroom_roomseg_evaluation/grscene_all_available_gt_20260817/metrics_pr_f1_miou_excluding_training_grscenes_20260818_192125/match_visualizations/tvars_original/kujiale_grscene_MVUCSQAKTKJ5EAABAAAAACQ8_usd__kujiale_grscene_MVUCSQAKTKJ5EAABAAAAACQ8_usd__attempt_01__kujiale_grscene_MVUCSQAKTKJ5EAABAAAAACQ8_usd_grscene_frontier_000000/milestone_060.pred_gt_match.png
grscene,kujiale_grscene_MVUCSQAKTKJ5EAABAAAAACQ8_usd,kujiale_grscene_MVUCSQAKTKJ5EAABAAAAACQ8_usd__kujiale_grscene_MVUCSQAKTKJ5EAABAAAAACQ8_usd__attempt_01__kujiale_grscene_MVUCSQAKTKJ5EAABAAAAACQ8_usd_grscene_frontier_000000,voxroom,milestone_060,coverage_milestone,0.6145192103587349,0.6,False,102,1.0,0.9708883995588066,0.9852291989502246,0.9708883995588066,100.0,97.08883995588066,98.52291989502247,97.08883995588066,2,2,11195,3,0,/media/echo/data/voxroom_roomseg_evaluation/grscene_union_fixed0p5_batch32_full7000_20260815_0015/grscene/kujiale_grscene_MVUCSQAKTKJ5EAABAAAAACQ8_usd/attempt_01/roomseg_coverage_eval/events/milestone_060/voxroom/roomseg_snapshots/roomseg_milestone_060_step_000102.npz,/media/echo/data/voxroom_roomseg_evaluation/grscene_all_available_gt_20260817/metrics_pr_f1_miou_excluding_training_grscenes_20260818_192125/match_visualizations/voxroom/kujiale_grscene_MVUCSQAKTKJ5EAABAAAAACQ8_usd__kujiale_grscene_MVUCSQAKTKJ5EAABAAAAACQ8_usd__attempt_01__kujiale_grscene_MVUCSQAKTKJ5EAABAAAAACQ8_usd_grscene_frontier_000000/milestone_060.pred_gt_match.png
grscene,kujiale_grscene_MVUCSQAKTKJ5EAABAAAAACQ8_usd,kujiale_grscene_MVUCSQAKTKJ5EAABAAAAACQ8_usd__kujiale_grscene_MVUCSQAKTKJ5EAABAAAAACQ8_usd__attempt_01__kujiale_grscene_MVUCSQAKTKJ5EAABAAAAACQ8_usd_grscene_frontier_000000,tvars_original,milestone_070,coverage_milestone,0.7009127573763532,0.7,False,129,0.9417839593570417,0.9751668406934665,0.9581847256985336,0.2775989742784625,94.17839593570417,97.51668406934665,95.81847256985337,27.759897427846248,3,2,12745,3,0,/media/echo/data/voxroom_roomseg_evaluation/grscene_union_fixed0p5_batch32_full7000_20260815_0015/grscene/kujiale_grscene_MVUCSQAKTKJ5EAABAAAAACQ8_usd/attempt_01/roomseg_coverage_eval/events/milestone_070/tvars_original/roomseg_snapshots/roomseg_milestone_070_step_000129.npz,/media/echo/data/voxroom_roomseg_evaluation/grscene_all_available_gt_20260817/metrics_pr_f1_miou_excluding_training_grscenes_20260818_192125/match_visualizations/tvars_original/kujiale_grscene_MVUCSQAKTKJ5EAABAAAAACQ8_usd__kujiale_grscene_MVUCSQAKTKJ5EAABAAAAACQ8_usd__attempt_01__kujiale_grscene_MVUCSQAKTKJ5EAABAAAAACQ8_usd_grscene_frontier_000000/milestone_070.pred_gt_match.png
grscene,kujiale_grscene_MVUCSQAKTKJ5EAABAAAAACQ8_usd,kujiale_grscene_MVUCSQAKTKJ5EAABAAAAACQ8_usd__kujiale_grscene_MVUCSQAKTKJ5EAABAAAAACQ8_usd__attempt_01__kujiale_grscene_MVUCSQAKTKJ5EAABAAAAACQ8_usd_grscene_frontier_000000,voxroom,milestone_070,coverage_milestone,0.7009127573763532,0.7,False,129,1.0,0.971523521903667,0.9855561053266884,0.971523521903667,100.0,97.1523521903667,98.55561053266884,97.1523521903667,3,3,12745,3,0,/media/echo/data/voxroom_roomseg_evaluation/grscene_union_fixed0p5_batch32_full7000_20260815_0015/grscene/kujiale_grscene_MVUCSQAKTKJ5EAABAAAAACQ8_usd/attempt_01/roomseg_coverage_eval/events/milestone_070/voxroom/roomseg_snapshots/roomseg_milestone_070_step_000129.npz,/media/echo/data/voxroom_roomseg_evaluation/grscene_all_available_gt_20260817/metrics_pr_f1_miou_excluding_training_grscenes_20260818_192125/match_visualizations/voxroom/kujiale_grscene_MVUCSQAKTKJ5EAABAAAAACQ8_usd__kujiale_grscene_MVUCSQAKTKJ5EAABAAAAACQ8_usd__attempt_01__kujiale_grscene_MVUCSQAKTKJ5EAABAAAAACQ8_usd_grscene_frontier_000000/milestone_070.pred_gt_match.png
grscene,kujiale_grscene_MVUCSQAKTKJ5EAABAAAAACQ8_usd,kujiale_grscene_MVUCSQAKTKJ5EAABAAAAACQ8_usd__kujiale_grscene_MVUCSQAKTKJ5EAABAAAAACQ8_usd__attempt_01__kujiale_grscene_MVUCSQAKTKJ5EAABAAAAACQ8_usd_grscene_frontier_000000,tvars_original,milestone_080,coverage_milestone,0.8007323285926555,0.8,False,184,0.745968333430609,0.9792359609797753,0.8468319029973855,0.40538971773992394,74.5968333430609,97.92359609797752,84.68319029973856,40.538971773992394,5,3,14691,1,0,/media/echo/data/voxroom_roomseg_evaluation/grscene_union_fixed0p5_batch32_full7000_20260815_0015/grscene/kujiale_grscene_MVUCSQAKTKJ5EAABAAAAACQ8_usd/attempt_01/roomseg_coverage_eval/events/milestone_080/tvars_original/roomseg_snapshots/roomseg_milestone_080_step_000184.npz,/media/echo/data/voxroom_roomseg_evaluation/grscene_all_available_gt_20260817/metrics_pr_f1_miou_excluding_training_grscenes_20260818_192125/match_visualizations/tvars_original/kujiale_grscene_MVUCSQAKTKJ5EAABAAAAACQ8_usd__kujiale_grscene_MVUCSQAKTKJ5EAABAAAAACQ8_usd__attempt_01__kujiale_grscene_MVUCSQAKTKJ5EAABAAAAACQ8_usd_grscene_frontier_000000/milestone_080.pred_gt_match.png
grscene,kujiale_grscene_MVUCSQAKTKJ5EAABAAAAACQ8_usd,kujiale_grscene_MVUCSQAKTKJ5EAABAAAAACQ8_usd__kujiale_grscene_MVUCSQAKTKJ5EAABAAAAACQ8_usd__attempt_01__kujiale_grscene_MVUCSQAKTKJ5EAABAAAAACQ8_usd_grscene_frontier_000000,voxroom,milestone_080,coverage_milestone,0.8007323285926555,0.8,False,184,0.9946502057613168,0.9772806556193103,0.9858889317424943,0.9719971925408274,99.46502057613168,97.72806556193103,98.58889317424942,97.19971925408274,5,5,14691,1,0,/media/echo/data/voxroom_roomseg_evaluation/grscene_union_fixed0p5_batch32_full7000_20260815_0015/grscene/kujiale_grscene_MVUCSQAKTKJ5EAABAAAAACQ8_usd/attempt_01/roomseg_coverage_eval/events/milestone_080/voxroom/roomseg_snapshots/roomseg_milestone_080_step_000184.npz,/media/echo/data/voxroom_roomseg_evaluation/grscene_all_available_gt_20260817/metrics_pr_f1_miou_excluding_training_grscenes_20260818_192125/match_visualizations/voxroom/kujiale_grscene_MVUCSQAKTKJ5EAABAAAAACQ8_usd__kujiale_grscene_MVUCSQAKTKJ5EAABAAAAACQ8_usd__attempt_01__kujiale_grscene_MVUCSQAKTKJ5EAABAAAAACQ8_usd_grscene_frontier_000000/milestone_080.pred_gt_match.png
grscene,kujiale_grscene_MVUCSQAKTKJ5EAABAAAAACQ8_usd,kujiale_grscene_MVUCSQAKTKJ5EAABAAAAACQ8_usd__kujiale_grscene_MVUCSQAKTKJ5EAABAAAAACQ8_usd__attempt_01__kujiale_grscene_MVUCSQAKTKJ5EAABAAAAACQ8_usd_grscene_frontier_000000,tvars_original,milestone_090,coverage_milestone,0.9006580343876035,0.9,False,299,0.7065468752721372,0.9793678508195064,0.8208829118453249,0.32086620924170034,70.65468752721372,97.93678508195065,82.0882911845325,32.086620924170035,6,3,16565,0,0,/media/echo/data/voxroom_roomseg_evaluation/grscene_union_fixed0p5_batch32_full7000_20260815_0015/grscene/kujiale_grscene_MVUCSQAKTKJ5EAABAAAAACQ8_usd/attempt_01/roomseg_coverage_eval/events/milestone_090/tvars_original/roomseg_snapshots/roomseg_milestone_090_step_000299.npz,/media/echo/data/voxroom_roomseg_evaluation/grscene_all_available_gt_20260817/metrics_pr_f1_miou_excluding_training_grscenes_20260818_192125/match_visualizations/tvars_original/kujiale_grscene_MVUCSQAKTKJ5EAABAAAAACQ8_usd__kujiale_grscene_MVUCSQAKTKJ5EAABAAAAACQ8_usd__attempt_01__kujiale_grscene_MVUCSQAKTKJ5EAABAAAAACQ8_usd_grscene_frontier_000000/milestone_090.pred_gt_match.png
grscene,kujiale_grscene_MVUCSQAKTKJ5EAABAAAAACQ8_usd,kujiale_grscene_MVUCSQAKTKJ5EAABAAAAACQ8_usd__kujiale_grscene_MVUCSQAKTKJ5EAABAAAAACQ8_usd__attempt_01__kujiale_grscene_MVUCSQAKTKJ5EAABAAAAACQ8_usd_grscene_frontier_000000,voxroom,milestone_090,coverage_milestone,0.9006580343876035,0.9,False,299,0.9979938271604939,0.9811458931115445,0.989498148957973,0.9792473217963825,99.7993827160494,98.11458931115446,98.94981489579729,97.92473217963826,6,6,16565,0,0,/media/echo/data/voxroom_roomseg_evaluation/grscene_union_fixed0p5_batch32_full7000_20260815_0015/grscene/kujiale_grscene_MVUCSQAKTKJ5EAABAAAAACQ8_usd/attempt_01/roomseg_coverage_eval/events/milestone_090/voxroom/roomseg_snapshots/roomseg_milestone_090_step_000299.npz,/media/echo/data/voxroom_roomseg_evaluation/grscene_all_available_gt_20260817/metrics_pr_f1_miou_excluding_training_grscenes_20260818_192125/match_visualizations/voxroom/kujiale_grscene_MVUCSQAKTKJ5EAABAAAAACQ8_usd__kujiale_grscene_MVUCSQAKTKJ5EAABAAAAACQ8_usd__attempt_01__kujiale_grscene_MVUCSQAKTKJ5EAABAAAAACQ8_usd_grscene_frontier_000000/milestone_090.pred_gt_match.png
grscene,kujiale_grscene_MVUCSQAKTKJ5EAABAAAAACQ8_usd,kujiale_grscene_MVUCSQAKTKJ5EAABAAAAACQ8_usd__kujiale_grscene_MVUCSQAKTKJ5EAABAAAAACQ8_usd__attempt_01__kujiale_grscene_MVUCSQAKTKJ5EAABAAAAACQ8_usd_grscene_frontier_000000,tvars_original,final,terminal_forced,0.9949055402250053,,True,792,0.8870216008880148,0.8708136292969554,0.8788428929744545,0.593056593225123,88.70216008880149,87.08136292969554,87.88428929744545,59.305659322512305,6,6,18214,0,0,/media/echo/data/voxroom_roomseg_evaluation/grscene_union_fixed0p5_batch32_full7000_20260815_0015/grscene/kujiale_grscene_MVUCSQAKTKJ5EAABAAAAACQ8_usd/attempt_01/roomseg_coverage_eval/events/final/tvars_original/roomseg_snapshots/roomseg_final_step_000792.npz,/media/echo/data/voxroom_roomseg_evaluation/grscene_all_available_gt_20260817/metrics_pr_f1_miou_excluding_training_grscenes_20260818_192125/match_visualizations/tvars_original/kujiale_grscene_MVUCSQAKTKJ5EAABAAAAACQ8_usd__kujiale_grscene_MVUCSQAKTKJ5EAABAAAAACQ8_usd__attempt_01__kujiale_grscene_MVUCSQAKTKJ5EAABAAAAACQ8_usd_grscene_frontier_000000/final.pred_gt_match.png
grscene,kujiale_grscene_MVUCSQAKTKJ5EAABAAAAACQ8_usd,kujiale_grscene_MVUCSQAKTKJ5EAABAAAAACQ8_usd__kujiale_grscene_MVUCSQAKTKJ5EAABAAAAACQ8_usd__attempt_01__kujiale_grscene_MVUCSQAKTKJ5EAABAAAAACQ8_usd_grscene_frontier_000000,voxroom,final,terminal_forced,0.9949055402250053,,True,792,0.9979296066252588,0.9297133145336657,0.9626144262123483,0.9287525469243025,99.79296066252587,92.97133145336657,96.26144262123482,92.87525469243025,6,7,18214,0,0,/media/echo/data/voxroom_roomseg_evaluation/grscene_union_fixed0p5_batch32_full7000_20260815_0015/grscene/kujiale_grscene_MVUCSQAKTKJ5EAABAAAAACQ8_usd/attempt_01/roomseg_coverage_eval/events/final/voxroom/roomseg_snapshots/roomseg_final_step_000792.npz,/media/echo/data/voxroom_roomseg_evaluation/grscene_all_available_gt_20260817/metrics_pr_f1_miou_excluding_training_grscenes_20260818_192125/match_visualizations/voxroom/kujiale_grscene_MVUCSQAKTKJ5EAABAAAAACQ8_usd__kujiale_grscene_MVUCSQAKTKJ5EAABAAAAACQ8_usd__attempt_01__kujiale_grscene_MVUCSQAKTKJ5EAABAAAAACQ8_usd_grscene_frontier_000000/final.pred_gt_match.png
grscene,kujiale_grscene_MVUCSQAKTKJ5EAABAAAAACY8_usd,kujiale_grscene_MVUCSQAKTKJ5EAABAAAAACY8_usd__kujiale_grscene_MVUCSQAKTKJ5EAABAAAAACY8_usd__attempt_01__kujiale_grscene_MVUCSQAKTKJ5EAABAAAAACY8_usd_grscene_frontier_000000,tvars_original,milestone_020,coverage_milestone,0.24612486366791156,0.2,False,0,1.0,0.9845544013121924,0.9922170948412424,0.9845544013121924,100.0,98.45544013121923,99.22170948412425,98.45544013121923,1,1,7316,2,0,/media/echo/data/voxroom_roomseg_evaluation/grscene_union_fixed0p5_batch32_full7000_20260815_0015/grscene/kujiale_grscene_MVUCSQAKTKJ5EAABAAAAACY8_usd/attempt_01/roomseg_coverage_eval/events/milestone_020/tvars_original/roomseg_snapshots/roomseg_milestone_020_step_000000.npz,/media/echo/data/voxroom_roomseg_evaluation/grscene_all_available_gt_20260817/metrics_pr_f1_miou_excluding_training_grscenes_20260818_192125/match_visualizations/tvars_original/kujiale_grscene_MVUCSQAKTKJ5EAABAAAAACY8_usd__kujiale_grscene_MVUCSQAKTKJ5EAABAAAAACY8_usd__attempt_01__kujiale_grscene_MVUCSQAKTKJ5EAABAAAAACY8_usd_grscene_frontier_000000/milestone_020.pred_gt_match.png
grscene,kujiale_grscene_MVUCSQAKTKJ5EAABAAAAACY8_usd,kujiale_grscene_MVUCSQAKTKJ5EAABAAAAACY8_usd__kujiale_grscene_MVUCSQAKTKJ5EAABAAAAACY8_usd__attempt_01__kujiale_grscene_MVUCSQAKTKJ5EAABAAAAACY8_usd_grscene_frontier_000000,voxroom,milestone_020,coverage_milestone,0.24612486366791156,0.2,False,0,1.0,0.9866047020229634,0.9932571900371543,0.9866047020229634,100.0,98.66047020229634,99.32571900371543,98.66047020229634,1,1,7316,2,0,/media/echo/data/voxroom_roomseg_evaluation/grscene_union_fixed0p5_batch32_full7000_20260815_0015/grscene/kujiale_grscene_MVUCSQAKTKJ5EAABAAAAACY8_usd/attempt_01/roomseg_coverage_eval/events/milestone_020/voxroom/roomseg_snapshots/roomseg_milestone_020_step_000000.npz,/media/echo/data/voxroom_roomseg_evaluation/grscene_all_available_gt_20260817/metrics_pr_f1_miou_excluding_training_grscenes_20260818_192125/match_visualizations/voxroom/kujiale_grscene_MVUCSQAKTKJ5EAABAAAAACY8_usd__kujiale_grscene_MVUCSQAKTKJ5EAABAAAAACY8_usd__attempt_01__kujiale_grscene_MVUCSQAKTKJ5EAABAAAAACY8_usd_grscene_frontier_000000/milestone_020.pred_gt_match.png
grscene,kujiale_grscene_MVUCSQAKTKJ5EAABAAAAACY8_usd,kujiale_grscene_MVUCSQAKTKJ5EAABAAAAACY8_usd__kujiale_grscene_MVUCSQAKTKJ5EAABAAAAACY8_usd__attempt_01__kujiale_grscene_MVUCSQAKTKJ5EAABAAAAACY8_usd_grscene_frontier_000000,tvars_original,milestone_040,coverage_milestone,0.40013881085368674,0.4,False,62,0.9365227345963348,0.9740459356839155,0.9549158609152095,0.6004907490778808,93.65227345963348,97.40459356839155,95.49158609152096,60.04907490778808,6,4,11852,1,0,/media/echo/data/voxroom_roomseg_evaluation/grscene_union_fixed0p5_batch32_full7000_20260815_0015/grscene/kujiale_grscene_MVUCSQAKTKJ5EAABAAAAACY8_usd/attempt_01/roomseg_coverage_eval/events/milestone_040/tvars_original/roomseg_snapshots/roomseg_milestone_040_step_000062.npz,/media/echo/data/voxroom_roomseg_evaluation/grscene_all_available_gt_20260817/metrics_pr_f1_miou_excluding_training_grscenes_20260818_192125/match_visualizations/tvars_original/kujiale_grscene_MVUCSQAKTKJ5EAABAAAAACY8_usd__kujiale_grscene_MVUCSQAKTKJ5EAABAAAAACY8_usd__attempt_01__kujiale_grscene_MVUCSQAKTKJ5EAABAAAAACY8_usd_grscene_frontier_000000/milestone_040.pred_gt_match.png
grscene,kujiale_grscene_MVUCSQAKTKJ5EAABAAAAACY8_usd,kujiale_grscene_MVUCSQAKTKJ5EAABAAAAACY8_usd__kujiale_grscene_MVUCSQAKTKJ5EAABAAAAACY8_usd__attempt_01__kujiale_grscene_MVUCSQAKTKJ5EAABAAAAACY8_usd_grscene_frontier_000000,voxroom,milestone_040,coverage_milestone,0.40013881085368674,0.4,False,62,0.9826466265201865,0.9679149928649607,0.9752251792966932,0.7871854873440083,98.26466265201866,96.79149928649608,97.52251792966932,78.71854873440083,6,5,11852,1,0,/media/echo/data/voxroom_roomseg_evaluation/grscene_union_fixed0p5_batch32_full7000_20260815_0015/grscene/kujiale_grscene_MVUCSQAKTKJ5EAABAAAAACY8_usd/attempt_01/roomseg_coverage_eval/events/milestone_040/voxroom/roomseg_snapshots/roomseg_milestone_040_step_000062.npz,/media/echo/data/voxroom_roomseg_evaluation/grscene_all_available_gt_20260817/metrics_pr_f1_miou_excluding_training_grscenes_20260818_192125/match_visualizations/voxroom/kujiale_grscene_MVUCSQAKTKJ5EAABAAAAACY8_usd__kujiale_grscene_MVUCSQAKTKJ5EAABAAAAACY8_usd__attempt_01__kujiale_grscene_MVUCSQAKTKJ5EAABAAAAACY8_usd_grscene_frontier_000000/milestone_040.pred_gt_match.png
grscene,kujiale_grscene_MVUCSQAKTKJ5EAABAAAAACY8_usd,kujiale_grscene_MVUCSQAKTKJ5EAABAAAAACY8_usd__kujiale_grscene_MVUCSQAKTKJ5EAABAAAAACY8_usd__attempt_01__kujiale_grscene_MVUCSQAKTKJ5EAABAAAAACY8_usd_grscene_frontier_000000,tvars_original,milestone_060,coverage_milestone,0.600819645040817,0.6,False,269,0.9217077771728887,0.9867584579192051,0.9531244809383485,0.5655847945359865,92.17077771728887,98.67584579192051,95.31244809383485,56.55847945359865,8,5,17799,1,0,/media/echo/data/voxroom_roomseg_evaluation/grscene_union_fixed0p5_batch32_full7000_20260815_0015/grscene/kujiale_grscene_MVUCSQAKTKJ5EAABAAAAACY8_usd/attempt_01/roomseg_coverage_eval/events/milestone_060/tvars_original/roomseg_snapshots/roomseg_milestone_060_step_000269.npz,/media/echo/data/voxroom_roomseg_evaluation/grscene_all_available_gt_20260817/metrics_pr_f1_miou_excluding_training_grscenes_20260818_192125/match_visualizations/tvars_original/kujiale_grscene_MVUCSQAKTKJ5EAABAAAAACY8_usd__kujiale_grscene_MVUCSQAKTKJ5EAABAAAAACY8_usd__attempt_01__kujiale_grscene_MVUCSQAKTKJ5EAABAAAAACY8_usd_grscene_frontier_000000/milestone_060.pred_gt_match.png
grscene,kujiale_grscene_MVUCSQAKTKJ5EAABAAAAACY8_usd,kujiale_grscene_MVUCSQAKTKJ5EAABAAAAACY8_usd__kujiale_grscene_MVUCSQAKTKJ5EAABAAAAACY8_usd__attempt_01__kujiale_grscene_MVUCSQAKTKJ5EAABAAAAACY8_usd_grscene_frontier_000000,voxroom,milestone_060,coverage_milestone,0.600819645040817,0.6,False,269,0.9772327011508346,0.9289387859399332,0.9524739669391885,0.881794015613606,97.72327011508347,92.89387859399332,95.24739669391884,88.1794015613606,8,8,17799,1,0,/media/echo/data/voxroom_roomseg_evaluation/grscene_union_fixed0p5_batch32_full7000_20260815_0015/grscene/kujiale_grscene_MVUCSQAKTKJ5EAABAAAAACY8_usd/attempt_01/roomseg_coverage_eval/events/milestone_060/voxroom/roomseg_snapshots/roomseg_milestone_060_step_000269.npz,/media/echo/data/voxroom_roomseg_evaluation/grscene_all_available_gt_20260817/metrics_pr_f1_miou_excluding_training_grscenes_20260818_192125/match_visualizations/voxroom/kujiale_grscene_MVUCSQAKTKJ5EAABAAAAACY8_usd__kujiale_grscene_MVUCSQAKTKJ5EAABAAAAACY8_usd__attempt_01__kujiale_grscene_MVUCSQAKTKJ5EAABAAAAACY8_usd_grscene_frontier_000000/milestone_060.pred_gt_match.png
grscene,kujiale_grscene_MVUCSQAKTKJ5EAABAAAAACY8_usd,kujiale_grscene_MVUCSQAKTKJ5EAABAAAAACY8_usd__kujiale_grscene_MVUCSQAKTKJ5EAABAAAAACY8_usd__attempt_01__kujiale_grscene_MVUCSQAKTKJ5EAABAAAAACY8_usd_grscene_frontier_000000,tvars_original,milestone_070,coverage_milestone,0.7015897147767459,0.7,False,354,0.9245876920482164,0.9710118611196721,0.9472313011719371,0.5046059239822428,92.45876920482165,97.10118611196721,94.7231301171937,50.46059239822428,9,5,20793,1,0,/media/echo/data/voxroom_roomseg_evaluation/grscene_union_fixed0p5_batch32_full7000_20260815_0015/grscene/kujiale_grscene_MVUCSQAKTKJ5EAABAAAAACY8_usd/attempt_01/roomseg_coverage_eval/events/milestone_070/tvars_original/roomseg_snapshots/roomseg_milestone_070_step_000354.npz,/media/echo/data/voxroom_roomseg_evaluation/grscene_all_available_gt_20260817/metrics_pr_f1_miou_excluding_training_grscenes_20260818_192125/match_visualizations/tvars_original/kujiale_grscene_MVUCSQAKTKJ5EAABAAAAACY8_usd__kujiale_grscene_MVUCSQAKTKJ5EAABAAAAACY8_usd__attempt_01__kujiale_grscene_MVUCSQAKTKJ5EAABAAAAACY8_usd_grscene_frontier_000000/milestone_070.pred_gt_match.png
grscene,kujiale_grscene_MVUCSQAKTKJ5EAABAAAAACY8_usd,kujiale_grscene_MVUCSQAKTKJ5EAABAAAAACY8_usd__kujiale_grscene_MVUCSQAKTKJ5EAABAAAAACY8_usd__attempt_01__kujiale_grscene_MVUCSQAKTKJ5EAABAAAAACY8_usd_grscene_frontier_000000,voxroom,milestone_070,coverage_milestone,0.7015897147767459,0.7,False,354,0.9790693446489089,0.9197265751680417,0.9484706447997514,0.7872613898813724,97.9069344648909,91.97265751680416,94.84706447997515,78.72613898813724,9,8,20793,1,0,/media/echo/data/voxroom_roomseg_evaluation/grscene_union_fixed0p5_batch32_full7000_20260815_0015/grscene/kujiale_grscene_MVUCSQAKTKJ5EAABAAAAACY8_usd/attempt_01/roomseg_coverage_eval/events/milestone_070/voxroom/roomseg_snapshots/roomseg_milestone_070_step_000354.npz,/media/echo/data/voxroom_roomseg_evaluation/grscene_all_available_gt_20260817/metrics_pr_f1_miou_excluding_training_grscenes_20260818_192125/match_visualizations/voxroom/kujiale_grscene_MVUCSQAKTKJ5EAABAAAAACY8_usd__kujiale_grscene_MVUCSQAKTKJ5EAABAAAAACY8_usd__attempt_01__kujiale_grscene_MVUCSQAKTKJ5EAABAAAAACY8_usd_grscene_frontier_000000/milestone_070.pred_gt_match.png
grscene,kujiale_grscene_MVUCSQAKTKJ5EAABAAAAACY8_usd,kujiale_grscene_MVUCSQAKTKJ5EAABAAAAACY8_usd__kujiale_grscene_MVUCSQAKTKJ5EAABAAAAACY8_usd__attempt_01__kujiale_grscene_MVUCSQAKTKJ5EAABAAAAACY8_usd_grscene_frontier_000000,tvars_original,milestone_080,coverage_milestone,0.8057309052450673,0.8,False,542,0.9124260677394613,0.9912991083370881,0.9502286976502892,0.4989684564766245,91.24260677394614,99.1299108337088,95.02286976502891,49.89684564766245,9,5,23827,1,0,/media/echo/data/voxroom_roomseg_evaluation/grscene_union_fixed0p5_batch32_full7000_20260815_0015/grscene/kujiale_grscene_MVUCSQAKTKJ5EAABAAAAACY8_usd/attempt_01/roomseg_coverage_eval/events/milestone_080/tvars_original/roomseg_snapshots/roomseg_milestone_080_step_000542.npz,/media/echo/data/voxroom_roomseg_evaluation/grscene_all_available_gt_20260817/metrics_pr_f1_miou_excluding_training_grscenes_20260818_192125/match_visualizations/tvars_original/kujiale_grscene_MVUCSQAKTKJ5EAABAAAAACY8_usd__kujiale_grscene_MVUCSQAKTKJ5EAABAAAAACY8_usd__attempt_01__kujiale_grscene_MVUCSQAKTKJ5EAABAAAAACY8_usd_grscene_frontier_000000/milestone_080.pred_gt_match.png
grscene,kujiale_grscene_MVUCSQAKTKJ5EAABAAAAACY8_usd,kujiale_grscene_MVUCSQAKTKJ5EAABAAAAACY8_usd__kujiale_grscene_MVUCSQAKTKJ5EAABAAAAACY8_usd__attempt_01__kujiale_grscene_MVUCSQAKTKJ5EAABAAAAACY8_usd_grscene_frontier_000000,voxroom,milestone_080,coverage_milestone,0.8057309052450673,0.8,False,542,0.9684781092758777,0.9113473395940515,0.9390445787126052,0.7478946143190597,96.84781092758777,91.13473395940514,93.90445787126052,74.78946143190596,9,9,23827,1,0,/media/echo/data/voxroom_roomseg_evaluation/grscene_union_fixed0p5_batch32_full7000_20260815_0015/grscene/kujiale_grscene_MVUCSQAKTKJ5EAABAAAAACY8_usd/attempt_01/roomseg_coverage_eval/events/milestone_080/voxroom/roomseg_snapshots/roomseg_milestone_080_step_000542.npz,/media/echo/data/voxroom_roomseg_evaluation/grscene_all_available_gt_20260817/metrics_pr_f1_miou_excluding_training_grscenes_20260818_192125/match_visualizations/voxroom/kujiale_grscene_MVUCSQAKTKJ5EAABAAAAACY8_usd__kujiale_grscene_MVUCSQAKTKJ5EAABAAAAACY8_usd__attempt_01__kujiale_grscene_MVUCSQAKTKJ5EAABAAAAACY8_usd_grscene_frontier_000000/milestone_080.pred_gt_match.png
grscene,kujiale_grscene_MVUCSQAKTKJ5EAABAAAAACY8_usd,kujiale_grscene_MVUCSQAKTKJ5EAABAAAAACY8_usd__kujiale_grscene_MVUCSQAKTKJ5EAABAAAAACY8_usd__attempt_01__kujiale_grscene_MVUCSQAKTKJ5EAABAAAAACY8_usd_grscene_frontier_000000,tvars_original,milestone_090,coverage_milestone,0.9029315530290511,0.9,False,788,0.9284253178475814,0.9925597824163491,0.9594219459026673,0.5500150053129975,92.84253178475814,99.2559782416349,95.94219459026672,55.001500531299754,10,6,26729,0,0,/media/echo/data/voxroom_roomseg_evaluation/grscene_union_fixed0p5_batch32_full7000_20260815_0015/grscene/kujiale_grscene_MVUCSQAKTKJ5EAABAAAAACY8_usd/attempt_01/roomseg_coverage_eval/events/milestone_090/tvars_original/roomseg_snapshots/roomseg_milestone_090_step_000788.npz,/media/echo/data/voxroom_roomseg_evaluation/grscene_all_available_gt_20260817/metrics_pr_f1_miou_excluding_training_grscenes_20260818_192125/match_visualizations/tvars_original/kujiale_grscene_MVUCSQAKTKJ5EAABAAAAACY8_usd__kujiale_grscene_MVUCSQAKTKJ5EAABAAAAACY8_usd__attempt_01__kujiale_grscene_MVUCSQAKTKJ5EAABAAAAACY8_usd_grscene_frontier_000000/milestone_090.pred_gt_match.png
grscene,kujiale_grscene_MVUCSQAKTKJ5EAABAAAAACY8_usd,kujiale_grscene_MVUCSQAKTKJ5EAABAAAAACY8_usd__kujiale_grscene_MVUCSQAKTKJ5EAABAAAAACY8_usd__attempt_01__kujiale_grscene_MVUCSQAKTKJ5EAABAAAAACY8_usd_grscene_frontier_000000,voxroom,milestone_090,coverage_milestone,0.9029315530290511,0.9,False,788,0.9732480218919016,0.9113684143897338,0.9412923387950509,0.766547148204366,97.32480218919017,91.13684143897338,94.1292338795051,76.6547148204366,10,11,26729,0,0,/media/echo/data/voxroom_roomseg_evaluation/grscene_union_fixed0p5_batch32_full7000_20260815_0015/grscene/kujiale_grscene_MVUCSQAKTKJ5EAABAAAAACY8_usd/attempt_01/roomseg_coverage_eval/events/milestone_090/voxroom/roomseg_snapshots/roomseg_milestone_090_step_000788.npz,/media/echo/data/voxroom_roomseg_evaluation/grscene_all_available_gt_20260817/metrics_pr_f1_miou_excluding_training_grscenes_20260818_192125/match_visualizations/voxroom/kujiale_grscene_MVUCSQAKTKJ5EAABAAAAACY8_usd__kujiale_grscene_MVUCSQAKTKJ5EAABAAAAACY8_usd__attempt_01__kujiale_grscene_MVUCSQAKTKJ5EAABAAAAACY8_usd_grscene_frontier_000000/milestone_090.pred_gt_match.png
grscene,kujiale_grscene_MVUCSQAKTKJ5EAABAAAAACY8_usd,kujiale_grscene_MVUCSQAKTKJ5EAABAAAAACY8_usd__kujiale_grscene_MVUCSQAKTKJ5EAABAAAAACY8_usd__attempt_01__kujiale_grscene_MVUCSQAKTKJ5EAABAAAAACY8_usd_grscene_frontier_000000,tvars_original,final,terminal_forced,0.9983805400403213,,True,998,0.929943324666291,0.9967006254561694,0.9621654206266479,0.5549852938212155,92.9943324666291,99.67006254561694,96.21654206266479,55.49852938212155,10,6,29546,0,0,/media/echo/data/voxroom_roomseg_evaluation/grscene_union_fixed0p5_batch32_full7000_20260815_0015/grscene/kujiale_grscene_MVUCSQAKTKJ5EAABAAAAACY8_usd/attempt_01/roomseg_coverage_eval/events/final/tvars_original/roomseg_snapshots/roomseg_final_step_000998.npz,/media/echo/data/voxroom_roomseg_evaluation/grscene_all_available_gt_20260817/metrics_pr_f1_miou_excluding_training_grscenes_20260818_192125/match_visualizations/tvars_original/kujiale_grscene_MVUCSQAKTKJ5EAABAAAAACY8_usd__kujiale_grscene_MVUCSQAKTKJ5EAABAAAAACY8_usd__attempt_01__kujiale_grscene_MVUCSQAKTKJ5EAABAAAAACY8_usd_grscene_frontier_000000/final.pred_gt_match.png
grscene,kujiale_grscene_MVUCSQAKTKJ5EAABAAAAACY8_usd,kujiale_grscene_MVUCSQAKTKJ5EAABAAAAACY8_usd__kujiale_grscene_MVUCSQAKTKJ5EAABAAAAACY8_usd__attempt_01__kujiale_grscene_MVUCSQAKTKJ5EAABAAAAACY8_usd_grscene_frontier_000000,voxroom,final,terminal_forced,0.9983805400403213,,True,998,0.9736370280342652,0.9162409793700791,0.9440674378155501,0.7718103872833167,97.36370280342652,91.6240979370079,94.40674378155501,77.18103872833167,10,11,29546,0,0,/media/echo/data/voxroom_roomseg_evaluation/grscene_union_fixed0p5_batch32_full7000_20260815_0015/grscene/kujiale_grscene_MVUCSQAKTKJ5EAABAAAAACY8_usd/attempt_01/roomseg_coverage_eval/events/final/voxroom/roomseg_snapshots/roomseg_final_step_000998.npz,/media/echo/data/voxroom_roomseg_evaluation/grscene_all_available_gt_20260817/metrics_pr_f1_miou_excluding_training_grscenes_20260818_192125/match_visualizations/voxroom/kujiale_grscene_MVUCSQAKTKJ5EAABAAAAACY8_usd__kujiale_grscene_MVUCSQAKTKJ5EAABAAAAACY8_usd__attempt_01__kujiale_grscene_MVUCSQAKTKJ5EAABAAAAACY8_usd_grscene_frontier_000000/final.pred_gt_match.png
grscene,kujiale_grscene_MVUCSQAKTKJ5EAABAAAAADA8_usd,kujiale_grscene_MVUCSQAKTKJ5EAABAAAAADA8_usd__kujiale_grscene_MVUCSQAKTKJ5EAABAAAAADA8_usd__attempt_01__kujiale_grscene_MVUCSQAKTKJ5EAABAAAAADA8_usd_grscene_frontier_000000,tvars_original,milestone_020,coverage_milestone,0.29969531899178287,0.2,False,0,1.0,0.9972054028877504,0.9986007462686567,0.9972054028877504,100.0,99.72054028877504,99.86007462686567,99.72054028877504,1,1,6441,1,0,/media/echo/data/voxroom_roomseg_evaluation/grscene_union_fixed0p5_batch32_full7000_20260815_0015/grscene/kujiale_grscene_MVUCSQAKTKJ5EAABAAAAADA8_usd/attempt_01/roomseg_coverage_eval/events/milestone_020/tvars_original/roomseg_snapshots/roomseg_milestone_020_step_000000.npz,/media/echo/data/voxroom_roomseg_evaluation/grscene_all_available_gt_20260817/metrics_pr_f1_miou_excluding_training_grscenes_20260818_192125/match_visualizations/tvars_original/kujiale_grscene_MVUCSQAKTKJ5EAABAAAAADA8_usd__kujiale_grscene_MVUCSQAKTKJ5EAABAAAAADA8_usd__attempt_01__kujiale_grscene_MVUCSQAKTKJ5EAABAAAAADA8_usd_grscene_frontier_000000/milestone_020.pred_gt_match.png
grscene,kujiale_grscene_MVUCSQAKTKJ5EAABAAAAADA8_usd,kujiale_grscene_MVUCSQAKTKJ5EAABAAAAADA8_usd__kujiale_grscene_MVUCSQAKTKJ5EAABAAAAADA8_usd__attempt_01__kujiale_grscene_MVUCSQAKTKJ5EAABAAAAADA8_usd_grscene_frontier_000000,voxroom,milestone_020,coverage_milestone,0.29969531899178287,0.2,False,0,1.0,0.9972054028877504,0.9986007462686567,0.9972054028877504,100.0,99.72054028877504,99.86007462686567,99.72054028877504,1,1,6441,1,0,/media/echo/data/voxroom_roomseg_evaluation/grscene_union_fixed0p5_batch32_full7000_20260815_0015/grscene/kujiale_grscene_MVUCSQAKTKJ5EAABAAAAADA8_usd/attempt_01/roomseg_coverage_eval/events/milestone_020/voxroom/roomseg_snapshots/roomseg_milestone_020_step_000000.npz,/media/echo/data/voxroom_roomseg_evaluation/grscene_all_available_gt_20260817/metrics_pr_f1_miou_excluding_training_grscenes_20260818_192125/match_visualizations/voxroom/kujiale_grscene_MVUCSQAKTKJ5EAABAAAAADA8_usd__kujiale_grscene_MVUCSQAKTKJ5EAABAAAAADA8_usd__attempt_01__kujiale_grscene_MVUCSQAKTKJ5EAABAAAAADA8_usd_grscene_frontier_000000/milestone_020.pred_gt_match.png
grscene,kujiale_grscene_MVUCSQAKTKJ5EAABAAAAADA8_usd,kujiale_grscene_MVUCSQAKTKJ5EAABAAAAADA8_usd__kujiale_grscene_MVUCSQAKTKJ5EAABAAAAADA8_usd__attempt_01__kujiale_grscene_MVUCSQAKTKJ5EAABAAAAADA8_usd_grscene_frontier_000000,tvars_original,milestone_040,coverage_milestone,0.40771858554150125,0.4,False,13,1.0,0.9968586387434555,0.9984268484530676,0.9968586387434555,100.0,99.68586387434554,99.84268484530676,99.68586387434554,1,1,8595,2,0,/media/echo/data/voxroom_roomseg_evaluation/grscene_union_fixed0p5_batch32_full7000_20260815_0015/grscene/kujiale_grscene_MVUCSQAKTKJ5EAABAAAAADA8_usd/attempt_01/roomseg_coverage_eval/events/milestone_040/tvars_original/roomseg_snapshots/roomseg_milestone_040_step_000013.npz,/media/echo/data/voxroom_roomseg_evaluation/grscene_all_available_gt_20260817/metrics_pr_f1_miou_excluding_training_grscenes_20260818_192125/match_visualizations/tvars_original/kujiale_grscene_MVUCSQAKTKJ5EAABAAAAADA8_usd__kujiale_grscene_MVUCSQAKTKJ5EAABAAAAADA8_usd__attempt_01__kujiale_grscene_MVUCSQAKTKJ5EAABAAAAADA8_usd_grscene_frontier_000000/milestone_040.pred_gt_match.png
grscene,kujiale_grscene_MVUCSQAKTKJ5EAABAAAAADA8_usd,kujiale_grscene_MVUCSQAKTKJ5EAABAAAAADA8_usd__kujiale_grscene_MVUCSQAKTKJ5EAABAAAAADA8_usd__attempt_01__kujiale_grscene_MVUCSQAKTKJ5EAABAAAAADA8_usd_grscene_frontier_000000,voxroom,milestone_040,coverage_milestone,0.40771858554150125,0.4,False,13,1.0,0.9922047702152414,0.9960871342638556,0.9922047702152414,100.0,99.22047702152415,99.60871342638556,99.22047702152415,1,1,8595,2,0,/media/echo/data/voxroom_roomseg_evaluation/grscene_union_fixed0p5_batch32_full7000_20260815_0015/grscene/kujiale_grscene_MVUCSQAKTKJ5EAABAAAAADA8_usd/attempt_01/roomseg_coverage_eval/events/milestone_040/voxroom/roomseg_snapshots/roomseg_milestone_040_step_000013.npz,/media/echo/data/voxroom_roomseg_evaluation/grscene_all_available_gt_20260817/metrics_pr_f1_miou_excluding_training_grscenes_20260818_192125/match_visualizations/voxroom/kujiale_grscene_MVUCSQAKTKJ5EAABAAAAADA8_usd__kujiale_grscene_MVUCSQAKTKJ5EAABAAAAADA8_usd__attempt_01__kujiale_grscene_MVUCSQAKTKJ5EAABAAAAADA8_usd_grscene_frontier_000000/milestone_040.pred_gt_match.png
grscene,kujiale_grscene_MVUCSQAKTKJ5EAABAAAAADA8_usd,kujiale_grscene_MVUCSQAKTKJ5EAABAAAAADA8_usd__kujiale_grscene_MVUCSQAKTKJ5EAABAAAAADA8_usd__attempt_01__kujiale_grscene_MVUCSQAKTKJ5EAABAAAAADA8_usd_grscene_frontier_000000,tvars_original,milestone_060,coverage_milestone,0.6044224909980611,0.6,False,90,0.945319232275754,0.9961144025626671,0.9700523215337534,0.4698255723407569,94.5319232275754,99.61144025626672,97.00523215337535,46.98255723407569,2,1,12843,2,2,/media/echo/data/voxroom_roomseg_evaluation/grscene_union_fixed0p5_batch32_full7000_20260815_0015/grscene/kujiale_grscene_MVUCSQAKTKJ5EAABAAAAADA8_usd/attempt_01/roomseg_coverage_eval/events/milestone_060/tvars_original/roomseg_snapshots/roomseg_milestone_060_step_000090.npz,/media/echo/data/voxroom_roomseg_evaluation/grscene_all_available_gt_20260817/metrics_pr_f1_miou_excluding_training_grscenes_20260818_192125/match_visualizations/tvars_original/kujiale_grscene_MVUCSQAKTKJ5EAABAAAAADA8_usd__kujiale_grscene_MVUCSQAKTKJ5EAABAAAAADA8_usd__attempt_01__kujiale_grscene_MVUCSQAKTKJ5EAABAAAAADA8_usd_grscene_frontier_000000/milestone_060.pred_gt_match.png
grscene,kujiale_grscene_MVUCSQAKTKJ5EAABAAAAADA8_usd,kujiale_grscene_MVUCSQAKTKJ5EAABAAAAADA8_usd__kujiale_grscene_MVUCSQAKTKJ5EAABAAAAADA8_usd__attempt_01__kujiale_grscene_MVUCSQAKTKJ5EAABAAAAADA8_usd_grscene_frontier_000000,voxroom,milestone_060,coverage_milestone,0.6044224909980611,0.6,False,90,1.0,0.9680610216741025,0.983771347547583,0.9680610216741025,100.0,96.80610216741024,98.3771347547583,96.80610216741024,2,3,12843,2,1,/media/echo/data/voxroom_roomseg_evaluation/grscene_union_fixed0p5_batch32_full7000_20260815_0015/grscene/kujiale_grscene_MVUCSQAKTKJ5EAABAAAAADA8_usd/attempt_01/roomseg_coverage_eval/events/milestone_060/voxroom/roomseg_snapshots/roomseg_milestone_060_step_000090.npz,/media/echo/data/voxroom_roomseg_evaluation/grscene_all_available_gt_20260817/metrics_pr_f1_miou_excluding_training_grscenes_20260818_192125/match_visualizations/voxroom/kujiale_grscene_MVUCSQAKTKJ5EAABAAAAADA8_usd__kujiale_grscene_MVUCSQAKTKJ5EAABAAAAADA8_usd__attempt_01__kujiale_grscene_MVUCSQAKTKJ5EAABAAAAADA8_usd_grscene_frontier_000000/milestone_060.pred_gt_match.png
grscene,kujiale_grscene_MVUCSQAKTKJ5EAABAAAAADA8_usd,kujiale_grscene_MVUCSQAKTKJ5EAABAAAAADA8_usd__kujiale_grscene_MVUCSQAKTKJ5EAABAAAAADA8_usd__attempt_01__kujiale_grscene_MVUCSQAKTKJ5EAABAAAAADA8_usd_grscene_frontier_000000,tvars_original,milestone_070,coverage_milestone,0.7142461453236082,0.7,False,187,0.8970099299374117,0.9977002555864513,0.9446796066224757,0.35840413352615086,89.70099299374117,99.77002555864513,94.46796066224758,35.84041335261509,5,2,15310,1,1,/media/echo/data/voxroom_roomseg_evaluation/grscene_union_fixed0p5_batch32_full7000_20260815_0015/grscene/kujiale_grscene_MVUCSQAKTKJ5EAABAAAAADA8_usd/attempt_01/roomseg_coverage_eval/events/milestone_070/tvars_original/roomseg_snapshots/roomseg_milestone_070_step_000187.npz,/media/echo/data/voxroom_roomseg_evaluation/grscene_all_available_gt_20260817/metrics_pr_f1_miou_excluding_training_grscenes_20260818_192125/match_visualizations/tvars_original/kujiale_grscene_MVUCSQAKTKJ5EAABAAAAADA8_usd__kujiale_grscene_MVUCSQAKTKJ5EAABAAAAADA8_usd__attempt_01__kujiale_grscene_MVUCSQAKTKJ5EAABAAAAADA8_usd_grscene_frontier_000000/milestone_070.pred_gt_match.png
grscene,kujiale_grscene_MVUCSQAKTKJ5EAABAAAAADA8_usd,kujiale_grscene_MVUCSQAKTKJ5EAABAAAAADA8_usd__kujiale_grscene_MVUCSQAKTKJ5EAABAAAAADA8_usd__attempt_01__kujiale_grscene_MVUCSQAKTKJ5EAABAAAAADA8_usd_grscene_frontier_000000,voxroom,milestone_070,coverage_milestone,0.7142461453236082,0.7,False,187,0.9271763839026761,0.9752362720025618,0.9505992691115721,0.903075369763304,92.71763839026761,97.52362720025619,95.0599269111572,90.30753697633041,5,5,15310,1,1,/media/echo/data/voxroom_roomseg_evaluation/grscene_union_fixed0p5_batch32_full7000_20260815_0015/grscene/kujiale_grscene_MVUCSQAKTKJ5EAABAAAAADA8_usd/attempt_01/roomseg_coverage_eval/events/milestone_070/voxroom/roomseg_snapshots/roomseg_milestone_070_step_000187.npz,/media/echo/data/voxroom_roomseg_evaluation/grscene_all_available_gt_20260817/metrics_pr_f1_miou_excluding_training_grscenes_20260818_192125/match_visualizations/voxroom/kujiale_grscene_MVUCSQAKTKJ5EAABAAAAADA8_usd__kujiale_grscene_MVUCSQAKTKJ5EAABAAAAADA8_usd__attempt_01__kujiale_grscene_MVUCSQAKTKJ5EAABAAAAADA8_usd_grscene_frontier_000000/milestone_070.pred_gt_match.png
grscene,kujiale_grscene_MVUCSQAKTKJ5EAABAAAAADA8_usd,kujiale_grscene_MVUCSQAKTKJ5EAABAAAAADA8_usd__kujiale_grscene_MVUCSQAKTKJ5EAABAAAAADA8_usd__attempt_01__kujiale_grscene_MVUCSQAKTKJ5EAABAAAAADA8_usd_grscene_frontier_000000,tvars_original,milestone_080,coverage_milestone,0.8004801034068877,0.8,False,364,0.9168249229804336,0.8916149869025893,0.9040442397094001,0.7645742475204604,91.68249229804336,89.16149869025894,90.40442397094,76.45742475204604,5,6,16908,2,2,/media/echo/data/voxroom_roomseg_evaluation/grscene_union_fixed0p5_batch32_full7000_20260815_0015/grscene/kujiale_grscene_MVUCSQAKTKJ5EAABAAAAADA8_usd/attempt_01/roomseg_coverage_eval/events/milestone_080/tvars_original/roomseg_snapshots/roomseg_milestone_080_step_000364.npz,/media/echo/data/voxroom_roomseg_evaluation/grscene_all_available_gt_20260817/metrics_pr_f1_miou_excluding_training_grscenes_20260818_192125/match_visualizations/tvars_original/kujiale_grscene_MVUCSQAKTKJ5EAABAAAAADA8_usd__kujiale_grscene_MVUCSQAKTKJ5EAABAAAAADA8_usd__attempt_01__kujiale_grscene_MVUCSQAKTKJ5EAABAAAAADA8_usd_grscene_frontier_000000/milestone_080.pred_gt_match.png
grscene,kujiale_grscene_MVUCSQAKTKJ5EAABAAAAADA8_usd,kujiale_grscene_MVUCSQAKTKJ5EAABAAAAADA8_usd__kujiale_grscene_MVUCSQAKTKJ5EAABAAAAADA8_usd__attempt_01__kujiale_grscene_MVUCSQAKTKJ5EAABAAAAADA8_usd_grscene_frontier_000000,voxroom,milestone_080,coverage_milestone,0.8004801034068877,0.8,False,364,0.9913215087266035,0.9652788687994958,0.978126873071669,0.9599548487113927,99.13215087266035,96.52788687994958,97.8126873071669,95.99548487113927,5,6,16908,2,2,/media/echo/data/voxroom_roomseg_evaluation/grscene_union_fixed0p5_batch32_full7000_20260815_0015/grscene/kujiale_grscene_MVUCSQAKTKJ5EAABAAAAADA8_usd/attempt_01/roomseg_coverage_eval/events/milestone_080/voxroom/roomseg_snapshots/roomseg_milestone_080_step_000364.npz,/media/echo/data/voxroom_roomseg_evaluation/grscene_all_available_gt_20260817/metrics_pr_f1_miou_excluding_training_grscenes_20260818_192125/match_visualizations/voxroom/kujiale_grscene_MVUCSQAKTKJ5EAABAAAAADA8_usd__kujiale_grscene_MVUCSQAKTKJ5EAABAAAAADA8_usd__attempt_01__kujiale_grscene_MVUCSQAKTKJ5EAABAAAAADA8_usd_grscene_frontier_000000/milestone_080.pred_gt_match.png
grscene,kujiale_grscene_MVUCSQAKTKJ5EAABAAAAADA8_usd,kujiale_grscene_MVUCSQAKTKJ5EAABAAAAADA8_usd__kujiale_grscene_MVUCSQAKTKJ5EAABAAAAADA8_usd__attempt_01__kujiale_grscene_MVUCSQAKTKJ5EAABAAAAADA8_usd_grscene_frontier_000000,tvars_original,final,terminal_forced,0.8417966946726987,,True,556,0.9292434681807943,0.9108833390275026,0.9199718081931135,0.8059173926903039,92.92434681807943,91.08833390275026,91.99718081931135,80.5917392690304,6,7,17888,1,1,/media/echo/data/voxroom_roomseg_evaluation/grscene_union_fixed0p5_batch32_full7000_20260815_0015/grscene/kujiale_grscene_MVUCSQAKTKJ5EAABAAAAADA8_usd/attempt_01/roomseg_coverage_eval/events/final/tvars_original/roomseg_snapshots/roomseg_final_step_000556.npz,/media/echo/data/voxroom_roomseg_evaluation/grscene_all_available_gt_20260817/metrics_pr_f1_miou_excluding_training_grscenes_20260818_192125/match_visualizations/tvars_original/kujiale_grscene_MVUCSQAKTKJ5EAABAAAAADA8_usd__kujiale_grscene_MVUCSQAKTKJ5EAABAAAAADA8_usd__attempt_01__kujiale_grscene_MVUCSQAKTKJ5EAABAAAAADA8_usd_grscene_frontier_000000/final.pred_gt_match.png
grscene,kujiale_grscene_MVUCSQAKTKJ5EAABAAAAADA8_usd,kujiale_grscene_MVUCSQAKTKJ5EAABAAAAADA8_usd__kujiale_grscene_MVUCSQAKTKJ5EAABAAAAADA8_usd__attempt_01__kujiale_grscene_MVUCSQAKTKJ5EAABAAAAADA8_usd_grscene_frontier_000000,voxroom,final,terminal_forced,0.8417966946726987,,True,556,0.9632775076178497,0.9705917614254194,0.9669208025864521,0.9338698818942642,96.32775076178497,97.05917614254193,96.6920802586452,93.38698818942642,6,6,17888,1,1,/media/echo/data/voxroom_roomseg_evaluation/grscene_union_fixed0p5_batch32_full7000_20260815_0015/grscene/kujiale_grscene_MVUCSQAKTKJ5EAABAAAAADA8_usd/attempt_01/roomseg_coverage_eval/events/final/voxroom/roomseg_snapshots/roomseg_final_step_000556.npz,/media/echo/data/voxroom_roomseg_evaluation/grscene_all_available_gt_20260817/metrics_pr_f1_miou_excluding_training_grscenes_20260818_192125/match_visualizations/voxroom/kujiale_grscene_MVUCSQAKTKJ5EAABAAAAADA8_usd__kujiale_grscene_MVUCSQAKTKJ5EAABAAAAADA8_usd__attempt_01__kujiale_grscene_MVUCSQAKTKJ5EAABAAAAADA8_usd_grscene_frontier_000000/final.pred_gt_match.png
grscene,kujiale_grscene_MVUCSQAKTKJ5EAABAAAAADI8_usd,kujiale_grscene_MVUCSQAKTKJ5EAABAAAAADI8_usd__kujiale_grscene_MVUCSQAKTKJ5EAABAAAAADI8_usd__attempt_01__kujiale_grscene_MVUCSQAKTKJ5EAABAAAAADI8_usd_grscene_frontier_000000,tvars_original,milestone_020,coverage_milestone,0.2865970409051349,0.2,False,0,1.0,0.9943268935909231,0.9971553778734528,0.9943268935909231,100.0,99.43268935909231,99.71553778734528,99.43268935909231,1,1,6522,0,0,/media/echo/data/voxroom_roomseg_evaluation/grscene_union_fixed0p5_batch32_full7000_20260815_0015/grscene/kujiale_grscene_MVUCSQAKTKJ5EAABAAAAADI8_usd/attempt_01/roomseg_coverage_eval/events/milestone_020/tvars_original/roomseg_snapshots/roomseg_milestone_020_step_000000.npz,/media/echo/data/voxroom_roomseg_evaluation/grscene_all_available_gt_20260817/metrics_pr_f1_miou_excluding_training_grscenes_20260818_192125/match_visualizations/tvars_original/kujiale_grscene_MVUCSQAKTKJ5EAABAAAAADI8_usd__kujiale_grscene_MVUCSQAKTKJ5EAABAAAAADI8_usd__attempt_01__kujiale_grscene_MVUCSQAKTKJ5EAABAAAAADI8_usd_grscene_frontier_000000/milestone_020.pred_gt_match.png
grscene,kujiale_grscene_MVUCSQAKTKJ5EAABAAAAADI8_usd,kujiale_grscene_MVUCSQAKTKJ5EAABAAAAADI8_usd__kujiale_grscene_MVUCSQAKTKJ5EAABAAAAADI8_usd__attempt_01__kujiale_grscene_MVUCSQAKTKJ5EAABAAAAADI8_usd_grscene_frontier_000000,voxroom,milestone_020,coverage_milestone,0.2865970409051349,0.2,False,0,1.0,0.9943268935909231,0.9971553778734528,0.9943268935909231,100.0,99.43268935909231,99.71553778734528,99.43268935909231,1,1,6522,0,0,/media/echo/data/voxroom_roomseg_evaluation/grscene_union_fixed0p5_batch32_full7000_20260815_0015/grscene/kujiale_grscene_MVUCSQAKTKJ5EAABAAAAADI8_usd/attempt_01/roomseg_coverage_eval/events/milestone_020/voxroom/roomseg_snapshots/roomseg_milestone_020_step_000000.npz,/media/echo/data/voxroom_roomseg_evaluation/grscene_all_available_gt_20260817/metrics_pr_f1_miou_excluding_training_grscenes_20260818_192125/match_visualizations/voxroom/kujiale_grscene_MVUCSQAKTKJ5EAABAAAAADI8_usd__kujiale_grscene_MVUCSQAKTKJ5EAABAAAAADI8_usd__attempt_01__kujiale_grscene_MVUCSQAKTKJ5EAABAAAAADI8_usd_grscene_frontier_000000/milestone_020.pred_gt_match.png
grscene,kujiale_grscene_MVUCSQAKTKJ5EAABAAAAADI8_usd,kujiale_grscene_MVUCSQAKTKJ5EAABAAAAADI8_usd__kujiale_grscene_MVUCSQAKTKJ5EAABAAAAADI8_usd__attempt_01__kujiale_grscene_MVUCSQAKTKJ5EAABAAAAADI8_usd_grscene_frontier_000000,tvars_original,milestone_040,coverage_milestone,0.4013054830287206,0.4,False,50,0.9507579949098152,0.993607738880936,0.9717107076388938,0.4716214732681963,95.07579949098151,99.3607738880936,97.17107076388938,47.16214732681963,2,1,9111,0,0,/media/echo/data/voxroom_roomseg_evaluation/grscene_union_fixed0p5_batch32_full7000_20260815_0015/grscene/kujiale_grscene_MVUCSQAKTKJ5EAABAAAAADI8_usd/attempt_01/roomseg_coverage_eval/events/milestone_040/tvars_original/roomseg_snapshots/roomseg_milestone_040_step_000050.npz,/media/echo/data/voxroom_roomseg_evaluation/grscene_all_available_gt_20260817/metrics_pr_f1_miou_excluding_training_grscenes_20260818_192125/match_visualizations/tvars_original/kujiale_grscene_MVUCSQAKTKJ5EAABAAAAADI8_usd__kujiale_grscene_MVUCSQAKTKJ5EAABAAAAADI8_usd__attempt_01__kujiale_grscene_MVUCSQAKTKJ5EAABAAAAADI8_usd_grscene_frontier_000000/milestone_040.pred_gt_match.png
grscene,kujiale_grscene_MVUCSQAKTKJ5EAABAAAAADI8_usd,kujiale_grscene_MVUCSQAKTKJ5EAABAAAAADI8_usd__kujiale_grscene_MVUCSQAKTKJ5EAABAAAAADI8_usd__attempt_01__kujiale_grscene_MVUCSQAKTKJ5EAABAAAAADI8_usd_grscene_frontier_000000,voxroom,milestone_040,coverage_milestone,0.4013054830287206,0.4,False,50,0.9867021276595744,0.9377443963139924,0.9616005220382716,0.9113798378640625,98.67021276595744,93.77443963139925,96.16005220382716,91.13798378640625,2,4,9111,0,0,/media/echo/data/voxroom_roomseg_evaluation/grscene_union_fixed0p5_batch32_full7000_20260815_0015/grscene/kujiale_grscene_MVUCSQAKTKJ5EAABAAAAADI8_usd/attempt_01/roomseg_coverage_eval/events/milestone_040/voxroom/roomseg_snapshots/roomseg_milestone_040_step_000050.npz,/media/echo/data/voxroom_roomseg_evaluation/grscene_all_available_gt_20260817/metrics_pr_f1_miou_excluding_training_grscenes_20260818_192125/match_visualizations/voxroom/kujiale_grscene_MVUCSQAKTKJ5EAABAAAAADI8_usd__kujiale_grscene_MVUCSQAKTKJ5EAABAAAAADI8_usd__attempt_01__kujiale_grscene_MVUCSQAKTKJ5EAABAAAAADI8_usd_grscene_frontier_000000/milestone_040.pred_gt_match.png
grscene,kujiale_grscene_MVUCSQAKTKJ5EAABAAAAADI8_usd,kujiale_grscene_MVUCSQAKTKJ5EAABAAAAADI8_usd__kujiale_grscene_MVUCSQAKTKJ5EAABAAAAADI8_usd__attempt_01__kujiale_grscene_MVUCSQAKTKJ5EAABAAAAADI8_usd_grscene_frontier_000000,tvars_original,milestone_060,coverage_milestone,0.6048738033072236,0.6,False,187,0.8816874680680242,0.997644793087642,0.9360887692182626,0.29378860839535,88.16874680680242,99.7644793087642,93.60887692182625,29.378860839534997,3,1,13712,1,0,/media/echo/data/voxroom_roomseg_evaluation/grscene_union_fixed0p5_batch32_full7000_20260815_0015/grscene/kujiale_grscene_MVUCSQAKTKJ5EAABAAAAADI8_usd/attempt_01/roomseg_coverage_eval/events/milestone_060/tvars_original/roomseg_snapshots/roomseg_milestone_060_step_000187.npz,/media/echo/data/voxroom_roomseg_evaluation/grscene_all_available_gt_20260817/metrics_pr_f1_miou_excluding_training_grscenes_20260818_192125/match_visualizations/tvars_original/kujiale_grscene_MVUCSQAKTKJ5EAABAAAAADI8_usd__kujiale_grscene_MVUCSQAKTKJ5EAABAAAAADI8_usd__attempt_01__kujiale_grscene_MVUCSQAKTKJ5EAABAAAAADI8_usd_grscene_frontier_000000/milestone_060.pred_gt_match.png
grscene,kujiale_grscene_MVUCSQAKTKJ5EAABAAAAADI8_usd,kujiale_grscene_MVUCSQAKTKJ5EAABAAAAADI8_usd__kujiale_grscene_MVUCSQAKTKJ5EAABAAAAADI8_usd__attempt_01__kujiale_grscene_MVUCSQAKTKJ5EAABAAAAADI8_usd_grscene_frontier_000000,voxroom,milestone_060,coverage_milestone,0.6048738033072236,0.6,False,187,0.9886346931275267,0.9779785401570118,0.9832777462995377,0.9628780791852608,98.86346931275267,97.79785401570118,98.32777462995377,96.28780791852608,3,4,13712,1,0,/media/echo/data/voxroom_roomseg_evaluation/grscene_union_fixed0p5_batch32_full7000_20260815_0015/grscene/kujiale_grscene_MVUCSQAKTKJ5EAABAAAAADI8_usd/attempt_01/roomseg_coverage_eval/events/milestone_060/voxroom/roomseg_snapshots/roomseg_milestone_060_step_000187.npz,/media/echo/data/voxroom_roomseg_evaluation/grscene_all_available_gt_20260817/metrics_pr_f1_miou_excluding_training_grscenes_20260818_192125/match_visualizations/voxroom/kujiale_grscene_MVUCSQAKTKJ5EAABAAAAADI8_usd__kujiale_grscene_MVUCSQAKTKJ5EAABAAAAADI8_usd__attempt_01__kujiale_grscene_MVUCSQAKTKJ5EAABAAAAADI8_usd_grscene_frontier_000000/milestone_060.pred_gt_match.png
grscene,kujiale_grscene_MVUCSQAKTKJ5EAABAAAAADI8_usd,kujiale_grscene_MVUCSQAKTKJ5EAABAAAAADI8_usd__kujiale_grscene_MVUCSQAKTKJ5EAABAAAAADI8_usd__attempt_01__kujiale_grscene_MVUCSQAKTKJ5EAABAAAAADI8_usd_grscene_frontier_000000,tvars_original,milestone_070,coverage_milestone,0.7119669277632724,0.7,False,220,0.627462748819689,0.9740223008917441,0.7632449774530654,0.18173323690429335,62.7462748819689,97.40223008917441,76.32449774530654,18.173323690429335,6,2,16158,1,0,/media/echo/data/voxroom_roomseg_evaluation/grscene_union_fixed0p5_batch32_full7000_20260815_0015/grscene/kujiale_grscene_MVUCSQAKTKJ5EAABAAAAADI8_usd/attempt_01/roomseg_coverage_eval/events/milestone_070/tvars_original/roomseg_snapshots/roomseg_milestone_070_step_000220.npz,/media/echo/data/voxroom_roomseg_evaluation/grscene_all_available_gt_20260817/metrics_pr_f1_miou_excluding_training_grscenes_20260818_192125/match_visualizations/tvars_original/kujiale_grscene_MVUCSQAKTKJ5EAABAAAAADI8_usd__kujiale_grscene_MVUCSQAKTKJ5EAABAAAAADI8_usd__attempt_01__kujiale_grscene_MVUCSQAKTKJ5EAABAAAAADI8_usd_grscene_frontier_000000/milestone_070.pred_gt_match.png
grscene,kujiale_grscene_MVUCSQAKTKJ5EAABAAAAADI8_usd,kujiale_grscene_MVUCSQAKTKJ5EAABAAAAADI8_usd__kujiale_grscene_MVUCSQAKTKJ5EAABAAAAADI8_usd__attempt_01__kujiale_grscene_MVUCSQAKTKJ5EAABAAAAADI8_usd_grscene_frontier_000000,voxroom,milestone_070,coverage_milestone,0.7119669277632724,0.7,False,220,0.9804222069149345,0.9815819028165035,0.981001712130814,0.7977456562250874,98.04222069149345,98.15819028165035,98.1001712130814,79.77456562250875,6,6,16158,1,0,/media/echo/data/voxroom_roomseg_evaluation/grscene_union_fixed0p5_batch32_full7000_20260815_0015/grscene/kujiale_grscene_MVUCSQAKTKJ5EAABAAAAADI8_usd/attempt_01/roomseg_coverage_eval/events/milestone_070/voxroom/roomseg_snapshots/roomseg_milestone_070_step_000220.npz,/media/echo/data/voxroom_roomseg_evaluation/grscene_all_available_gt_20260817/metrics_pr_f1_miou_excluding_training_grscenes_20260818_192125/match_visualizations/voxroom/kujiale_grscene_MVUCSQAKTKJ5EAABAAAAADI8_usd__kujiale_grscene_MVUCSQAKTKJ5EAABAAAAADI8_usd__attempt_01__kujiale_grscene_MVUCSQAKTKJ5EAABAAAAADI8_usd_grscene_frontier_000000/milestone_070.pred_gt_match.png
grscene,kujiale_grscene_MVUCSQAKTKJ5EAABAAAAADI8_usd,kujiale_grscene_MVUCSQAKTKJ5EAABAAAAADI8_usd__kujiale_grscene_MVUCSQAKTKJ5EAABAAAAADI8_usd__attempt_01__kujiale_grscene_MVUCSQAKTKJ5EAABAAAAADI8_usd_grscene_frontier_000000,tvars_original,milestone_080,coverage_milestone,0.8084421235857268,0.8,False,256,0.8307480317315724,0.9734506311457106,0.8964558199178326,0.43771323126407163,83.07480317315724,97.34506311457106,89.64558199178326,43.77132312640716,7,4,18361,0,0,/media/echo/data/voxroom_roomseg_evaluation/grscene_union_fixed0p5_batch32_full7000_20260815_0015/grscene/kujiale_grscene_MVUCSQAKTKJ5EAABAAAAADI8_usd/attempt_01/roomseg_coverage_eval/events/milestone_080/tvars_original/roomseg_snapshots/roomseg_milestone_080_step_000256.npz,/media/echo/data/voxroom_roomseg_evaluation/grscene_all_available_gt_20260817/metrics_pr_f1_miou_excluding_training_grscenes_20260818_192125/match_visualizations/tvars_original/kujiale_grscene_MVUCSQAKTKJ5EAABAAAAADI8_usd__kujiale_grscene_MVUCSQAKTKJ5EAABAAAAADI8_usd__attempt_01__kujiale_grscene_MVUCSQAKTKJ5EAABAAAAADI8_usd_grscene_frontier_000000/milestone_080.pred_gt_match.png
grscene,kujiale_grscene_MVUCSQAKTKJ5EAABAAAAADI8_usd,kujiale_grscene_MVUCSQAKTKJ5EAABAAAAADI8_usd__kujiale_grscene_MVUCSQAKTKJ5EAABAAAAADI8_usd__attempt_01__kujiale_grscene_MVUCSQAKTKJ5EAABAAAAADI8_usd_grscene_frontier_000000,voxroom,milestone_080,coverage_milestone,0.8084421235857268,0.8,False,256,0.9861612025797554,0.9788193816389005,0.9824765763670044,0.8250953561206021,98.61612025797554,97.88193816389004,98.24765763670044,82.50953561206022,7,7,18361,0,0,/media/echo/data/voxroom_roomseg_evaluation/grscene_union_fixed0p5_batch32_full7000_20260815_0015/grscene/kujiale_grscene_MVUCSQAKTKJ5EAABAAAAADI8_usd/attempt_01/roomseg_coverage_eval/events/milestone_080/voxroom/roomseg_snapshots/roomseg_milestone_080_step_000256.npz,/media/echo/data/voxroom_roomseg_evaluation/grscene_all_available_gt_20260817/metrics_pr_f1_miou_excluding_training_grscenes_20260818_192125/match_visualizations/voxroom/kujiale_grscene_MVUCSQAKTKJ5EAABAAAAADI8_usd__kujiale_grscene_MVUCSQAKTKJ5EAABAAAAADI8_usd__attempt_01__kujiale_grscene_MVUCSQAKTKJ5EAABAAAAADI8_usd_grscene_frontier_000000/milestone_080.pred_gt_match.png
grscene,kujiale_grscene_MVUCSQAKTKJ5EAABAAAAADI8_usd,kujiale_grscene_MVUCSQAKTKJ5EAABAAAAADI8_usd__kujiale_grscene_MVUCSQAKTKJ5EAABAAAAADI8_usd__attempt_01__kujiale_grscene_MVUCSQAKTKJ5EAABAAAAADI8_usd_grscene_frontier_000000,tvars_original,milestone_090,coverage_milestone,0.9066144473455179,0.9,False,364,0.6539101274677765,0.9792702222328987,0.7841812644428094,0.2644156388060641,65.39101274677765,97.92702222328987,78.41812644428094,26.44156388060641,7,3,20584,0,0,/media/echo/data/voxroom_roomseg_evaluation/grscene_union_fixed0p5_batch32_full7000_20260815_0015/grscene/kujiale_grscene_MVUCSQAKTKJ5EAABAAAAADI8_usd/attempt_01/roomseg_coverage_eval/events/milestone_090/tvars_original/roomseg_snapshots/roomseg_milestone_090_step_000364.npz,/media/echo/data/voxroom_roomseg_evaluation/grscene_all_available_gt_20260817/metrics_pr_f1_miou_excluding_training_grscenes_20260818_192125/match_visualizations/tvars_original/kujiale_grscene_MVUCSQAKTKJ5EAABAAAAADI8_usd__kujiale_grscene_MVUCSQAKTKJ5EAABAAAAADI8_usd__attempt_01__kujiale_grscene_MVUCSQAKTKJ5EAABAAAAADI8_usd_grscene_frontier_000000/milestone_090.pred_gt_match.png
grscene,kujiale_grscene_MVUCSQAKTKJ5EAABAAAAADI8_usd,kujiale_grscene_MVUCSQAKTKJ5EAABAAAAADI8_usd__kujiale_grscene_MVUCSQAKTKJ5EAABAAAAADI8_usd__attempt_01__kujiale_grscene_MVUCSQAKTKJ5EAABAAAAADI8_usd_grscene_frontier_000000,voxroom,milestone_090,coverage_milestone,0.9066144473455179,0.9,False,364,0.9343725537099337,0.9839811314770032,0.9585354043104567,0.6456734381756313,93.43725537099337,98.39811314770031,95.85354043104567,64.56734381756313,7,6,20584,0,0,/media/echo/data/voxroom_roomseg_evaluation/grscene_union_fixed0p5_batch32_full7000_20260815_0015/grscene/kujiale_grscene_MVUCSQAKTKJ5EAABAAAAADI8_usd/attempt_01/roomseg_coverage_eval/events/milestone_090/voxroom/roomseg_snapshots/roomseg_milestone_090_step_000364.npz,/media/echo/data/voxroom_roomseg_evaluation/grscene_all_available_gt_20260817/metrics_pr_f1_miou_excluding_training_grscenes_20260818_192125/match_visualizations/voxroom/kujiale_grscene_MVUCSQAKTKJ5EAABAAAAADI8_usd__kujiale_grscene_MVUCSQAKTKJ5EAABAAAAADI8_usd__attempt_01__kujiale_grscene_MVUCSQAKTKJ5EAABAAAAADI8_usd_grscene_frontier_000000/milestone_090.pred_gt_match.png
grscene,kujiale_grscene_MVUCSQAKTKJ5EAABAAAAADI8_usd,kujiale_grscene_MVUCSQAKTKJ5EAABAAAAADI8_usd__kujiale_grscene_MVUCSQAKTKJ5EAABAAAAADI8_usd__attempt_01__kujiale_grscene_MVUCSQAKTKJ5EAABAAAAADI8_usd_grscene_frontier_000000,tvars_original,final,terminal_forced,0.9951697127937337,,True,716,0.763999344098342,0.9796475526298577,0.8584881366303672,0.407362198962386,76.3999344098342,97.96475526298578,85.84881366303672,40.7362198962386,7,4,22449,0,0,/media/echo/data/voxroom_roomseg_evaluation/grscene_union_fixed0p5_batch32_full7000_20260815_0015/grscene/kujiale_grscene_MVUCSQAKTKJ5EAABAAAAADI8_usd/attempt_01/roomseg_coverage_eval/events/final/tvars_original/roomseg_snapshots/roomseg_final_step_000716.npz,/media/echo/data/voxroom_roomseg_evaluation/grscene_all_available_gt_20260817/metrics_pr_f1_miou_excluding_training_grscenes_20260818_192125/match_visualizations/tvars_original/kujiale_grscene_MVUCSQAKTKJ5EAABAAAAADI8_usd__kujiale_grscene_MVUCSQAKTKJ5EAABAAAAADI8_usd__attempt_01__kujiale_grscene_MVUCSQAKTKJ5EAABAAAAADI8_usd_grscene_frontier_000000/final.pred_gt_match.png
grscene,kujiale_grscene_MVUCSQAKTKJ5EAABAAAAADI8_usd,kujiale_grscene_MVUCSQAKTKJ5EAABAAAAADI8_usd__kujiale_grscene_MVUCSQAKTKJ5EAABAAAAADI8_usd__attempt_01__kujiale_grscene_MVUCSQAKTKJ5EAABAAAAADI8_usd_grscene_frontier_000000,voxroom,final,terminal_forced,0.9951697127937337,,True,716,0.9791893357781412,0.9847455624004368,0.9819595894463072,0.8226049466472283,97.91893357781412,98.47455624004368,98.19595894463072,82.26049466472283,7,7,22449,0,0,/media/echo/data/voxroom_roomseg_evaluation/grscene_union_fixed0p5_batch32_full7000_20260815_0015/grscene/kujiale_grscene_MVUCSQAKTKJ5EAABAAAAADI8_usd/attempt_01/roomseg_coverage_eval/events/final/voxroom/roomseg_snapshots/roomseg_final_step_000716.npz,/media/echo/data/voxroom_roomseg_evaluation/grscene_all_available_gt_20260817/metrics_pr_f1_miou_excluding_training_grscenes_20260818_192125/match_visualizations/voxroom/kujiale_grscene_MVUCSQAKTKJ5EAABAAAAADI8_usd__kujiale_grscene_MVUCSQAKTKJ5EAABAAAAADI8_usd__attempt_01__kujiale_grscene_MVUCSQAKTKJ5EAABAAAAADI8_usd_grscene_frontier_000000/final.pred_gt_match.png
grscene,kujiale_grscene_MVUCSQAKTKJ5EAABAAAAADY8_usd,kujiale_grscene_MVUCSQAKTKJ5EAABAAAAADY8_usd__kujiale_grscene_MVUCSQAKTKJ5EAABAAAAADY8_usd__attempt_01__kujiale_grscene_MVUCSQAKTKJ5EAABAAAAADY8_usd_grscene_frontier_000000,tvars_original,milestone_020,coverage_milestone,0.20151979512154164,0.2,False,16,0.7582102711042539,0.9936164690911526,0.8600967151799727,0.3777728969909949,75.82102711042539,99.36164690911527,86.00967151799726,37.77728969909949,2,1,4562,1,0,/media/echo/data/voxroom_roomseg_evaluation/grscene_union_fixed0p5_batch32_full7000_20260815_0015/grscene/kujiale_grscene_MVUCSQAKTKJ5EAABAAAAADY8_usd/attempt_01/roomseg_coverage_eval/events/milestone_020/tvars_original/roomseg_snapshots/roomseg_milestone_020_step_000016.npz,/media/echo/data/voxroom_roomseg_evaluation/grscene_all_available_gt_20260817/metrics_pr_f1_miou_excluding_training_grscenes_20260818_192125/match_visualizations/tvars_original/kujiale_grscene_MVUCSQAKTKJ5EAABAAAAADY8_usd__kujiale_grscene_MVUCSQAKTKJ5EAABAAAAADY8_usd__attempt_01__kujiale_grscene_MVUCSQAKTKJ5EAABAAAAADY8_usd_grscene_frontier_000000/milestone_020.pred_gt_match.png
grscene,kujiale_grscene_MVUCSQAKTKJ5EAABAAAAADY8_usd,kujiale_grscene_MVUCSQAKTKJ5EAABAAAAADY8_usd__kujiale_grscene_MVUCSQAKTKJ5EAABAAAAADY8_usd__attempt_01__kujiale_grscene_MVUCSQAKTKJ5EAABAAAAADY8_usd_grscene_frontier_000000,voxroom,milestone_020,coverage_milestone,0.20151979512154164,0.2,False,16,0.7582102711042539,0.9936164690911526,0.8600967151799727,0.3777728969909949,75.82102711042539,99.36164690911527,86.00967151799726,37.77728969909949,2,1,4562,1,0,/media/echo/data/voxroom_roomseg_evaluation/grscene_union_fixed0p5_batch32_full7000_20260815_0015/grscene/kujiale_grscene_MVUCSQAKTKJ5EAABAAAAADY8_usd/attempt_01/roomseg_coverage_eval/events/milestone_020/voxroom/roomseg_snapshots/roomseg_milestone_020_step_000016.npz,/media/echo/data/voxroom_roomseg_evaluation/grscene_all_available_gt_20260817/metrics_pr_f1_miou_excluding_training_grscenes_20260818_192125/match_visualizations/voxroom/kujiale_grscene_MVUCSQAKTKJ5EAABAAAAADY8_usd__kujiale_grscene_MVUCSQAKTKJ5EAABAAAAADY8_usd__attempt_01__kujiale_grscene_MVUCSQAKTKJ5EAABAAAAADY8_usd_grscene_frontier_000000/milestone_020.pred_gt_match.png
grscene,kujiale_grscene_MVUCSQAKTKJ5EAABAAAAADY8_usd,kujiale_grscene_MVUCSQAKTKJ5EAABAAAAADY8_usd__kujiale_grscene_MVUCSQAKTKJ5EAABAAAAADY8_usd__attempt_01__kujiale_grscene_MVUCSQAKTKJ5EAABAAAAADY8_usd_grscene_frontier_000000,tvars_original,milestone_040,coverage_milestone,0.4013602586170704,0.4,False,247,0.8196324143692565,0.870576106940527,0.844336527035023,0.39572090396944737,81.96324143692564,87.0576106940527,84.4336527035023,39.57209039694474,4,3,9212,1,0,/media/echo/data/voxroom_roomseg_evaluation/grscene_union_fixed0p5_batch32_full7000_20260815_0015/grscene/kujiale_grscene_MVUCSQAKTKJ5EAABAAAAADY8_usd/attempt_01/roomseg_coverage_eval/events/milestone_040/tvars_original/roomseg_snapshots/roomseg_milestone_040_step_000247.npz,/media/echo/data/voxroom_roomseg_evaluation/grscene_all_available_gt_20260817/metrics_pr_f1_miou_excluding_training_grscenes_20260818_192125/match_visualizations/tvars_original/kujiale_grscene_MVUCSQAKTKJ5EAABAAAAADY8_usd__kujiale_grscene_MVUCSQAKTKJ5EAABAAAAADY8_usd__attempt_01__kujiale_grscene_MVUCSQAKTKJ5EAABAAAAADY8_usd_grscene_frontier_000000/milestone_040.pred_gt_match.png
grscene,kujiale_grscene_MVUCSQAKTKJ5EAABAAAAADY8_usd,kujiale_grscene_MVUCSQAKTKJ5EAABAAAAADY8_usd__kujiale_grscene_MVUCSQAKTKJ5EAABAAAAADY8_usd__attempt_01__kujiale_grscene_MVUCSQAKTKJ5EAABAAAAADY8_usd_grscene_frontier_000000,voxroom,milestone_040,coverage_milestone,0.4013602586170704,0.4,False,247,0.9195098611917961,0.880081201757394,0.8993635946816199,0.7022081743608408,91.95098611917962,88.0081201757394,89.93635946816198,70.22081743608408,4,4,9212,1,0,/media/echo/data/voxroom_roomseg_evaluation/grscene_union_fixed0p5_batch32_full7000_20260815_0015/grscene/kujiale_grscene_MVUCSQAKTKJ5EAABAAAAADY8_usd/attempt_01/roomseg_coverage_eval/events/milestone_040/voxroom/roomseg_snapshots/roomseg_milestone_040_step_000247.npz,/media/echo/data/voxroom_roomseg_evaluation/grscene_all_available_gt_20260817/metrics_pr_f1_miou_excluding_training_grscenes_20260818_192125/match_visualizations/voxroom/kujiale_grscene_MVUCSQAKTKJ5EAABAAAAADY8_usd__kujiale_grscene_MVUCSQAKTKJ5EAABAAAAADY8_usd__attempt_01__kujiale_grscene_MVUCSQAKTKJ5EAABAAAAADY8_usd_grscene_frontier_000000/milestone_040.pred_gt_match.png
grscene,kujiale_grscene_MVUCSQAKTKJ5EAABAAAAADY8_usd,kujiale_grscene_MVUCSQAKTKJ5EAABAAAAADY8_usd__kujiale_grscene_MVUCSQAKTKJ5EAABAAAAADY8_usd__attempt_01__kujiale_grscene_MVUCSQAKTKJ5EAABAAAAADY8_usd_grscene_frontier_000000,tvars_original,milestone_060,coverage_milestone,0.6010747722406482,0.6,False,288,0.7646443514644352,0.9492146570458257,0.8469910561292198,0.33384371914873034,76.46443514644352,94.92146570458257,84.69910561292198,33.384371914873036,4,2,13863,1,0,/media/echo/data/voxroom_roomseg_evaluation/grscene_union_fixed0p5_batch32_full7000_20260815_0015/grscene/kujiale_grscene_MVUCSQAKTKJ5EAABAAAAADY8_usd/attempt_01/roomseg_coverage_eval/events/milestone_060/tvars_original/roomseg_snapshots/roomseg_milestone_060_step_000288.npz,/media/echo/data/voxroom_roomseg_evaluation/grscene_all_available_gt_20260817/metrics_pr_f1_miou_excluding_training_grscenes_20260818_192125/match_visualizations/tvars_original/kujiale_grscene_MVUCSQAKTKJ5EAABAAAAADY8_usd__kujiale_grscene_MVUCSQAKTKJ5EAABAAAAADY8_usd__attempt_01__kujiale_grscene_MVUCSQAKTKJ5EAABAAAAADY8_usd_grscene_frontier_000000/milestone_060.pred_gt_match.png
grscene,kujiale_grscene_MVUCSQAKTKJ5EAABAAAAADY8_usd,kujiale_grscene_MVUCSQAKTKJ5EAABAAAAADY8_usd__kujiale_grscene_MVUCSQAKTKJ5EAABAAAAADY8_usd__attempt_01__kujiale_grscene_MVUCSQAKTKJ5EAABAAAAADY8_usd_grscene_frontier_000000,voxroom,milestone_060,coverage_milestone,0.6010747722406482,0.6,False,288,0.8826083904006355,0.9553589072089158,0.9175438414418385,0.622749746031106,88.26083904006356,95.53589072089159,91.75438414418386,62.2749746031106,4,3,13863,1,1,/media/echo/data/voxroom_roomseg_evaluation/grscene_union_fixed0p5_batch32_full7000_20260815_0015/grscene/kujiale_grscene_MVUCSQAKTKJ5EAABAAAAADY8_usd/attempt_01/roomseg_coverage_eval/events/milestone_060/voxroom/roomseg_snapshots/roomseg_milestone_060_step_000288.npz,/media/echo/data/voxroom_roomseg_evaluation/grscene_all_available_gt_20260817/metrics_pr_f1_miou_excluding_training_grscenes_20260818_192125/match_visualizations/voxroom/kujiale_grscene_MVUCSQAKTKJ5EAABAAAAADY8_usd__kujiale_grscene_MVUCSQAKTKJ5EAABAAAAADY8_usd__attempt_01__kujiale_grscene_MVUCSQAKTKJ5EAABAAAAADY8_usd_grscene_frontier_000000/milestone_060.pred_gt_match.png
grscene,kujiale_grscene_MVUCSQAKTKJ5EAABAAAAADY8_usd,kujiale_grscene_MVUCSQAKTKJ5EAABAAAAADY8_usd__kujiale_grscene_MVUCSQAKTKJ5EAABAAAAADY8_usd__attempt_01__kujiale_grscene_MVUCSQAKTKJ5EAABAAAAADY8_usd_grscene_frontier_000000,tvars_original,milestone_070,coverage_milestone,0.7006171543725597,0.7,False,329,0.7985813790018532,0.9497965204599628,0.8676497401546388,0.3511197012841786,79.85813790018533,94.97965204599627,86.76497401546388,35.11197012841786,4,2,16149,3,0,/media/echo/data/voxroom_roomseg_evaluation/grscene_union_fixed0p5_batch32_full7000_20260815_0015/grscene/kujiale_grscene_MVUCSQAKTKJ5EAABAAAAADY8_usd/attempt_01/roomseg_coverage_eval/events/milestone_070/tvars_original/roomseg_snapshots/roomseg_milestone_070_step_000329.npz,/media/echo/data/voxroom_roomseg_evaluation/grscene_all_available_gt_20260817/metrics_pr_f1_miou_excluding_training_grscenes_20260818_192125/match_visualizations/tvars_original/kujiale_grscene_MVUCSQAKTKJ5EAABAAAAADY8_usd__kujiale_grscene_MVUCSQAKTKJ5EAABAAAAADY8_usd__attempt_01__kujiale_grscene_MVUCSQAKTKJ5EAABAAAAADY8_usd_grscene_frontier_000000/milestone_070.pred_gt_match.png
grscene,kujiale_grscene_MVUCSQAKTKJ5EAABAAAAADY8_usd,kujiale_grscene_MVUCSQAKTKJ5EAABAAAAADY8_usd__kujiale_grscene_MVUCSQAKTKJ5EAABAAAAADY8_usd__attempt_01__kujiale_grscene_MVUCSQAKTKJ5EAABAAAAADY8_usd_grscene_frontier_000000,voxroom,milestone_070,coverage_milestone,0.7006171543725597,0.7,False,329,0.9227172709590256,0.9374819914243102,0.9300410361328412,0.6242459876375006,92.27172709590256,93.74819914243102,93.00410361328412,62.42459876375006,4,4,16149,3,1,/media/echo/data/voxroom_roomseg_evaluation/grscene_union_fixed0p5_batch32_full7000_20260815_0015/grscene/kujiale_grscene_MVUCSQAKTKJ5EAABAAAAADY8_usd/attempt_01/roomseg_coverage_eval/events/milestone_070/voxroom/roomseg_snapshots/roomseg_milestone_070_step_000329.npz,/media/echo/data/voxroom_roomseg_evaluation/grscene_all_available_gt_20260817/metrics_pr_f1_miou_excluding_training_grscenes_20260818_192125/match_visualizations/voxroom/kujiale_grscene_MVUCSQAKTKJ5EAABAAAAADY8_usd__kujiale_grscene_MVUCSQAKTKJ5EAABAAAAADY8_usd__attempt_01__kujiale_grscene_MVUCSQAKTKJ5EAABAAAAADY8_usd_grscene_frontier_000000/milestone_070.pred_gt_match.png
grscene,kujiale_grscene_MVUCSQAKTKJ5EAABAAAAADY8_usd,kujiale_grscene_MVUCSQAKTKJ5EAABAAAAADY8_usd__kujiale_grscene_MVUCSQAKTKJ5EAABAAAAADY8_usd__attempt_01__kujiale_grscene_MVUCSQAKTKJ5EAABAAAAADY8_usd_grscene_frontier_000000,tvars_original,milestone_080,coverage_milestone,0.8012511020613796,0.8,False,401,0.885632208991177,0.9607512266040478,0.9216636314049549,0.5530275547189406,88.5632208991177,96.07512266040477,92.16636314049549,55.30275547189406,6,4,18539,1,0,/media/echo/data/voxroom_roomseg_evaluation/grscene_union_fixed0p5_batch32_full7000_20260815_0015/grscene/kujiale_grscene_MVUCSQAKTKJ5EAABAAAAADY8_usd/attempt_01/roomseg_coverage_eval/events/milestone_080/tvars_original/roomseg_snapshots/roomseg_milestone_080_step_000401.npz,/media/echo/data/voxroom_roomseg_evaluation/grscene_all_available_gt_20260817/metrics_pr_f1_miou_excluding_training_grscenes_20260818_192125/match_visualizations/tvars_original/kujiale_grscene_MVUCSQAKTKJ5EAABAAAAADY8_usd__kujiale_grscene_MVUCSQAKTKJ5EAABAAAAADY8_usd__attempt_01__kujiale_grscene_MVUCSQAKTKJ5EAABAAAAADY8_usd_grscene_frontier_000000/milestone_080.pred_gt_match.png
grscene,kujiale_grscene_MVUCSQAKTKJ5EAABAAAAADY8_usd,kujiale_grscene_MVUCSQAKTKJ5EAABAAAAADY8_usd__kujiale_grscene_MVUCSQAKTKJ5EAABAAAAADY8_usd__attempt_01__kujiale_grscene_MVUCSQAKTKJ5EAABAAAAADY8_usd_grscene_frontier_000000,voxroom,milestone_080,coverage_milestone,0.8012511020613796,0.8,False,401,0.9482983932114838,0.9529286826731918,0.9506078995888841,0.7435854933293461,94.82983932114838,95.29286826731918,95.06078995888842,74.35854933293461,6,6,18539,1,1,/media/echo/data/voxroom_roomseg_evaluation/grscene_union_fixed0p5_batch32_full7000_20260815_0015/grscene/kujiale_grscene_MVUCSQAKTKJ5EAABAAAAADY8_usd/attempt_01/roomseg_coverage_eval/events/milestone_080/voxroom/roomseg_snapshots/roomseg_milestone_080_step_000401.npz,/media/echo/data/voxroom_roomseg_evaluation/grscene_all_available_gt_20260817/metrics_pr_f1_miou_excluding_training_grscenes_20260818_192125/match_visualizations/voxroom/kujiale_grscene_MVUCSQAKTKJ5EAABAAAAADY8_usd__kujiale_grscene_MVUCSQAKTKJ5EAABAAAAADY8_usd__attempt_01__kujiale_grscene_MVUCSQAKTKJ5EAABAAAAADY8_usd_grscene_frontier_000000/milestone_080.pred_gt_match.png
grscene,kujiale_grscene_MVUCSQAKTKJ5EAABAAAAADY8_usd,kujiale_grscene_MVUCSQAKTKJ5EAABAAAAADY8_usd__kujiale_grscene_MVUCSQAKTKJ5EAABAAAAADY8_usd__attempt_01__kujiale_grscene_MVUCSQAKTKJ5EAABAAAAADY8_usd_grscene_frontier_000000,tvars_original,milestone_090,coverage_milestone,0.9023888492380032,0.9,False,508,0.8954257174166794,0.9686123432265434,0.9305822886824454,0.4817308815982724,89.54257174166794,96.86123432265434,93.05822886824454,48.17308815982724,7,4,21046,0,0,/media/echo/data/voxroom_roomseg_evaluation/grscene_union_fixed0p5_batch32_full7000_20260815_0015/grscene/kujiale_grscene_MVUCSQAKTKJ5EAABAAAAADY8_usd/attempt_01/roomseg_coverage_eval/events/milestone_090/tvars_original/roomseg_snapshots/roomseg_milestone_090_step_000508.npz,/media/echo/data/voxroom_roomseg_evaluation/grscene_all_available_gt_20260817/metrics_pr_f1_miou_excluding_training_grscenes_20260818_192125/match_visualizations/tvars_original/kujiale_grscene_MVUCSQAKTKJ5EAABAAAAADY8_usd__kujiale_grscene_MVUCSQAKTKJ5EAABAAAAADY8_usd__attempt_01__kujiale_grscene_MVUCSQAKTKJ5EAABAAAAADY8_usd_grscene_frontier_000000/milestone_090.pred_gt_match.png
grscene,kujiale_grscene_MVUCSQAKTKJ5EAABAAAAADY8_usd,kujiale_grscene_MVUCSQAKTKJ5EAABAAAAADY8_usd__kujiale_grscene_MVUCSQAKTKJ5EAABAAAAADY8_usd__attempt_01__kujiale_grscene_MVUCSQAKTKJ5EAABAAAAADY8_usd_grscene_frontier_000000,voxroom,milestone_090,coverage_milestone,0.9023888492380032,0.9,False,508,0.9425027641264636,0.9722483823427964,0.9571445244623904,0.7824524325104119,94.25027641264636,97.22483823427964,95.71445244623904,78.24524325104119,7,6,21046,0,0,/media/echo/data/voxroom_roomseg_evaluation/grscene_union_fixed0p5_batch32_full7000_20260815_0015/grscene/kujiale_grscene_MVUCSQAKTKJ5EAABAAAAADY8_usd/attempt_01/roomseg_coverage_eval/events/milestone_090/voxroom/roomseg_snapshots/roomseg_milestone_090_step_000508.npz,/media/echo/data/voxroom_roomseg_evaluation/grscene_all_available_gt_20260817/metrics_pr_f1_miou_excluding_training_grscenes_20260818_192125/match_visualizations/voxroom/kujiale_grscene_MVUCSQAKTKJ5EAABAAAAADY8_usd__kujiale_grscene_MVUCSQAKTKJ5EAABAAAAADY8_usd__attempt_01__kujiale_grscene_MVUCSQAKTKJ5EAABAAAAADY8_usd_grscene_frontier_000000/milestone_090.pred_gt_match.png
grscene,kujiale_grscene_MVUCSQAKTKJ5EAABAAAAADY8_usd,kujiale_grscene_MVUCSQAKTKJ5EAABAAAAADY8_usd__kujiale_grscene_MVUCSQAKTKJ5EAABAAAAADY8_usd__attempt_01__kujiale_grscene_MVUCSQAKTKJ5EAABAAAAADY8_usd_grscene_frontier_000000,tvars_original,final,terminal_forced,0.9994962005121961,,True,838,0.9197316350042278,0.968581290235446,0.9435246052660284,0.6259665493999822,91.97316350042279,96.8581290235446,94.35246052660284,62.59665493999822,7,5,23148,0,0,/media/echo/data/voxroom_roomseg_evaluation/grscene_union_fixed0p5_batch32_full7000_20260815_0015/grscene/kujiale_grscene_MVUCSQAKTKJ5EAABAAAAADY8_usd/attempt_01/roomseg_coverage_eval/events/final/tvars_original/roomseg_snapshots/roomseg_final_step_000838.npz,/media/echo/data/voxroom_roomseg_evaluation/grscene_all_available_gt_20260817/metrics_pr_f1_miou_excluding_training_grscenes_20260818_192125/match_visualizations/tvars_original/kujiale_grscene_MVUCSQAKTKJ5EAABAAAAADY8_usd__kujiale_grscene_MVUCSQAKTKJ5EAABAAAAADY8_usd__attempt_01__kujiale_grscene_MVUCSQAKTKJ5EAABAAAAADY8_usd_grscene_frontier_000000/final.pred_gt_match.png
grscene,kujiale_grscene_MVUCSQAKTKJ5EAABAAAAADY8_usd,kujiale_grscene_MVUCSQAKTKJ5EAABAAAAADY8_usd__kujiale_grscene_MVUCSQAKTKJ5EAABAAAAADY8_usd__attempt_01__kujiale_grscene_MVUCSQAKTKJ5EAABAAAAADY8_usd_grscene_frontier_000000,voxroom,final,terminal_forced,0.9994962005121961,,True,838,0.9599315853347529,0.9674471534055094,0.9636747163695841,0.7901424895365523,95.99315853347528,96.74471534055094,96.36747163695841,79.01424895365523,7,7,23148,0,0,/media/echo/data/voxroom_roomseg_evaluation/grscene_union_fixed0p5_batch32_full7000_20260815_0015/grscene/kujiale_grscene_MVUCSQAKTKJ5EAABAAAAADY8_usd/attempt_01/roomseg_coverage_eval/events/final/voxroom/roomseg_snapshots/roomseg_final_step_000838.npz,/media/echo/data/voxroom_roomseg_evaluation/grscene_all_available_gt_20260817/metrics_pr_f1_miou_excluding_training_grscenes_20260818_192125/match_visualizations/voxroom/kujiale_grscene_MVUCSQAKTKJ5EAABAAAAADY8_usd__kujiale_grscene_MVUCSQAKTKJ5EAABAAAAADY8_usd__attempt_01__kujiale_grscene_MVUCSQAKTKJ5EAABAAAAADY8_usd_grscene_frontier_000000/final.pred_gt_match.png
grscene,kujiale_grscene_MVUCSQAKTKJ5EAABAAAAAEI8_usd,kujiale_grscene_MVUCSQAKTKJ5EAABAAAAAEI8_usd__kujiale_grscene_MVUCSQAKTKJ5EAABAAAAAEI8_usd__attempt_01__kujiale_grscene_MVUCSQAKTKJ5EAABAAAAAEI8_usd_grscene_frontier_000000,tvars_original,milestone_020,coverage_milestone,0.20135615111398128,0.2,False,4,0.6351490236382322,0.9919273823191734,0.7744217863319486,0.31562819203268644,63.514902363823225,99.19273823191735,77.44217863319486,31.562819203268646,2,1,2944,0,0,/media/echo/data/voxroom_roomseg_evaluation/grscene_union_fixed0p5_batch32_full7000_20260815_0015/grscene/kujiale_grscene_MVUCSQAKTKJ5EAABAAAAAEI8_usd/attempt_01/roomseg_coverage_eval/events/milestone_020/tvars_original/roomseg_snapshots/roomseg_milestone_020_step_000004.npz,/media/echo/data/voxroom_roomseg_evaluation/grscene_all_available_gt_20260817/metrics_pr_f1_miou_excluding_training_grscenes_20260818_192125/match_visualizations/tvars_original/kujiale_grscene_MVUCSQAKTKJ5EAABAAAAAEI8_usd__kujiale_grscene_MVUCSQAKTKJ5EAABAAAAAEI8_usd__attempt_01__kujiale_grscene_MVUCSQAKTKJ5EAABAAAAAEI8_usd_grscene_frontier_000000/milestone_020.pred_gt_match.png
grscene,kujiale_grscene_MVUCSQAKTKJ5EAABAAAAAEI8_usd,kujiale_grscene_MVUCSQAKTKJ5EAABAAAAAEI8_usd__kujiale_grscene_MVUCSQAKTKJ5EAABAAAAAEI8_usd__attempt_01__kujiale_grscene_MVUCSQAKTKJ5EAABAAAAAEI8_usd_grscene_frontier_000000,voxroom,milestone_020,coverage_milestone,0.20135615111398128,0.2,False,4,0.6351490236382322,0.9919273823191734,0.7744217863319486,0.31562819203268644,63.514902363823225,99.19273823191735,77.44217863319486,31.562819203268646,2,1,2944,0,0,/media/echo/data/voxroom_roomseg_evaluation/grscene_union_fixed0p5_batch32_full7000_20260815_0015/grscene/kujiale_grscene_MVUCSQAKTKJ5EAABAAAAAEI8_usd/attempt_01/roomseg_coverage_eval/events/milestone_020/voxroom/roomseg_snapshots/roomseg_milestone_020_step_000004.npz,/media/echo/data/voxroom_roomseg_evaluation/grscene_all_available_gt_20260817/metrics_pr_f1_miou_excluding_training_grscenes_20260818_192125/match_visualizations/voxroom/kujiale_grscene_MVUCSQAKTKJ5EAABAAAAAEI8_usd__kujiale_grscene_MVUCSQAKTKJ5EAABAAAAAEI8_usd__attempt_01__kujiale_grscene_MVUCSQAKTKJ5EAABAAAAAEI8_usd_grscene_frontier_000000/milestone_020.pred_gt_match.png
grscene,kujiale_grscene_MVUCSQAKTKJ5EAABAAAAAEI8_usd,kujiale_grscene_MVUCSQAKTKJ5EAABAAAAAEI8_usd__kujiale_grscene_MVUCSQAKTKJ5EAABAAAAAEI8_usd__attempt_01__kujiale_grscene_MVUCSQAKTKJ5EAABAAAAAEI8_usd_grscene_frontier_000000,tvars_original,milestone_040,coverage_milestone,0.4058120762027769,0.4,False,98,0.8770630964250107,0.8268872208921386,0.851236399300422,0.6129348719401977,87.70630964250107,82.68872208921387,85.1236399300422,61.29348719401977,3,3,5842,1,0,/media/echo/data/voxroom_roomseg_evaluation/grscene_union_fixed0p5_batch32_full7000_20260815_0015/grscene/kujiale_grscene_MVUCSQAKTKJ5EAABAAAAAEI8_usd/attempt_01/roomseg_coverage_eval/events/milestone_040/tvars_original/roomseg_snapshots/roomseg_milestone_040_step_000098.npz,/media/echo/data/voxroom_roomseg_evaluation/grscene_all_available_gt_20260817/metrics_pr_f1_miou_excluding_training_grscenes_20260818_192125/match_visualizations/tvars_original/kujiale_grscene_MVUCSQAKTKJ5EAABAAAAAEI8_usd__kujiale_grscene_MVUCSQAKTKJ5EAABAAAAAEI8_usd__attempt_01__kujiale_grscene_MVUCSQAKTKJ5EAABAAAAAEI8_usd_grscene_frontier_000000/milestone_040.pred_gt_match.png
grscene,kujiale_grscene_MVUCSQAKTKJ5EAABAAAAAEI8_usd,kujiale_grscene_MVUCSQAKTKJ5EAABAAAAAEI8_usd__kujiale_grscene_MVUCSQAKTKJ5EAABAAAAAEI8_usd__attempt_01__kujiale_grscene_MVUCSQAKTKJ5EAABAAAAAEI8_usd_grscene_frontier_000000,voxroom,milestone_040,coverage_milestone,0.4058120762027769,0.4,False,98,0.9102863202545068,0.9872648830848095,0.947214194756108,0.5978253150703243,91.02863202545069,98.72648830848095,94.7214194756108,59.78253150703243,3,2,5842,1,0,/media/echo/data/voxroom_roomseg_evaluation/grscene_union_fixed0p5_batch32_full7000_20260815_0015/grscene/kujiale_grscene_MVUCSQAKTKJ5EAABAAAAAEI8_usd/attempt_01/roomseg_coverage_eval/events/milestone_040/voxroom/roomseg_snapshots/roomseg_milestone_040_step_000098.npz,/media/echo/data/voxroom_roomseg_evaluation/grscene_all_available_gt_20260817/metrics_pr_f1_miou_excluding_training_grscenes_20260818_192125/match_visualizations/voxroom/kujiale_grscene_MVUCSQAKTKJ5EAABAAAAAEI8_usd__kujiale_grscene_MVUCSQAKTKJ5EAABAAAAAEI8_usd__attempt_01__kujiale_grscene_MVUCSQAKTKJ5EAABAAAAAEI8_usd_grscene_frontier_000000/milestone_040.pred_gt_match.png
grscene,kujiale_grscene_MVUCSQAKTKJ5EAABAAAAAEI8_usd,kujiale_grscene_MVUCSQAKTKJ5EAABAAAAAEI8_usd__kujiale_grscene_MVUCSQAKTKJ5EAABAAAAAEI8_usd__attempt_01__kujiale_grscene_MVUCSQAKTKJ5EAABAAAAAEI8_usd_grscene_frontier_000000,tvars_original,milestone_060,coverage_milestone,0.603228931223765,0.6,False,157,0.906966514515523,0.8521407549930817,0.8786992627784387,0.6908773028924443,90.6966514515523,85.21407549930817,87.86992627784387,69.08773028924443,4,4,8973,1,0,/media/echo/data/voxroom_roomseg_evaluation/grscene_union_fixed0p5_batch32_full7000_20260815_0015/grscene/kujiale_grscene_MVUCSQAKTKJ5EAABAAAAAEI8_usd/attempt_01/roomseg_coverage_eval/events/milestone_060/tvars_original/roomseg_snapshots/roomseg_milestone_060_step_000157.npz,/media/echo/data/voxroom_roomseg_evaluation/grscene_all_available_gt_20260817/metrics_pr_f1_miou_excluding_training_grscenes_20260818_192125/match_visualizations/tvars_original/kujiale_grscene_MVUCSQAKTKJ5EAABAAAAAEI8_usd__kujiale_grscene_MVUCSQAKTKJ5EAABAAAAAEI8_usd__attempt_01__kujiale_grscene_MVUCSQAKTKJ5EAABAAAAAEI8_usd_grscene_frontier_000000/milestone_060.pred_gt_match.png
grscene,kujiale_grscene_MVUCSQAKTKJ5EAABAAAAAEI8_usd,kujiale_grscene_MVUCSQAKTKJ5EAABAAAAAEI8_usd__kujiale_grscene_MVUCSQAKTKJ5EAABAAAAAEI8_usd__attempt_01__kujiale_grscene_MVUCSQAKTKJ5EAABAAAAAEI8_usd_grscene_frontier_000000,voxroom,milestone_060,coverage_milestone,0.603228931223765,0.6,False,157,0.7510001290489096,0.9772256168276264,0.8493063664842279,0.3703840400031474,75.10001290489096,97.72256168276265,84.93063664842279,37.03840400031474,4,2,8973,1,0,/media/echo/data/voxroom_roomseg_evaluation/grscene_union_fixed0p5_batch32_full7000_20260815_0015/grscene/kujiale_grscene_MVUCSQAKTKJ5EAABAAAAAEI8_usd/attempt_01/roomseg_coverage_eval/events/milestone_060/voxroom/roomseg_snapshots/roomseg_milestone_060_step_000157.npz,/media/echo/data/voxroom_roomseg_evaluation/grscene_all_available_gt_20260817/metrics_pr_f1_miou_excluding_training_grscenes_20260818_192125/match_visualizations/voxroom/kujiale_grscene_MVUCSQAKTKJ5EAABAAAAAEI8_usd__kujiale_grscene_MVUCSQAKTKJ5EAABAAAAAEI8_usd__attempt_01__kujiale_grscene_MVUCSQAKTKJ5EAABAAAAAEI8_usd_grscene_frontier_000000/milestone_060.pred_gt_match.png
grscene,kujiale_grscene_MVUCSQAKTKJ5EAABAAAAAEI8_usd,kujiale_grscene_MVUCSQAKTKJ5EAABAAAAAEI8_usd__kujiale_grscene_MVUCSQAKTKJ5EAABAAAAAEI8_usd__attempt_01__kujiale_grscene_MVUCSQAKTKJ5EAABAAAAAEI8_usd_grscene_frontier_000000,tvars_original,milestone_070,coverage_milestone,0.7015175976751695,0.7,False,192,0.888437524953361,0.8850244678639811,0.8867277121661153,0.542146964317211,88.8437524953361,88.50244678639811,88.67277121661154,54.2146964317211,5,4,10500,0,0,/media/echo/data/voxroom_roomseg_evaluation/grscene_union_fixed0p5_batch32_full7000_20260815_0015/grscene/kujiale_grscene_MVUCSQAKTKJ5EAABAAAAAEI8_usd/attempt_01/roomseg_coverage_eval/events/milestone_070/tvars_original/roomseg_snapshots/roomseg_milestone_070_step_000192.npz,/media/echo/data/voxroom_roomseg_evaluation/grscene_all_available_gt_20260817/metrics_pr_f1_miou_excluding_training_grscenes_20260818_192125/match_visualizations/tvars_original/kujiale_grscene_MVUCSQAKTKJ5EAABAAAAAEI8_usd__kujiale_grscene_MVUCSQAKTKJ5EAABAAAAAEI8_usd__attempt_01__kujiale_grscene_MVUCSQAKTKJ5EAABAAAAAEI8_usd_grscene_frontier_000000/milestone_070.pred_gt_match.png
grscene,kujiale_grscene_MVUCSQAKTKJ5EAABAAAAAEI8_usd,kujiale_grscene_MVUCSQAKTKJ5EAABAAAAAEI8_usd__kujiale_grscene_MVUCSQAKTKJ5EAABAAAAAEI8_usd__attempt_01__kujiale_grscene_MVUCSQAKTKJ5EAABAAAAAEI8_usd_grscene_frontier_000000,voxroom,milestone_070,coverage_milestone,0.7015175976751695,0.7,False,192,0.8414092020448988,0.9739490611547419,0.9028407438807222,0.48259209451181545,84.14092020448987,97.39490611547419,90.28407438807223,48.25920945118155,5,3,10500,0,0,/media/echo/data/voxroom_roomseg_evaluation/grscene_union_fixed0p5_batch32_full7000_20260815_0015/grscene/kujiale_grscene_MVUCSQAKTKJ5EAABAAAAAEI8_usd/attempt_01/roomseg_coverage_eval/events/milestone_070/voxroom/roomseg_snapshots/roomseg_milestone_070_step_000192.npz,/media/echo/data/voxroom_roomseg_evaluation/grscene_all_available_gt_20260817/metrics_pr_f1_miou_excluding_training_grscenes_20260818_192125/match_visualizations/voxroom/kujiale_grscene_MVUCSQAKTKJ5EAABAAAAAEI8_usd__kujiale_grscene_MVUCSQAKTKJ5EAABAAAAAEI8_usd__attempt_01__kujiale_grscene_MVUCSQAKTKJ5EAABAAAAAEI8_usd_grscene_frontier_000000/milestone_070.pred_gt_match.png
grscene,kujiale_grscene_MVUCSQAKTKJ5EAABAAAAAEI8_usd,kujiale_grscene_MVUCSQAKTKJ5EAABAAAAAEI8_usd__kujiale_grscene_MVUCSQAKTKJ5EAABAAAAAEI8_usd__attempt_01__kujiale_grscene_MVUCSQAKTKJ5EAABAAAAAEI8_usd_grscene_frontier_000000,tvars_original,milestone_080,coverage_milestone,0.8078785921859865,0.8,False,217,0.8599978052389862,0.9029349261995808,0.8809434880383863,0.4337903684222053,85.99978052389862,90.29349261995809,88.09434880383863,43.37903684222053,6,4,11989,1,0,/media/echo/data/voxroom_roomseg_evaluation/grscene_union_fixed0p5_batch32_full7000_20260815_0015/grscene/kujiale_grscene_MVUCSQAKTKJ5EAABAAAAAEI8_usd/attempt_01/roomseg_coverage_eval/events/milestone_080/tvars_original/roomseg_snapshots/roomseg_milestone_080_step_000217.npz,/media/echo/data/voxroom_roomseg_evaluation/grscene_all_available_gt_20260817/metrics_pr_f1_miou_excluding_training_grscenes_20260818_192125/match_visualizations/tvars_original/kujiale_grscene_MVUCSQAKTKJ5EAABAAAAAEI8_usd__kujiale_grscene_MVUCSQAKTKJ5EAABAAAAAEI8_usd__attempt_01__kujiale_grscene_MVUCSQAKTKJ5EAABAAAAAEI8_usd_grscene_frontier_000000/milestone_080.pred_gt_match.png
grscene,kujiale_grscene_MVUCSQAKTKJ5EAABAAAAAEI8_usd,kujiale_grscene_MVUCSQAKTKJ5EAABAAAAAEI8_usd__kujiale_grscene_MVUCSQAKTKJ5EAABAAAAAEI8_usd__attempt_01__kujiale_grscene_MVUCSQAKTKJ5EAABAAAAAEI8_usd_grscene_frontier_000000,voxroom,milestone_080,coverage_milestone,0.8078785921859865,0.8,False,217,0.8768400070257162,0.9660037772869804,0.9192648515013346,0.5548345220695167,87.68400070257162,96.60037772869804,91.92648515013346,55.48345220695167,6,4,11989,1,0,/media/echo/data/voxroom_roomseg_evaluation/grscene_union_fixed0p5_batch32_full7000_20260815_0015/grscene/kujiale_grscene_MVUCSQAKTKJ5EAABAAAAAEI8_usd/attempt_01/roomseg_coverage_eval/events/milestone_080/voxroom/roomseg_snapshots/roomseg_milestone_080_step_000217.npz,/media/echo/data/voxroom_roomseg_evaluation/grscene_all_available_gt_20260817/metrics_pr_f1_miou_excluding_training_grscenes_20260818_192125/match_visualizations/voxroom/kujiale_grscene_MVUCSQAKTKJ5EAABAAAAAEI8_usd__kujiale_grscene_MVUCSQAKTKJ5EAABAAAAAEI8_usd__attempt_01__kujiale_grscene_MVUCSQAKTKJ5EAABAAAAAEI8_usd_grscene_frontier_000000/milestone_080.pred_gt_match.png
grscene,kujiale_grscene_MVUCSQAKTKJ5EAABAAAAAEI8_usd,kujiale_grscene_MVUCSQAKTKJ5EAABAAAAAEI8_usd__kujiale_grscene_MVUCSQAKTKJ5EAABAAAAAEI8_usd__attempt_01__kujiale_grscene_MVUCSQAKTKJ5EAABAAAAAEI8_usd_grscene_frontier_000000,tvars_original,milestone_090,coverage_milestone,0.9002260251856635,0.9,False,307,0.8730866931313324,0.9155200229195957,0.8938000088373051,0.5041982238188167,87.30866931313324,91.55200229195957,89.38000088373052,50.41982238188167,7,5,13540,0,0,/media/echo/data/voxroom_roomseg_evaluation/grscene_union_fixed0p5_batch32_full7000_20260815_0015/grscene/kujiale_grscene_MVUCSQAKTKJ5EAABAAAAAEI8_usd/attempt_01/roomseg_coverage_eval/events/milestone_090/tvars_original/roomseg_snapshots/roomseg_milestone_090_step_000307.npz,/media/echo/data/voxroom_roomseg_evaluation/grscene_all_available_gt_20260817/metrics_pr_f1_miou_excluding_training_grscenes_20260818_192125/match_visualizations/tvars_original/kujiale_grscene_MVUCSQAKTKJ5EAABAAAAAEI8_usd__kujiale_grscene_MVUCSQAKTKJ5EAABAAAAAEI8_usd__attempt_01__kujiale_grscene_MVUCSQAKTKJ5EAABAAAAAEI8_usd_grscene_frontier_000000/milestone_090.pred_gt_match.png
grscene,kujiale_grscene_MVUCSQAKTKJ5EAABAAAAAEI8_usd,kujiale_grscene_MVUCSQAKTKJ5EAABAAAAAEI8_usd__kujiale_grscene_MVUCSQAKTKJ5EAABAAAAAEI8_usd__attempt_01__kujiale_grscene_MVUCSQAKTKJ5EAABAAAAAEI8_usd_grscene_frontier_000000,voxroom,milestone_090,coverage_milestone,0.9002260251856635,0.9,False,307,0.8704080709373869,0.9605336224300689,0.913252694390489,0.46322136548708565,87.04080709373869,96.05336224300689,91.3252694390489,46.32213654870856,7,4,13540,0,0,/media/echo/data/voxroom_roomseg_evaluation/grscene_union_fixed0p5_batch32_full7000_20260815_0015/grscene/kujiale_grscene_MVUCSQAKTKJ5EAABAAAAAEI8_usd/attempt_01/roomseg_coverage_eval/events/milestone_090/voxroom/roomseg_snapshots/roomseg_milestone_090_step_000307.npz,/media/echo/data/voxroom_roomseg_evaluation/grscene_all_available_gt_20260817/metrics_pr_f1_miou_excluding_training_grscenes_20260818_192125/match_visualizations/voxroom/kujiale_grscene_MVUCSQAKTKJ5EAABAAAAAEI8_usd__kujiale_grscene_MVUCSQAKTKJ5EAABAAAAAEI8_usd__attempt_01__kujiale_grscene_MVUCSQAKTKJ5EAABAAAAAEI8_usd_grscene_frontier_000000/milestone_090.pred_gt_match.png
grscene,kujiale_grscene_MVUCSQAKTKJ5EAABAAAAAEI8_usd,kujiale_grscene_MVUCSQAKTKJ5EAABAAAAAEI8_usd__kujiale_grscene_MVUCSQAKTKJ5EAABAAAAAEI8_usd__attempt_01__kujiale_grscene_MVUCSQAKTKJ5EAABAAAAAEI8_usd_grscene_frontier_000000,tvars_original,final,terminal_forced,0.9970939618986115,,True,658,0.8617450365351773,0.9284665168437806,0.8938624163932701,0.5052151695589877,86.17450365351773,92.84665168437806,89.38624163932701,50.52151695589877,7,5,14963,0,0,/media/echo/data/voxroom_roomseg_evaluation/grscene_union_fixed0p5_batch32_full7000_20260815_0015/grscene/kujiale_grscene_MVUCSQAKTKJ5EAABAAAAAEI8_usd/attempt_01/roomseg_coverage_eval/events/final/tvars_original/roomseg_snapshots/roomseg_final_step_000658.npz,/media/echo/data/voxroom_roomseg_evaluation/grscene_all_available_gt_20260817/metrics_pr_f1_miou_excluding_training_grscenes_20260818_192125/match_visualizations/tvars_original/kujiale_grscene_MVUCSQAKTKJ5EAABAAAAAEI8_usd__kujiale_grscene_MVUCSQAKTKJ5EAABAAAAAEI8_usd__attempt_01__kujiale_grscene_MVUCSQAKTKJ5EAABAAAAAEI8_usd_grscene_frontier_000000/final.pred_gt_match.png
grscene,kujiale_grscene_MVUCSQAKTKJ5EAABAAAAAEI8_usd,kujiale_grscene_MVUCSQAKTKJ5EAABAAAAAEI8_usd__kujiale_grscene_MVUCSQAKTKJ5EAABAAAAAEI8_usd__attempt_01__kujiale_grscene_MVUCSQAKTKJ5EAABAAAAAEI8_usd_grscene_frontier_000000,voxroom,final,terminal_forced,0.9970939618986115,,True,658,0.8054331297198382,0.9737843309019886,0.8816439571545259,0.321739905799061,80.54331297198381,97.37843309019885,88.1643957154526,32.173990579906096,7,3,14963,0,0,/media/echo/data/voxroom_roomseg_evaluation/grscene_union_fixed0p5_batch32_full7000_20260815_0015/grscene/kujiale_grscene_MVUCSQAKTKJ5EAABAAAAAEI8_usd/attempt_01/roomseg_coverage_eval/events/final/voxroom/roomseg_snapshots/roomseg_final_step_000658.npz,/media/echo/data/voxroom_roomseg_evaluation/grscene_all_available_gt_20260817/metrics_pr_f1_miou_excluding_training_grscenes_20260818_192125/match_visualizations/voxroom/kujiale_grscene_MVUCSQAKTKJ5EAABAAAAAEI8_usd__kujiale_grscene_MVUCSQAKTKJ5EAABAAAAAEI8_usd__attempt_01__kujiale_grscene_MVUCSQAKTKJ5EAABAAAAAEI8_usd_grscene_frontier_000000/final.pred_gt_match.png
grscene,kujiale_grscene_MVUHL5YKTKJ5EAABAAAAAAA8_usd,kujiale_grscene_MVUHL5YKTKJ5EAABAAAAAAA8_usd__kujiale_grscene_MVUHL5YKTKJ5EAABAAAAAAA8_usd__attempt_01__kujiale_grscene_MVUHL5YKTKJ5EAABAAAAAAA8_usd_grscene_frontier_000000,tvars_original,milestone_020,coverage_milestone,0.26395816572807723,0.2,False,0,0.9539127745128364,0.9863504043697336,0.9698604407017262,0.47351450944265316,95.39127745128364,98.63504043697337,96.98604407017261,47.351450944265316,2,1,6519,0,0,/media/echo/data/voxroom_roomseg_evaluation/grscene_union_fixed0p5_batch32_full7000_20260815_0015/grscene/kujiale_grscene_MVUHL5YKTKJ5EAABAAAAAAA8_usd/attempt_01/roomseg_coverage_eval/events/milestone_020/tvars_original/roomseg_snapshots/roomseg_milestone_020_step_000000.npz,/media/echo/data/voxroom_roomseg_evaluation/grscene_all_available_gt_20260817/metrics_pr_f1_miou_excluding_training_grscenes_20260818_192125/match_visualizations/tvars_original/kujiale_grscene_MVUHL5YKTKJ5EAABAAAAAAA8_usd__kujiale_grscene_MVUHL5YKTKJ5EAABAAAAAAA8_usd__attempt_01__kujiale_grscene_MVUHL5YKTKJ5EAABAAAAAAA8_usd_grscene_frontier_000000/milestone_020.pred_gt_match.png
grscene,kujiale_grscene_MVUHL5YKTKJ5EAABAAAAAAA8_usd,kujiale_grscene_MVUHL5YKTKJ5EAABAAAAAAA8_usd__kujiale_grscene_MVUHL5YKTKJ5EAABAAAAAAA8_usd__attempt_01__kujiale_grscene_MVUHL5YKTKJ5EAABAAAAAAA8_usd_grscene_frontier_000000,voxroom,milestone_020,coverage_milestone,0.26395816572807723,0.2,False,0,1.0,0.9271398780539442,0.9621926136365196,0.9271398780539442,100.0,92.71398780539441,96.21926136365197,92.71398780539441,2,2,6519,0,0,/media/echo/data/voxroom_roomseg_evaluation/grscene_union_fixed0p5_batch32_full7000_20260815_0015/grscene/kujiale_grscene_MVUHL5YKTKJ5EAABAAAAAAA8_usd/attempt_01/roomseg_coverage_eval/events/milestone_020/voxroom/roomseg_snapshots/roomseg_milestone_020_step_000000.npz,/media/echo/data/voxroom_roomseg_evaluation/grscene_all_available_gt_20260817/metrics_pr_f1_miou_excluding_training_grscenes_20260818_192125/match_visualizations/voxroom/kujiale_grscene_MVUHL5YKTKJ5EAABAAAAAAA8_usd__kujiale_grscene_MVUHL5YKTKJ5EAABAAAAAAA8_usd__attempt_01__kujiale_grscene_MVUHL5YKTKJ5EAABAAAAAAA8_usd_grscene_frontier_000000/milestone_020.pred_gt_match.png
grscene,kujiale_grscene_MVUHL5YKTKJ5EAABAAAAAAA8_usd,kujiale_grscene_MVUHL5YKTKJ5EAABAAAAAAA8_usd__kujiale_grscene_MVUHL5YKTKJ5EAABAAAAAAA8_usd__attempt_01__kujiale_grscene_MVUHL5YKTKJ5EAABAAAAAAA8_usd_grscene_frontier_000000,tvars_original,milestone_040,coverage_milestone,0.4010458567980692,0.4,False,46,0.9001339791816964,0.9676808207519959,0.9326860326754303,0.29538690476190477,90.01339791816963,96.76808207519959,93.26860326754303,29.538690476190478,3,1,9887,0,0,/media/echo/data/voxroom_roomseg_evaluation/grscene_union_fixed0p5_batch32_full7000_20260815_0015/grscene/kujiale_grscene_MVUHL5YKTKJ5EAABAAAAAAA8_usd/attempt_01/roomseg_coverage_eval/events/milestone_040/tvars_original/roomseg_snapshots/roomseg_milestone_040_step_000046.npz,/media/echo/data/voxroom_roomseg_evaluation/grscene_all_available_gt_20260817/metrics_pr_f1_miou_excluding_training_grscenes_20260818_192125/match_visualizations/tvars_original/kujiale_grscene_MVUHL5YKTKJ5EAABAAAAAAA8_usd__kujiale_grscene_MVUHL5YKTKJ5EAABAAAAAAA8_usd__attempt_01__kujiale_grscene_MVUHL5YKTKJ5EAABAAAAAAA8_usd_grscene_frontier_000000/milestone_040.pred_gt_match.png
grscene,kujiale_grscene_MVUHL5YKTKJ5EAABAAAAAAA8_usd,kujiale_grscene_MVUHL5YKTKJ5EAABAAAAAAA8_usd__kujiale_grscene_MVUHL5YKTKJ5EAABAAAAAAA8_usd__attempt_01__kujiale_grscene_MVUHL5YKTKJ5EAABAAAAAAA8_usd_grscene_frontier_000000,voxroom,milestone_040,coverage_milestone,0.4010458567980692,0.4,False,46,0.9985443959243087,0.921605733743375,0.9585336338679161,0.920199784357553,99.85443959243086,92.1605733743375,95.85336338679161,92.0199784357553,3,3,9887,0,0,/media/echo/data/voxroom_roomseg_evaluation/grscene_union_fixed0p5_batch32_full7000_20260815_0015/grscene/kujiale_grscene_MVUHL5YKTKJ5EAABAAAAAAA8_usd/attempt_01/roomseg_coverage_eval/events/milestone_040/voxroom/roomseg_snapshots/roomseg_milestone_040_step_000046.npz,/media/echo/data/voxroom_roomseg_evaluation/grscene_all_available_gt_20260817/metrics_pr_f1_miou_excluding_training_grscenes_20260818_192125/match_visualizations/voxroom/kujiale_grscene_MVUHL5YKTKJ5EAABAAAAAAA8_usd__kujiale_grscene_MVUHL5YKTKJ5EAABAAAAAAA8_usd__attempt_01__kujiale_grscene_MVUHL5YKTKJ5EAABAAAAAAA8_usd_grscene_frontier_000000/milestone_040.pred_gt_match.png
grscene,kujiale_grscene_MVUHL5YKTKJ5EAABAAAAAAA8_usd,kujiale_grscene_MVUHL5YKTKJ5EAABAAAAAAA8_usd__kujiale_grscene_MVUHL5YKTKJ5EAABAAAAAAA8_usd__attempt_01__kujiale_grscene_MVUHL5YKTKJ5EAABAAAAAAA8_usd_grscene_frontier_000000,tvars_original,milestone_060,coverage_milestone,0.61130329847144,0.6,False,171,0.6755452877624516,0.9844893936709371,0.8012690074309167,0.11180082315633223,67.55452877624516,98.44893936709371,80.12690074309167,11.180082315633223,6,1,14898,1,1,/media/echo/data/voxroom_roomseg_evaluation/grscene_union_fixed0p5_batch32_full7000_20260815_0015/grscene/kujiale_grscene_MVUHL5YKTKJ5EAABAAAAAAA8_usd/attempt_01/roomseg_coverage_eval/events/milestone_060/tvars_original/roomseg_snapshots/roomseg_milestone_060_step_000171.npz,/media/echo/data/voxroom_roomseg_evaluation/grscene_all_available_gt_20260817/metrics_pr_f1_miou_excluding_training_grscenes_20260818_192125/match_visualizations/tvars_original/kujiale_grscene_MVUHL5YKTKJ5EAABAAAAAAA8_usd__kujiale_grscene_MVUHL5YKTKJ5EAABAAAAAAA8_usd__attempt_01__kujiale_grscene_MVUHL5YKTKJ5EAABAAAAAAA8_usd_grscene_frontier_000000/milestone_060.pred_gt_match.png
grscene,kujiale_grscene_MVUHL5YKTKJ5EAABAAAAAAA8_usd,kujiale_grscene_MVUHL5YKTKJ5EAABAAAAAAA8_usd__kujiale_grscene_MVUHL5YKTKJ5EAABAAAAAAA8_usd__attempt_01__kujiale_grscene_MVUHL5YKTKJ5EAABAAAAAAA8_usd_grscene_frontier_000000,voxroom,milestone_060,coverage_milestone,0.61130329847144,0.6,False,171,0.9829276538201488,0.962982179763065,0.9728526967584644,0.9463897694503749,98.29276538201488,96.2982179763065,97.28526967584644,94.63897694503748,6,6,14898,1,1,/media/echo/data/voxroom_roomseg_evaluation/grscene_union_fixed0p5_batch32_full7000_20260815_0015/grscene/kujiale_grscene_MVUHL5YKTKJ5EAABAAAAAAA8_usd/attempt_01/roomseg_coverage_eval/events/milestone_060/voxroom/roomseg_snapshots/roomseg_milestone_060_step_000171.npz,/media/echo/data/voxroom_roomseg_evaluation/grscene_all_available_gt_20260817/metrics_pr_f1_miou_excluding_training_grscenes_20260818_192125/match_visualizations/voxroom/kujiale_grscene_MVUHL5YKTKJ5EAABAAAAAAA8_usd__kujiale_grscene_MVUHL5YKTKJ5EAABAAAAAAA8_usd__attempt_01__kujiale_grscene_MVUHL5YKTKJ5EAABAAAAAAA8_usd_grscene_frontier_000000/milestone_060.pred_gt_match.png
grscene,kujiale_grscene_MVUHL5YKTKJ5EAABAAAAAAA8_usd,kujiale_grscene_MVUHL5YKTKJ5EAABAAAAAAA8_usd__kujiale_grscene_MVUHL5YKTKJ5EAABAAAAAAA8_usd__attempt_01__kujiale_grscene_MVUHL5YKTKJ5EAABAAAAAAA8_usd_grscene_frontier_000000,tvars_original,milestone_070,coverage_milestone,0.7,0.7,False,309,0.8764699209176818,0.994303765396444,0.9316758611697117,0.37409151703994187,87.64699209176818,99.4303765396444,93.16758611697117,37.40915170399418,7,3,17172,0,0,/media/echo/data/voxroom_roomseg_evaluation/grscene_union_fixed0p5_batch32_full7000_20260815_0015/grscene/kujiale_grscene_MVUHL5YKTKJ5EAABAAAAAAA8_usd/attempt_01/roomseg_coverage_eval/events/milestone_070/tvars_original/roomseg_snapshots/roomseg_milestone_070_step_000309.npz,/media/echo/data/voxroom_roomseg_evaluation/grscene_all_available_gt_20260817/metrics_pr_f1_miou_excluding_training_grscenes_20260818_192125/match_visualizations/tvars_original/kujiale_grscene_MVUHL5YKTKJ5EAABAAAAAAA8_usd__kujiale_grscene_MVUHL5YKTKJ5EAABAAAAAAA8_usd__attempt_01__kujiale_grscene_MVUHL5YKTKJ5EAABAAAAAAA8_usd_grscene_frontier_000000/milestone_070.pred_gt_match.png
grscene,kujiale_grscene_MVUHL5YKTKJ5EAABAAAAAAA8_usd,kujiale_grscene_MVUHL5YKTKJ5EAABAAAAAAA8_usd__kujiale_grscene_MVUHL5YKTKJ5EAABAAAAAAA8_usd__attempt_01__kujiale_grscene_MVUHL5YKTKJ5EAABAAAAAAA8_usd_grscene_frontier_000000,voxroom,milestone_070,coverage_milestone,0.7,0.7,False,309,0.9871835189028626,0.9781126366650145,0.9826271443219918,0.9653271551639551,98.71835189028626,97.81126366650145,98.26271443219919,96.53271551639551,7,7,17172,0,0,/media/echo/data/voxroom_roomseg_evaluation/grscene_union_fixed0p5_batch32_full7000_20260815_0015/grscene/kujiale_grscene_MVUHL5YKTKJ5EAABAAAAAAA8_usd/attempt_01/roomseg_coverage_eval/events/milestone_070/voxroom/roomseg_snapshots/roomseg_milestone_070_step_000309.npz,/media/echo/data/voxroom_roomseg_evaluation/grscene_all_available_gt_20260817/metrics_pr_f1_miou_excluding_training_grscenes_20260818_192125/match_visualizations/voxroom/kujiale_grscene_MVUHL5YKTKJ5EAABAAAAAAA8_usd__kujiale_grscene_MVUHL5YKTKJ5EAABAAAAAAA8_usd__attempt_01__kujiale_grscene_MVUHL5YKTKJ5EAABAAAAAAA8_usd_grscene_frontier_000000/milestone_070.pred_gt_match.png
grscene,kujiale_grscene_MVUHL5YKTKJ5EAABAAAAAAA8_usd,kujiale_grscene_MVUHL5YKTKJ5EAABAAAAAAA8_usd__kujiale_grscene_MVUHL5YKTKJ5EAABAAAAAAA8_usd__attempt_01__kujiale_grscene_MVUHL5YKTKJ5EAABAAAAAAA8_usd_grscene_frontier_000000,tvars_original,milestone_080,coverage_milestone,0.8029766693483508,0.8,False,495,0.8499509552590664,0.9980878257359428,0.9180821416095598,0.31768957610228676,84.99509552590663,99.80878257359429,91.80821416095598,31.768957610228675,8,3,19705,0,0,/media/echo/data/voxroom_roomseg_evaluation/grscene_union_fixed0p5_batch32_full7000_20260815_0015/grscene/kujiale_grscene_MVUHL5YKTKJ5EAABAAAAAAA8_usd/attempt_01/roomseg_coverage_eval/events/milestone_080/tvars_original/roomseg_snapshots/roomseg_milestone_080_step_000495.npz,/media/echo/data/voxroom_roomseg_evaluation/grscene_all_available_gt_20260817/metrics_pr_f1_miou_excluding_training_grscenes_20260818_192125/match_visualizations/tvars_original/kujiale_grscene_MVUHL5YKTKJ5EAABAAAAAAA8_usd__kujiale_grscene_MVUHL5YKTKJ5EAABAAAAAAA8_usd__attempt_01__kujiale_grscene_MVUHL5YKTKJ5EAABAAAAAAA8_usd_grscene_frontier_000000/milestone_080.pred_gt_match.png
grscene,kujiale_grscene_MVUHL5YKTKJ5EAABAAAAAAA8_usd,kujiale_grscene_MVUHL5YKTKJ5EAABAAAAAAA8_usd__kujiale_grscene_MVUHL5YKTKJ5EAABAAAAAAA8_usd__attempt_01__kujiale_grscene_MVUHL5YKTKJ5EAABAAAAAAA8_usd_grscene_frontier_000000,voxroom,milestone_080,coverage_milestone,0.8029766693483508,0.8,False,495,0.990399324959895,0.984119337290011,0.9872493443251602,0.9745361952679453,99.0399324959895,98.4119337290011,98.72493443251602,97.45361952679453,8,8,19705,0,0,/media/echo/data/voxroom_roomseg_evaluation/grscene_union_fixed0p5_batch32_full7000_20260815_0015/grscene/kujiale_grscene_MVUHL5YKTKJ5EAABAAAAAAA8_usd/attempt_01/roomseg_coverage_eval/events/milestone_080/voxroom/roomseg_snapshots/roomseg_milestone_080_step_000495.npz,/media/echo/data/voxroom_roomseg_evaluation/grscene_all_available_gt_20260817/metrics_pr_f1_miou_excluding_training_grscenes_20260818_192125/match_visualizations/voxroom/kujiale_grscene_MVUHL5YKTKJ5EAABAAAAAAA8_usd__kujiale_grscene_MVUHL5YKTKJ5EAABAAAAAAA8_usd__attempt_01__kujiale_grscene_MVUHL5YKTKJ5EAABAAAAAAA8_usd_grscene_frontier_000000/milestone_080.pred_gt_match.png
grscene,kujiale_grscene_MVUHL5YKTKJ5EAABAAAAAAA8_usd,kujiale_grscene_MVUHL5YKTKJ5EAABAAAAAAA8_usd__kujiale_grscene_MVUHL5YKTKJ5EAABAAAAAAA8_usd__attempt_01__kujiale_grscene_MVUHL5YKTKJ5EAABAAAAAAA8_usd_grscene_frontier_000000,tvars_original,milestone_090,coverage_milestone,0.9017296862429606,0.9,False,748,0.9111413562024335,0.9347104200566395,0.9227754153835369,0.25688104764373276,91.11413562024336,93.47104200566395,92.27754153835369,25.688104764373275,8,5,21996,0,0,/media/echo/data/voxroom_roomseg_evaluation/grscene_union_fixed0p5_batch32_full7000_20260815_0015/grscene/kujiale_grscene_MVUHL5YKTKJ5EAABAAAAAAA8_usd/attempt_01/roomseg_coverage_eval/events/milestone_090/tvars_original/roomseg_snapshots/roomseg_milestone_090_step_000748.npz,/media/echo/data/voxroom_roomseg_evaluation/grscene_all_available_gt_20260817/metrics_pr_f1_miou_excluding_training_grscenes_20260818_192125/match_visualizations/tvars_original/kujiale_grscene_MVUHL5YKTKJ5EAABAAAAAAA8_usd__kujiale_grscene_MVUHL5YKTKJ5EAABAAAAAAA8_usd__attempt_01__kujiale_grscene_MVUHL5YKTKJ5EAABAAAAAAA8_usd_grscene_frontier_000000/milestone_090.pred_gt_match.png
grscene,kujiale_grscene_MVUHL5YKTKJ5EAABAAAAAAA8_usd,kujiale_grscene_MVUHL5YKTKJ5EAABAAAAAAA8_usd__kujiale_grscene_MVUHL5YKTKJ5EAABAAAAAAA8_usd__attempt_01__kujiale_grscene_MVUHL5YKTKJ5EAABAAAAAAA8_usd_grscene_frontier_000000,voxroom,milestone_090,coverage_milestone,0.9017296862429606,0.9,False,748,0.9916116506522974,0.9691341121941566,0.9802440427576767,0.9597338482532156,99.16116506522974,96.91341121941565,98.02440427576768,95.97338482532156,8,9,21996,0,0,/media/echo/data/voxroom_roomseg_evaluation/grscene_union_fixed0p5_batch32_full7000_20260815_0015/grscene/kujiale_grscene_MVUHL5YKTKJ5EAABAAAAAAA8_usd/attempt_01/roomseg_coverage_eval/events/milestone_090/voxroom/roomseg_snapshots/roomseg_milestone_090_step_000748.npz,/media/echo/data/voxroom_roomseg_evaluation/grscene_all_available_gt_20260817/metrics_pr_f1_miou_excluding_training_grscenes_20260818_192125/match_visualizations/voxroom/kujiale_grscene_MVUHL5YKTKJ5EAABAAAAAAA8_usd__kujiale_grscene_MVUHL5YKTKJ5EAABAAAAAAA8_usd__attempt_01__kujiale_grscene_MVUHL5YKTKJ5EAABAAAAAAA8_usd_grscene_frontier_000000/milestone_090.pred_gt_match.png
grscene,kujiale_grscene_MVUHL5YKTKJ5EAABAAAAAAA8_usd,kujiale_grscene_MVUHL5YKTKJ5EAABAAAAAAA8_usd__kujiale_grscene_MVUHL5YKTKJ5EAABAAAAAAA8_usd__attempt_01__kujiale_grscene_MVUHL5YKTKJ5EAABAAAAAAA8_usd_grscene_frontier_000000,tvars_original,final,terminal_forced,0.9179002413515688,,True,878,0.8980732917981799,0.9286411853797217,0.9131014799223156,0.4278328579288319,89.80732917981798,92.86411853797217,91.31014799223156,42.78328579288319,8,7,22373,0,0,/media/echo/data/voxroom_roomseg_evaluation/grscene_union_fixed0p5_batch32_full7000_20260815_0015/grscene/kujiale_grscene_MVUHL5YKTKJ5EAABAAAAAAA8_usd/attempt_01/roomseg_coverage_eval/events/final/tvars_original/roomseg_snapshots/roomseg_final_step_000878.npz,/media/echo/data/voxroom_roomseg_evaluation/grscene_all_available_gt_20260817/metrics_pr_f1_miou_excluding_training_grscenes_20260818_192125/match_visualizations/tvars_original/kujiale_grscene_MVUHL5YKTKJ5EAABAAAAAAA8_usd__kujiale_grscene_MVUHL5YKTKJ5EAABAAAAAAA8_usd__attempt_01__kujiale_grscene_MVUHL5YKTKJ5EAABAAAAAAA8_usd_grscene_frontier_000000/final.pred_gt_match.png
grscene,kujiale_grscene_MVUHL5YKTKJ5EAABAAAAAAA8_usd,kujiale_grscene_MVUHL5YKTKJ5EAABAAAAAAA8_usd__kujiale_grscene_MVUHL5YKTKJ5EAABAAAAAAA8_usd__attempt_01__kujiale_grscene_MVUHL5YKTKJ5EAABAAAAAAA8_usd_grscene_frontier_000000,voxroom,final,terminal_forced,0.9179002413515688,,True,878,0.9930377567379016,0.9696757651606271,0.9812177231721342,0.9618432414907665,99.30377567379016,96.96757651606272,98.12177231721341,96.18432414907664,8,9,22373,0,0,/media/echo/data/voxroom_roomseg_evaluation/grscene_union_fixed0p5_batch32_full7000_20260815_0015/grscene/kujiale_grscene_MVUHL5YKTKJ5EAABAAAAAAA8_usd/attempt_01/roomseg_coverage_eval/events/final/voxroom/roomseg_snapshots/roomseg_final_step_000878.npz,/media/echo/data/voxroom_roomseg_evaluation/grscene_all_available_gt_20260817/metrics_pr_f1_miou_excluding_training_grscenes_20260818_192125/match_visualizations/voxroom/kujiale_grscene_MVUHL5YKTKJ5EAABAAAAAAA8_usd__kujiale_grscene_MVUHL5YKTKJ5EAABAAAAAAA8_usd__attempt_01__kujiale_grscene_MVUHL5YKTKJ5EAABAAAAAAA8_usd_grscene_frontier_000000/final.pred_gt_match.png
grscene,kujiale_grscene_MVUHL5YKTKJ5EAABAAAAAAI8_usd,kujiale_grscene_MVUHL5YKTKJ5EAABAAAAAAI8_usd__kujiale_grscene_MVUHL5YKTKJ5EAABAAAAAAI8_usd__attempt_01__kujiale_grscene_MVUHL5YKTKJ5EAABAAAAAAI8_usd_grscene_frontier_000000,tvars_original,milestone_020,coverage_milestone,0.3046687649880096,0.2,False,0,0.6792995622263915,0.9919647732277774,0.8063849887809799,0.337454952156083,67.92995622263915,99.19647732277774,80.63849887809799,33.7454952156083,2,1,8064,1,0,/media/echo/data/voxroom_roomseg_evaluation/grscene_union_fixed0p5_batch32_full7000_20260815_0015/grscene/kujiale_grscene_MVUHL5YKTKJ5EAABAAAAAAI8_usd/attempt_01/roomseg_coverage_eval/events/milestone_020/tvars_original/roomseg_snapshots/roomseg_milestone_020_step_000000.npz,/media/echo/data/voxroom_roomseg_evaluation/grscene_all_available_gt_20260817/metrics_pr_f1_miou_excluding_training_grscenes_20260818_192125/match_visualizations/tvars_original/kujiale_grscene_MVUHL5YKTKJ5EAABAAAAAAI8_usd__kujiale_grscene_MVUHL5YKTKJ5EAABAAAAAAI8_usd__attempt_01__kujiale_grscene_MVUHL5YKTKJ5EAABAAAAAAI8_usd_grscene_frontier_000000/milestone_020.pred_gt_match.png
grscene,kujiale_grscene_MVUHL5YKTKJ5EAABAAAAAAI8_usd,kujiale_grscene_MVUHL5YKTKJ5EAABAAAAAAI8_usd__kujiale_grscene_MVUHL5YKTKJ5EAABAAAAAAI8_usd__attempt_01__kujiale_grscene_MVUHL5YKTKJ5EAABAAAAAAI8_usd_grscene_frontier_000000,voxroom,milestone_020,coverage_milestone,0.3046687649880096,0.2,False,0,0.6805780490843404,0.9948828837512136,0.8082497643736589,0.33944327078414316,68.05780490843404,99.48828837512136,80.82497643736589,33.94432707841432,2,1,8064,1,0,/media/echo/data/voxroom_roomseg_evaluation/grscene_union_fixed0p5_batch32_full7000_20260815_0015/grscene/kujiale_grscene_MVUHL5YKTKJ5EAABAAAAAAI8_usd/attempt_01/roomseg_coverage_eval/events/milestone_020/voxroom/roomseg_snapshots/roomseg_milestone_020_step_000000.npz,/media/echo/data/voxroom_roomseg_evaluation/grscene_all_available_gt_20260817/metrics_pr_f1_miou_excluding_training_grscenes_20260818_192125/match_visualizations/voxroom/kujiale_grscene_MVUHL5YKTKJ5EAABAAAAAAI8_usd__kujiale_grscene_MVUHL5YKTKJ5EAABAAAAAAI8_usd__attempt_01__kujiale_grscene_MVUHL5YKTKJ5EAABAAAAAAI8_usd_grscene_frontier_000000/milestone_020.pred_gt_match.png
grscene,kujiale_grscene_MVUHL5YKTKJ5EAABAAAAAAI8_usd,kujiale_grscene_MVUHL5YKTKJ5EAABAAAAAAI8_usd__kujiale_grscene_MVUHL5YKTKJ5EAABAAAAAAI8_usd__attempt_01__kujiale_grscene_MVUHL5YKTKJ5EAABAAAAAAI8_usd_grscene_frontier_000000,tvars_original,milestone_040,coverage_milestone,0.40415167865707435,0.4,False,22,0.8155970790378007,0.9869018729605944,0.8931092958375402,0.40634307371758,81.55970790378007,98.69018729605943,89.31092958375402,40.634307371758,4,2,10751,0,0,/media/echo/data/voxroom_roomseg_evaluation/grscene_union_fixed0p5_batch32_full7000_20260815_0015/grscene/kujiale_grscene_MVUHL5YKTKJ5EAABAAAAAAI8_usd/attempt_01/roomseg_coverage_eval/events/milestone_040/tvars_original/roomseg_snapshots/roomseg_milestone_040_step_000022.npz,/media/echo/data/voxroom_roomseg_evaluation/grscene_all_available_gt_20260817/metrics_pr_f1_miou_excluding_training_grscenes_20260818_192125/match_visualizations/tvars_original/kujiale_grscene_MVUHL5YKTKJ5EAABAAAAAAI8_usd__kujiale_grscene_MVUHL5YKTKJ5EAABAAAAAAI8_usd__attempt_01__kujiale_grscene_MVUHL5YKTKJ5EAABAAAAAAI8_usd_grscene_frontier_000000/milestone_040.pred_gt_match.png
grscene,kujiale_grscene_MVUHL5YKTKJ5EAABAAAAAAI8_usd,kujiale_grscene_MVUHL5YKTKJ5EAABAAAAAAI8_usd__kujiale_grscene_MVUHL5YKTKJ5EAABAAAAAAI8_usd__attempt_01__kujiale_grscene_MVUHL5YKTKJ5EAABAAAAAAI8_usd_grscene_frontier_000000,voxroom,milestone_040,coverage_milestone,0.40415167865707435,0.4,False,22,0.8731116812504748,0.9859067380645308,0.9260873164934817,0.6447907695809466,87.31116812504747,98.59067380645308,92.60873164934817,64.47907695809467,4,3,10751,0,0,/media/echo/data/voxroom_roomseg_evaluation/grscene_union_fixed0p5_batch32_full7000_20260815_0015/grscene/kujiale_grscene_MVUHL5YKTKJ5EAABAAAAAAI8_usd/attempt_01/roomseg_coverage_eval/events/milestone_040/voxroom/roomseg_snapshots/roomseg_milestone_040_step_000022.npz,/media/echo/data/voxroom_roomseg_evaluation/grscene_all_available_gt_20260817/metrics_pr_f1_miou_excluding_training_grscenes_20260818_192125/match_visualizations/voxroom/kujiale_grscene_MVUHL5YKTKJ5EAABAAAAAAI8_usd__kujiale_grscene_MVUHL5YKTKJ5EAABAAAAAAI8_usd__attempt_01__kujiale_grscene_MVUHL5YKTKJ5EAABAAAAAAI8_usd_grscene_frontier_000000/milestone_040.pred_gt_match.png
grscene,kujiale_grscene_MVUHL5YKTKJ5EAABAAAAAAI8_usd,kujiale_grscene_MVUHL5YKTKJ5EAABAAAAAAI8_usd__kujiale_grscene_MVUHL5YKTKJ5EAABAAAAAAI8_usd__attempt_01__kujiale_grscene_MVUHL5YKTKJ5EAABAAAAAAI8_usd_grscene_frontier_000000,tvars_original,milestone_060,coverage_milestone,0.6008693045563549,0.6,False,262,0.8087313489840607,0.9866154379790777,0.888860959764763,0.40285326841678426,80.87313489840608,98.66154379790777,88.8860959764763,40.285326841678426,4,2,15813,1,0,/media/echo/data/voxroom_roomseg_evaluation/grscene_union_fixed0p5_batch32_full7000_20260815_0015/grscene/kujiale_grscene_MVUHL5YKTKJ5EAABAAAAAAI8_usd/attempt_01/roomseg_coverage_eval/events/milestone_060/tvars_original/roomseg_snapshots/roomseg_milestone_060_step_000262.npz,/media/echo/data/voxroom_roomseg_evaluation/grscene_all_available_gt_20260817/metrics_pr_f1_miou_excluding_training_grscenes_20260818_192125/match_visualizations/tvars_original/kujiale_grscene_MVUHL5YKTKJ5EAABAAAAAAI8_usd__kujiale_grscene_MVUHL5YKTKJ5EAABAAAAAAI8_usd__attempt_01__kujiale_grscene_MVUHL5YKTKJ5EAABAAAAAAI8_usd_grscene_frontier_000000/milestone_060.pred_gt_match.png
grscene,kujiale_grscene_MVUHL5YKTKJ5EAABAAAAAAI8_usd,kujiale_grscene_MVUHL5YKTKJ5EAABAAAAAAI8_usd__kujiale_grscene_MVUHL5YKTKJ5EAABAAAAAAI8_usd__attempt_01__kujiale_grscene_MVUHL5YKTKJ5EAABAAAAAAI8_usd_grscene_frontier_000000,voxroom,milestone_060,coverage_milestone,0.6008693045563549,0.6,False,262,0.9907354200026184,0.9798818733181998,0.9852787576819579,0.9707387492949398,99.07354200026184,97.98818733181997,98.5278757681958,97.07387492949397,4,4,15813,1,0,/media/echo/data/voxroom_roomseg_evaluation/grscene_union_fixed0p5_batch32_full7000_20260815_0015/grscene/kujiale_grscene_MVUHL5YKTKJ5EAABAAAAAAI8_usd/attempt_01/roomseg_coverage_eval/events/milestone_060/voxroom/roomseg_snapshots/roomseg_milestone_060_step_000262.npz,/media/echo/data/voxroom_roomseg_evaluation/grscene_all_available_gt_20260817/metrics_pr_f1_miou_excluding_training_grscenes_20260818_192125/match_visualizations/voxroom/kujiale_grscene_MVUHL5YKTKJ5EAABAAAAAAI8_usd__kujiale_grscene_MVUHL5YKTKJ5EAABAAAAAAI8_usd__attempt_01__kujiale_grscene_MVUHL5YKTKJ5EAABAAAAAAI8_usd_grscene_frontier_000000/milestone_060.pred_gt_match.png
grscene,kujiale_grscene_MVUHL5YKTKJ5EAABAAAAAAI8_usd,kujiale_grscene_MVUHL5YKTKJ5EAABAAAAAAI8_usd__kujiale_grscene_MVUHL5YKTKJ5EAABAAAAAAI8_usd__attempt_01__kujiale_grscene_MVUHL5YKTKJ5EAABAAAAAAI8_usd_grscene_frontier_000000,tvars_original,milestone_070,coverage_milestone,0.7156025179856115,0.7,False,289,0.7627784428622435,0.9938333949626913,0.8631100771958807,0.217293988675745,76.27784428622435,99.38333949626913,86.31100771958808,21.729398867574503,7,2,18903,0,0,/media/echo/data/voxroom_roomseg_evaluation/grscene_union_fixed0p5_batch32_full7000_20260815_0015/grscene/kujiale_grscene_MVUHL5YKTKJ5EAABAAAAAAI8_usd/attempt_01/roomseg_coverage_eval/events/milestone_070/tvars_original/roomseg_snapshots/roomseg_milestone_070_step_000289.npz,/media/echo/data/voxroom_roomseg_evaluation/grscene_all_available_gt_20260817/metrics_pr_f1_miou_excluding_training_grscenes_20260818_192125/match_visualizations/tvars_original/kujiale_grscene_MVUHL5YKTKJ5EAABAAAAAAI8_usd__kujiale_grscene_MVUHL5YKTKJ5EAABAAAAAAI8_usd__attempt_01__kujiale_grscene_MVUHL5YKTKJ5EAABAAAAAAI8_usd_grscene_frontier_000000/milestone_070.pred_gt_match.png
grscene,kujiale_grscene_MVUHL5YKTKJ5EAABAAAAAAI8_usd,kujiale_grscene_MVUHL5YKTKJ5EAABAAAAAAI8_usd__kujiale_grscene_MVUHL5YKTKJ5EAABAAAAAAI8_usd__attempt_01__kujiale_grscene_MVUHL5YKTKJ5EAABAAAAAAI8_usd_grscene_frontier_000000,voxroom,milestone_070,coverage_milestone,0.7156025179856115,0.7,False,289,0.9236176041665667,0.9712340235421306,0.9468275286480048,0.7654703596687165,92.36176041665667,97.12340235421306,94.68275286480048,76.54703596687165,7,6,18903,0,0,/media/echo/data/voxroom_roomseg_evaluation/grscene_union_fixed0p5_batch32_full7000_20260815_0015/grscene/kujiale_grscene_MVUHL5YKTKJ5EAABAAAAAAI8_usd/attempt_01/roomseg_coverage_eval/events/milestone_070/voxroom/roomseg_snapshots/roomseg_milestone_070_step_000289.npz,/media/echo/data/voxroom_roomseg_evaluation/grscene_all_available_gt_20260817/metrics_pr_f1_miou_excluding_training_grscenes_20260818_192125/match_visualizations/voxroom/kujiale_grscene_MVUHL5YKTKJ5EAABAAAAAAI8_usd__kujiale_grscene_MVUHL5YKTKJ5EAABAAAAAAI8_usd__attempt_01__kujiale_grscene_MVUHL5YKTKJ5EAABAAAAAAI8_usd_grscene_frontier_000000/milestone_070.pred_gt_match.png
grscene,kujiale_grscene_MVUHL5YKTKJ5EAABAAAAAAI8_usd,kujiale_grscene_MVUHL5YKTKJ5EAABAAAAAAI8_usd__kujiale_grscene_MVUHL5YKTKJ5EAABAAAAAAI8_usd__attempt_01__kujiale_grscene_MVUHL5YKTKJ5EAABAAAAAAI8_usd_grscene_frontier_000000,tvars_original,milestone_080,coverage_milestone,0.8033947841726619,0.8,False,326,0.922104679445571,0.9886813452105062,0.9542331617829799,0.6514622921286158,92.2104679445571,98.86813452105062,95.423316178298,65.14622921286158,7,5,21199,0,0,/media/echo/data/voxroom_roomseg_evaluation/grscene_union_fixed0p5_batch32_full7000_20260815_0015/grscene/kujiale_grscene_MVUHL5YKTKJ5EAABAAAAAAI8_usd/attempt_01/roomseg_coverage_eval/events/milestone_080/tvars_original/roomseg_snapshots/roomseg_milestone_080_step_000326.npz,/media/echo/data/voxroom_roomseg_evaluation/grscene_all_available_gt_20260817/metrics_pr_f1_miou_excluding_training_grscenes_20260818_192125/match_visualizations/tvars_original/kujiale_grscene_MVUHL5YKTKJ5EAABAAAAAAI8_usd__kujiale_grscene_MVUHL5YKTKJ5EAABAAAAAAI8_usd__attempt_01__kujiale_grscene_MVUHL5YKTKJ5EAABAAAAAAI8_usd_grscene_frontier_000000/milestone_080.pred_gt_match.png
grscene,kujiale_grscene_MVUHL5YKTKJ5EAABAAAAAAI8_usd,kujiale_grscene_MVUHL5YKTKJ5EAABAAAAAAI8_usd__kujiale_grscene_MVUHL5YKTKJ5EAABAAAAAAI8_usd__attempt_01__kujiale_grscene_MVUHL5YKTKJ5EAABAAAAAAI8_usd_grscene_frontier_000000,voxroom,milestone_080,coverage_milestone,0.8033947841726619,0.8,False,326,0.9914202124020725,0.9677531110705792,0.9794437107072554,0.9592623004792128,99.14202124020724,96.77531110705792,97.94437107072554,95.92623004792128,7,7,21199,0,0,/media/echo/data/voxroom_roomseg_evaluation/grscene_union_fixed0p5_batch32_full7000_20260815_0015/grscene/kujiale_grscene_MVUHL5YKTKJ5EAABAAAAAAI8_usd/attempt_01/roomseg_coverage_eval/events/milestone_080/voxroom/roomseg_snapshots/roomseg_milestone_080_step_000326.npz,/media/echo/data/voxroom_roomseg_evaluation/grscene_all_available_gt_20260817/metrics_pr_f1_miou_excluding_training_grscenes_20260818_192125/match_visualizations/voxroom/kujiale_grscene_MVUHL5YKTKJ5EAABAAAAAAI8_usd__kujiale_grscene_MVUHL5YKTKJ5EAABAAAAAAI8_usd__attempt_01__kujiale_grscene_MVUHL5YKTKJ5EAABAAAAAAI8_usd_grscene_frontier_000000/milestone_080.pred_gt_match.png
grscene,kujiale_grscene_MVUHL5YKTKJ5EAABAAAAAAI8_usd,kujiale_grscene_MVUHL5YKTKJ5EAABAAAAAAI8_usd__kujiale_grscene_MVUHL5YKTKJ5EAABAAAAAAI8_usd__attempt_01__kujiale_grscene_MVUHL5YKTKJ5EAABAAAAAAI8_usd_grscene_frontier_000000,tvars_original,milestone_090,coverage_milestone,0.9044139688249401,0.9,False,739,0.9217843034667652,0.9963099504956812,0.9575993169860666,0.6550833600977591,92.17843034667652,99.63099504956811,95.75993169860666,65.50833600977592,7,5,23767,0,0,/media/echo/data/voxroom_roomseg_evaluation/grscene_union_fixed0p5_batch32_full7000_20260815_0015/grscene/kujiale_grscene_MVUHL5YKTKJ5EAABAAAAAAI8_usd/attempt_01/roomseg_coverage_eval/events/milestone_090/tvars_original/roomseg_snapshots/roomseg_milestone_090_step_000739.npz,/media/echo/data/voxroom_roomseg_evaluation/grscene_all_available_gt_20260817/metrics_pr_f1_miou_excluding_training_grscenes_20260818_192125/match_visualizations/tvars_original/kujiale_grscene_MVUHL5YKTKJ5EAABAAAAAAI8_usd__kujiale_grscene_MVUHL5YKTKJ5EAABAAAAAAI8_usd__attempt_01__kujiale_grscene_MVUHL5YKTKJ5EAABAAAAAAI8_usd_grscene_frontier_000000/milestone_090.pred_gt_match.png
grscene,kujiale_grscene_MVUHL5YKTKJ5EAABAAAAAAI8_usd,kujiale_grscene_MVUHL5YKTKJ5EAABAAAAAAI8_usd__kujiale_grscene_MVUHL5YKTKJ5EAABAAAAAAI8_usd__attempt_01__kujiale_grscene_MVUHL5YKTKJ5EAABAAAAAAI8_usd_grscene_frontier_000000,voxroom,milestone_090,coverage_milestone,0.9044139688249401,0.9,False,739,0.9838133810034714,0.9215977522891716,0.9516898319346146,0.9178278710320166,98.38133810034714,92.15977522891717,95.16898319346147,91.78278710320166,7,9,23767,0,0,/media/echo/data/voxroom_roomseg_evaluation/grscene_union_fixed0p5_batch32_full7000_20260815_0015/grscene/kujiale_grscene_MVUHL5YKTKJ5EAABAAAAAAI8_usd/attempt_01/roomseg_coverage_eval/events/milestone_090/voxroom/roomseg_snapshots/roomseg_milestone_090_step_000739.npz,/media/echo/data/voxroom_roomseg_evaluation/grscene_all_available_gt_20260817/metrics_pr_f1_miou_excluding_training_grscenes_20260818_192125/match_visualizations/voxroom/kujiale_grscene_MVUHL5YKTKJ5EAABAAAAAAI8_usd__kujiale_grscene_MVUHL5YKTKJ5EAABAAAAAAI8_usd__attempt_01__kujiale_grscene_MVUHL5YKTKJ5EAABAAAAAAI8_usd_grscene_frontier_000000/milestone_090.pred_gt_match.png
grscene,kujiale_grscene_MVUHL5YKTKJ5EAABAAAAAAI8_usd,kujiale_grscene_MVUHL5YKTKJ5EAABAAAAAAI8_usd__kujiale_grscene_MVUHL5YKTKJ5EAABAAAAAAI8_usd__attempt_01__kujiale_grscene_MVUHL5YKTKJ5EAABAAAAAAI8_usd_grscene_frontier_000000,tvars_original,final,terminal_forced,0.9982389088729017,,True,930,0.9385929082989294,0.968529890228914,0.9533264319907687,0.6304977487722773,93.85929082989294,96.8529890228914,95.33264319907687,63.049774877227726,7,6,26155,0,0,/media/echo/data/voxroom_roomseg_evaluation/grscene_union_fixed0p5_batch32_full7000_20260815_0015/grscene/kujiale_grscene_MVUHL5YKTKJ5EAABAAAAAAI8_usd/attempt_01/roomseg_coverage_eval/events/final/tvars_original/roomseg_snapshots/roomseg_final_step_000930.npz,/media/echo/data/voxroom_roomseg_evaluation/grscene_all_available_gt_20260817/metrics_pr_f1_miou_excluding_training_grscenes_20260818_192125/match_visualizations/tvars_original/kujiale_grscene_MVUHL5YKTKJ5EAABAAAAAAI8_usd__kujiale_grscene_MVUHL5YKTKJ5EAABAAAAAAI8_usd__attempt_01__kujiale_grscene_MVUHL5YKTKJ5EAABAAAAAAI8_usd_grscene_frontier_000000/final.pred_gt_match.png
grscene,kujiale_grscene_MVUHL5YKTKJ5EAABAAAAAAI8_usd,kujiale_grscene_MVUHL5YKTKJ5EAABAAAAAAI8_usd__kujiale_grscene_MVUHL5YKTKJ5EAABAAAAAAI8_usd__attempt_01__kujiale_grscene_MVUHL5YKTKJ5EAABAAAAAAI8_usd_grscene_frontier_000000,voxroom,final,terminal_forced,0.9982389088729017,,True,930,0.9853265107842422,0.9234459871248493,0.9533831961516173,0.9200508699942527,98.53265107842421,92.34459871248492,95.33831961516172,92.00508699942527,7,9,26155,0,0,/media/echo/data/voxroom_roomseg_evaluation/grscene_union_fixed0p5_batch32_full7000_20260815_0015/grscene/kujiale_grscene_MVUHL5YKTKJ5EAABAAAAAAI8_usd/attempt_01/roomseg_coverage_eval/events/final/voxroom/roomseg_snapshots/roomseg_final_step_000930.npz,/media/echo/data/voxroom_roomseg_evaluation/grscene_all_available_gt_20260817/metrics_pr_f1_miou_excluding_training_grscenes_20260818_192125/match_visualizations/voxroom/kujiale_grscene_MVUHL5YKTKJ5EAABAAAAAAI8_usd__kujiale_grscene_MVUHL5YKTKJ5EAABAAAAAAI8_usd__attempt_01__kujiale_grscene_MVUHL5YKTKJ5EAABAAAAAAI8_usd_grscene_frontier_000000/final.pred_gt_match.png
grscene,kujiale_grscene_MVUHL5YKTKJ5EAABAAAAAAQ8_usd,kujiale_grscene_MVUHL5YKTKJ5EAABAAAAAAQ8_usd__kujiale_grscene_MVUHL5YKTKJ5EAABAAAAAAQ8_usd__attempt_01__kujiale_grscene_MVUHL5YKTKJ5EAABAAAAAAQ8_usd_grscene_frontier_000000,tvars_original,milestone_020,coverage_milestone,0.24702467343976778,0.2,False,0,1.0,0.9960815047021944,0.9980369061641146,0.9960815047021944,100.0,99.60815047021944,99.80369061641146,99.60815047021944,1,1,5104,0,0,/media/echo/data/voxroom_roomseg_evaluation/grscene_union_fixed0p5_batch32_full7000_20260815_0015/grscene/kujiale_grscene_MVUHL5YKTKJ5EAABAAAAAAQ8_usd/attempt_01/roomseg_coverage_eval/events/milestone_020/tvars_original/roomseg_snapshots/roomseg_milestone_020_step_000000.npz,/media/echo/data/voxroom_roomseg_evaluation/grscene_all_available_gt_20260817/metrics_pr_f1_miou_excluding_training_grscenes_20260818_192125/match_visualizations/tvars_original/kujiale_grscene_MVUHL5YKTKJ5EAABAAAAAAQ8_usd__kujiale_grscene_MVUHL5YKTKJ5EAABAAAAAAQ8_usd__attempt_01__kujiale_grscene_MVUHL5YKTKJ5EAABAAAAAAQ8_usd_grscene_frontier_000000/milestone_020.pred_gt_match.png
grscene,kujiale_grscene_MVUHL5YKTKJ5EAABAAAAAAQ8_usd,kujiale_grscene_MVUHL5YKTKJ5EAABAAAAAAQ8_usd__kujiale_grscene_MVUHL5YKTKJ5EAABAAAAAAQ8_usd__attempt_01__kujiale_grscene_MVUHL5YKTKJ5EAABAAAAAAQ8_usd_grscene_frontier_000000,voxroom,milestone_020,coverage_milestone,0.24702467343976778,0.2,False,0,1.0,0.9649294670846394,0.9821517598963007,0.9649294670846394,100.0,96.49294670846395,98.21517598963007,96.49294670846395,1,1,5104,0,0,/media/echo/data/voxroom_roomseg_evaluation/grscene_union_fixed0p5_batch32_full7000_20260815_0015/grscene/kujiale_grscene_MVUHL5YKTKJ5EAABAAAAAAQ8_usd/attempt_01/roomseg_coverage_eval/events/milestone_020/voxroom/roomseg_snapshots/roomseg_milestone_020_step_000000.npz,/media/echo/data/voxroom_roomseg_evaluation/grscene_all_available_gt_20260817/metrics_pr_f1_miou_excluding_training_grscenes_20260818_192125/match_visualizations/voxroom/kujiale_grscene_MVUHL5YKTKJ5EAABAAAAAAQ8_usd__kujiale_grscene_MVUHL5YKTKJ5EAABAAAAAAQ8_usd__attempt_01__kujiale_grscene_MVUHL5YKTKJ5EAABAAAAAAQ8_usd_grscene_frontier_000000/milestone_020.pred_gt_match.png
grscene,kujiale_grscene_MVUHL5YKTKJ5EAABAAAAAAQ8_usd,kujiale_grscene_MVUHL5YKTKJ5EAABAAAAAAQ8_usd__kujiale_grscene_MVUHL5YKTKJ5EAABAAAAAAQ8_usd__attempt_01__kujiale_grscene_MVUHL5YKTKJ5EAABAAAAAAQ8_usd_grscene_frontier_000000,tvars_original,milestone_040,coverage_milestone,0.40212868892114173,0.4,False,47,1.0,0.9899903521466473,0.9949700018180716,0.9899903521466473,100.0,98.99903521466473,99.49700018180717,98.99903521466473,1,1,8292,1,0,/media/echo/data/voxroom_roomseg_evaluation/grscene_union_fixed0p5_batch32_full7000_20260815_0015/grscene/kujiale_grscene_MVUHL5YKTKJ5EAABAAAAAAQ8_usd/attempt_01/roomseg_coverage_eval/events/milestone_040/tvars_original/roomseg_snapshots/roomseg_milestone_040_step_000047.npz,/media/echo/data/voxroom_roomseg_evaluation/grscene_all_available_gt_20260817/metrics_pr_f1_miou_excluding_training_grscenes_20260818_192125/match_visualizations/tvars_original/kujiale_grscene_MVUHL5YKTKJ5EAABAAAAAAQ8_usd__kujiale_grscene_MVUHL5YKTKJ5EAABAAAAAAQ8_usd__attempt_01__kujiale_grscene_MVUHL5YKTKJ5EAABAAAAAAQ8_usd_grscene_frontier_000000/milestone_040.pred_gt_match.png
grscene,kujiale_grscene_MVUHL5YKTKJ5EAABAAAAAAQ8_usd,kujiale_grscene_MVUHL5YKTKJ5EAABAAAAAAQ8_usd__kujiale_grscene_MVUHL5YKTKJ5EAABAAAAAAQ8_usd__attempt_01__kujiale_grscene_MVUHL5YKTKJ5EAABAAAAAAQ8_usd_grscene_frontier_000000,voxroom,milestone_040,coverage_milestone,0.40212868892114173,0.4,False,47,1.0,0.8051133622768933,0.892036344200962,0.8051133622768933,100.0,80.51133622768933,89.2036344200962,80.51133622768933,1,2,8292,1,0,/media/echo/data/voxroom_roomseg_evaluation/grscene_union_fixed0p5_batch32_full7000_20260815_0015/grscene/kujiale_grscene_MVUHL5YKTKJ5EAABAAAAAAQ8_usd/attempt_01/roomseg_coverage_eval/events/milestone_040/voxroom/roomseg_snapshots/roomseg_milestone_040_step_000047.npz,/media/echo/data/voxroom_roomseg_evaluation/grscene_all_available_gt_20260817/metrics_pr_f1_miou_excluding_training_grscenes_20260818_192125/match_visualizations/voxroom/kujiale_grscene_MVUHL5YKTKJ5EAABAAAAAAQ8_usd__kujiale_grscene_MVUHL5YKTKJ5EAABAAAAAAQ8_usd__attempt_01__kujiale_grscene_MVUHL5YKTKJ5EAABAAAAAAQ8_usd_grscene_frontier_000000/milestone_040.pred_gt_match.png
grscene,kujiale_grscene_MVUHL5YKTKJ5EAABAAAAAAQ8_usd,kujiale_grscene_MVUHL5YKTKJ5EAABAAAAAAQ8_usd__kujiale_grscene_MVUHL5YKTKJ5EAABAAAAAAQ8_usd__attempt_01__kujiale_grscene_MVUHL5YKTKJ5EAABAAAAAAQ8_usd_grscene_frontier_000000,tvars_original,milestone_060,coverage_milestone,0.6076439283986453,0.6,False,266,0.9232326836640774,0.9703329521496525,0.9461970353890967,0.6495566644962036,92.32326836640775,97.03329521496525,94.61970353890968,64.95566644962037,4,4,12502,1,0,/media/echo/data/voxroom_roomseg_evaluation/grscene_union_fixed0p5_batch32_full7000_20260815_0015/grscene/kujiale_grscene_MVUHL5YKTKJ5EAABAAAAAAQ8_usd/attempt_01/roomseg_coverage_eval/events/milestone_060/tvars_original/roomseg_snapshots/roomseg_milestone_060_step_000266.npz,/media/echo/data/voxroom_roomseg_evaluation/grscene_all_available_gt_20260817/metrics_pr_f1_miou_excluding_training_grscenes_20260818_192125/match_visualizations/tvars_original/kujiale_grscene_MVUHL5YKTKJ5EAABAAAAAAQ8_usd__kujiale_grscene_MVUHL5YKTKJ5EAABAAAAAAQ8_usd__attempt_01__kujiale_grscene_MVUHL5YKTKJ5EAABAAAAAAQ8_usd_grscene_frontier_000000/milestone_060.pred_gt_match.png
grscene,kujiale_grscene_MVUHL5YKTKJ5EAABAAAAAAQ8_usd,kujiale_grscene_MVUHL5YKTKJ5EAABAAAAAAQ8_usd__kujiale_grscene_MVUHL5YKTKJ5EAABAAAAAAQ8_usd__attempt_01__kujiale_grscene_MVUHL5YKTKJ5EAABAAAAAAQ8_usd_grscene_frontier_000000,voxroom,milestone_060,coverage_milestone,0.6076439283986453,0.6,False,266,0.9367130659246422,0.9156235333119771,0.9260482435804374,0.6074814069027725,93.67130659246422,91.56235333119771,92.60482435804374,60.74814069027725,4,5,12502,1,0,/media/echo/data/voxroom_roomseg_evaluation/grscene_union_fixed0p5_batch32_full7000_20260815_0015/grscene/kujiale_grscene_MVUHL5YKTKJ5EAABAAAAAAQ8_usd/attempt_01/roomseg_coverage_eval/events/milestone_060/voxroom/roomseg_snapshots/roomseg_milestone_060_step_000266.npz,/media/echo/data/voxroom_roomseg_evaluation/grscene_all_available_gt_20260817/metrics_pr_f1_miou_excluding_training_grscenes_20260818_192125/match_visualizations/voxroom/kujiale_grscene_MVUHL5YKTKJ5EAABAAAAAAQ8_usd__kujiale_grscene_MVUHL5YKTKJ5EAABAAAAAAQ8_usd__attempt_01__kujiale_grscene_MVUHL5YKTKJ5EAABAAAAAAQ8_usd_grscene_frontier_000000/milestone_060.pred_gt_match.png
grscene,kujiale_grscene_MVUHL5YKTKJ5EAABAAAAAAQ8_usd,kujiale_grscene_MVUHL5YKTKJ5EAABAAAAAAQ8_usd__kujiale_grscene_MVUHL5YKTKJ5EAABAAAAAAQ8_usd__attempt_01__kujiale_grscene_MVUHL5YKTKJ5EAABAAAAAAQ8_usd_grscene_frontier_000000,tvars_original,milestone_070,coverage_milestone,0.7036284470246734,0.7,False,288,0.9198092480779028,0.9579477006314312,0.9384911660919609,0.5069844202009618,91.98092480779027,95.79477006314312,93.84911660919609,50.69844202009618,5,4,14490,0,0,/media/echo/data/voxroom_roomseg_evaluation/grscene_union_fixed0p5_batch32_full7000_20260815_0015/grscene/kujiale_grscene_MVUHL5YKTKJ5EAABAAAAAAQ8_usd/attempt_01/roomseg_coverage_eval/events/milestone_070/tvars_original/roomseg_snapshots/roomseg_milestone_070_step_000288.npz,/media/echo/data/voxroom_roomseg_evaluation/grscene_all_available_gt_20260817/metrics_pr_f1_miou_excluding_training_grscenes_20260818_192125/match_visualizations/tvars_original/kujiale_grscene_MVUHL5YKTKJ5EAABAAAAAAQ8_usd__kujiale_grscene_MVUHL5YKTKJ5EAABAAAAAAQ8_usd__attempt_01__kujiale_grscene_MVUHL5YKTKJ5EAABAAAAAAQ8_usd_grscene_frontier_000000/milestone_070.pred_gt_match.png
grscene,kujiale_grscene_MVUHL5YKTKJ5EAABAAAAAAQ8_usd,kujiale_grscene_MVUHL5YKTKJ5EAABAAAAAAQ8_usd__kujiale_grscene_MVUHL5YKTKJ5EAABAAAAAAQ8_usd__attempt_01__kujiale_grscene_MVUHL5YKTKJ5EAABAAAAAAQ8_usd_grscene_frontier_000000,voxroom,milestone_070,coverage_milestone,0.7036284470246734,0.7,False,288,0.910470167538362,0.917761220444951,0.9141011555002937,0.5375475738182866,91.0470167538362,91.7761220444951,91.41011555002937,53.754757381828654,5,6,14490,0,0,/media/echo/data/voxroom_roomseg_evaluation/grscene_union_fixed0p5_batch32_full7000_20260815_0015/grscene/kujiale_grscene_MVUHL5YKTKJ5EAABAAAAAAQ8_usd/attempt_01/roomseg_coverage_eval/events/milestone_070/voxroom/roomseg_snapshots/roomseg_milestone_070_step_000288.npz,/media/echo/data/voxroom_roomseg_evaluation/grscene_all_available_gt_20260817/metrics_pr_f1_miou_excluding_training_grscenes_20260818_192125/match_visualizations/voxroom/kujiale_grscene_MVUHL5YKTKJ5EAABAAAAAAQ8_usd__kujiale_grscene_MVUHL5YKTKJ5EAABAAAAAAQ8_usd__attempt_01__kujiale_grscene_MVUHL5YKTKJ5EAABAAAAAAQ8_usd_grscene_frontier_000000/milestone_070.pred_gt_match.png
grscene,kujiale_grscene_MVUHL5YKTKJ5EAABAAAAAAQ8_usd,kujiale_grscene_MVUHL5YKTKJ5EAABAAAAAAQ8_usd__kujiale_grscene_MVUHL5YKTKJ5EAABAAAAAAQ8_usd__attempt_01__kujiale_grscene_MVUHL5YKTKJ5EAABAAAAAAQ8_usd_grscene_frontier_000000,tvars_original,milestone_080,coverage_milestone,0.8013546202225448,0.8,False,361,0.907077322429773,0.949874623916126,0.9279827969714549,0.49601553304184975,90.7077322429773,94.9874623916126,92.79827969714549,49.601553304184975,5,4,16419,1,0,/media/echo/data/voxroom_roomseg_evaluation/grscene_union_fixed0p5_batch32_full7000_20260815_0015/grscene/kujiale_grscene_MVUHL5YKTKJ5EAABAAAAAAQ8_usd/attempt_01/roomseg_coverage_eval/events/milestone_080/tvars_original/roomseg_snapshots/roomseg_milestone_080_step_000361.npz,/media/echo/data/voxroom_roomseg_evaluation/grscene_all_available_gt_20260817/metrics_pr_f1_miou_excluding_training_grscenes_20260818_192125/match_visualizations/tvars_original/kujiale_grscene_MVUHL5YKTKJ5EAABAAAAAAQ8_usd__kujiale_grscene_MVUHL5YKTKJ5EAABAAAAAAQ8_usd__attempt_01__kujiale_grscene_MVUHL5YKTKJ5EAABAAAAAAQ8_usd_grscene_frontier_000000/milestone_080.pred_gt_match.png
grscene,kujiale_grscene_MVUHL5YKTKJ5EAABAAAAAAQ8_usd,kujiale_grscene_MVUHL5YKTKJ5EAABAAAAAAQ8_usd__kujiale_grscene_MVUHL5YKTKJ5EAABAAAAAAQ8_usd__attempt_01__kujiale_grscene_MVUHL5YKTKJ5EAABAAAAAAQ8_usd_grscene_frontier_000000,voxroom,milestone_080,coverage_milestone,0.8013546202225448,0.8,False,361,0.8779814535555399,0.9103306202681551,0.8938634513496523,0.5812513690472673,87.798145355554,91.03306202681551,89.38634513496523,58.12513690472672,5,6,16419,1,0,/media/echo/data/voxroom_roomseg_evaluation/grscene_union_fixed0p5_batch32_full7000_20260815_0015/grscene/kujiale_grscene_MVUHL5YKTKJ5EAABAAAAAAQ8_usd/attempt_01/roomseg_coverage_eval/events/milestone_080/voxroom/roomseg_snapshots/roomseg_milestone_080_step_000361.npz,/media/echo/data/voxroom_roomseg_evaluation/grscene_all_available_gt_20260817/metrics_pr_f1_miou_excluding_training_grscenes_20260818_192125/match_visualizations/voxroom/kujiale_grscene_MVUHL5YKTKJ5EAABAAAAAAQ8_usd__kujiale_grscene_MVUHL5YKTKJ5EAABAAAAAAQ8_usd__attempt_01__kujiale_grscene_MVUHL5YKTKJ5EAABAAAAAAQ8_usd_grscene_frontier_000000/milestone_080.pred_gt_match.png
grscene,kujiale_grscene_MVUHL5YKTKJ5EAABAAAAAAQ8_usd,kujiale_grscene_MVUHL5YKTKJ5EAABAAAAAAQ8_usd__kujiale_grscene_MVUHL5YKTKJ5EAABAAAAAAQ8_usd__attempt_01__kujiale_grscene_MVUHL5YKTKJ5EAABAAAAAAQ8_usd_grscene_frontier_000000,tvars_original,milestone_090,coverage_milestone,0.9003386550556362,0.9,False,459,0.835334906727027,0.9630457763582836,0.8946556881248956,0.34181256718225556,83.5334906727027,96.30457763582837,89.46556881248956,34.181256718225555,7,4,18419,0,0,/media/echo/data/voxroom_roomseg_evaluation/grscene_union_fixed0p5_batch32_full7000_20260815_0015/grscene/kujiale_grscene_MVUHL5YKTKJ5EAABAAAAAAQ8_usd/attempt_01/roomseg_coverage_eval/events/milestone_090/tvars_original/roomseg_snapshots/roomseg_milestone_090_step_000459.npz,/media/echo/data/voxroom_roomseg_evaluation/grscene_all_available_gt_20260817/metrics_pr_f1_miou_excluding_training_grscenes_20260818_192125/match_visualizations/tvars_original/kujiale_grscene_MVUHL5YKTKJ5EAABAAAAAAQ8_usd__kujiale_grscene_MVUHL5YKTKJ5EAABAAAAAAQ8_usd__attempt_01__kujiale_grscene_MVUHL5YKTKJ5EAABAAAAAAQ8_usd_grscene_frontier_000000/milestone_090.pred_gt_match.png
grscene,kujiale_grscene_MVUHL5YKTKJ5EAABAAAAAAQ8_usd,kujiale_grscene_MVUHL5YKTKJ5EAABAAAAAAQ8_usd__kujiale_grscene_MVUHL5YKTKJ5EAABAAAAAAQ8_usd__attempt_01__kujiale_grscene_MVUHL5YKTKJ5EAABAAAAAAQ8_usd_grscene_frontier_000000,voxroom,milestone_090,coverage_milestone,0.9003386550556362,0.9,False,459,0.919646727000867,0.931851611240755,0.9257089424578342,0.7015378186885343,91.96467270008671,93.1851611240755,92.57089424578342,70.15378186885343,7,9,18419,0,0,/media/echo/data/voxroom_roomseg_evaluation/grscene_union_fixed0p5_batch32_full7000_20260815_0015/grscene/kujiale_grscene_MVUHL5YKTKJ5EAABAAAAAAQ8_usd/attempt_01/roomseg_coverage_eval/events/milestone_090/voxroom/roomseg_snapshots/roomseg_milestone_090_step_000459.npz,/media/echo/data/voxroom_roomseg_evaluation/grscene_all_available_gt_20260817/metrics_pr_f1_miou_excluding_training_grscenes_20260818_192125/match_visualizations/voxroom/kujiale_grscene_MVUHL5YKTKJ5EAABAAAAAAQ8_usd__kujiale_grscene_MVUHL5YKTKJ5EAABAAAAAAQ8_usd__attempt_01__kujiale_grscene_MVUHL5YKTKJ5EAABAAAAAAQ8_usd_grscene_frontier_000000/milestone_090.pred_gt_match.png
grscene,kujiale_grscene_MVUHL5YKTKJ5EAABAAAAAAQ8_usd,kujiale_grscene_MVUHL5YKTKJ5EAABAAAAAAQ8_usd__kujiale_grscene_MVUHL5YKTKJ5EAABAAAAAAQ8_usd__attempt_01__kujiale_grscene_MVUHL5YKTKJ5EAABAAAAAAQ8_usd_grscene_frontier_000000,tvars_original,final,terminal_forced,0.9979680696661829,,True,647,0.784704874276312,0.9756871801971796,0.8698363346097074,0.4025310550064408,78.4704874276312,97.56871801971796,86.98363346097075,40.25310550064408,7,4,20332,0,0,/media/echo/data/voxroom_roomseg_evaluation/grscene_union_fixed0p5_batch32_full7000_20260815_0015/grscene/kujiale_grscene_MVUHL5YKTKJ5EAABAAAAAAQ8_usd/attempt_01/roomseg_coverage_eval/events/final/tvars_original/roomseg_snapshots/roomseg_final_step_000647.npz,/media/echo/data/voxroom_roomseg_evaluation/grscene_all_available_gt_20260817/metrics_pr_f1_miou_excluding_training_grscenes_20260818_192125/match_visualizations/tvars_original/kujiale_grscene_MVUHL5YKTKJ5EAABAAAAAAQ8_usd__kujiale_grscene_MVUHL5YKTKJ5EAABAAAAAAQ8_usd__attempt_01__kujiale_grscene_MVUHL5YKTKJ5EAABAAAAAAQ8_usd_grscene_frontier_000000/final.pred_gt_match.png
grscene,kujiale_grscene_MVUHL5YKTKJ5EAABAAAAAAQ8_usd,kujiale_grscene_MVUHL5YKTKJ5EAABAAAAAAQ8_usd__kujiale_grscene_MVUHL5YKTKJ5EAABAAAAAAQ8_usd__attempt_01__kujiale_grscene_MVUHL5YKTKJ5EAABAAAAAAQ8_usd_grscene_frontier_000000,voxroom,final,terminal_forced,0.9979680696661829,,True,647,0.9777619126284041,0.9390482519027717,0.9580141339196035,0.7820186369443333,97.7761912628404,93.90482519027718,95.80141339196035,78.20186369443333,7,9,20332,0,0,/media/echo/data/voxroom_roomseg_evaluation/grscene_union_fixed0p5_batch32_full7000_20260815_0015/grscene/kujiale_grscene_MVUHL5YKTKJ5EAABAAAAAAQ8_usd/attempt_01/roomseg_coverage_eval/events/final/voxroom/roomseg_snapshots/roomseg_final_step_000647.npz,/media/echo/data/voxroom_roomseg_evaluation/grscene_all_available_gt_20260817/metrics_pr_f1_miou_excluding_training_grscenes_20260818_192125/match_visualizations/voxroom/kujiale_grscene_MVUHL5YKTKJ5EAABAAAAAAQ8_usd__kujiale_grscene_MVUHL5YKTKJ5EAABAAAAAAQ8_usd__attempt_01__kujiale_grscene_MVUHL5YKTKJ5EAABAAAAAAQ8_usd_grscene_frontier_000000/final.pred_gt_match.png
grscene,kujiale_grscene_MVUHLWYKTKJ5EAABAAAAAAA8_usd,kujiale_grscene_MVUHLWYKTKJ5EAABAAAAAAA8_usd__kujiale_grscene_MVUHLWYKTKJ5EAABAAAAAAA8_usd__attempt_01__kujiale_grscene_MVUHLWYKTKJ5EAABAAAAAAA8_usd_grscene_frontier_000000,tvars_original,milestone_020,coverage_milestone,0.2815733522324593,0.2,False,0,1.0,0.986923955820744,0.9934189508657595,0.986923955820744,100.0,98.6923955820744,99.34189508657595,98.6923955820744,1,1,7877,2,0,/media/echo/data/voxroom_roomseg_evaluation/grscene_union_fixed0p5_batch32_full7000_20260815_0015/grscene/kujiale_grscene_MVUHLWYKTKJ5EAABAAAAAAA8_usd/attempt_01/roomseg_coverage_eval/events/milestone_020/tvars_original/roomseg_snapshots/roomseg_milestone_020_step_000000.npz,/media/echo/data/voxroom_roomseg_evaluation/grscene_all_available_gt_20260817/metrics_pr_f1_miou_excluding_training_grscenes_20260818_192125/match_visualizations/tvars_original/kujiale_grscene_MVUHLWYKTKJ5EAABAAAAAAA8_usd__kujiale_grscene_MVUHLWYKTKJ5EAABAAAAAAA8_usd__attempt_01__kujiale_grscene_MVUHLWYKTKJ5EAABAAAAAAA8_usd_grscene_frontier_000000/milestone_020.pred_gt_match.png
grscene,kujiale_grscene_MVUHLWYKTKJ5EAABAAAAAAA8_usd,kujiale_grscene_MVUHLWYKTKJ5EAABAAAAAAA8_usd__kujiale_grscene_MVUHLWYKTKJ5EAABAAAAAAA8_usd__attempt_01__kujiale_grscene_MVUHLWYKTKJ5EAABAAAAAAA8_usd_grscene_frontier_000000,voxroom,milestone_020,coverage_milestone,0.2815733522324593,0.2,False,0,1.0,0.986923955820744,0.9934189508657595,0.986923955820744,100.0,98.6923955820744,99.34189508657595,98.6923955820744,1,1,7877,2,0,/media/echo/data/voxroom_roomseg_evaluation/grscene_union_fixed0p5_batch32_full7000_20260815_0015/grscene/kujiale_grscene_MVUHLWYKTKJ5EAABAAAAAAA8_usd/attempt_01/roomseg_coverage_eval/events/milestone_020/voxroom/roomseg_snapshots/roomseg_milestone_020_step_000000.npz,/media/echo/data/voxroom_roomseg_evaluation/grscene_all_available_gt_20260817/metrics_pr_f1_miou_excluding_training_grscenes_20260818_192125/match_visualizations/voxroom/kujiale_grscene_MVUHLWYKTKJ5EAABAAAAAAA8_usd__kujiale_grscene_MVUHLWYKTKJ5EAABAAAAAAA8_usd__attempt_01__kujiale_grscene_MVUHLWYKTKJ5EAABAAAAAAA8_usd_grscene_frontier_000000/milestone_020.pred_gt_match.png
grscene,kujiale_grscene_MVUHLWYKTKJ5EAABAAAAAAA8_usd,kujiale_grscene_MVUHLWYKTKJ5EAABAAAAAAA8_usd__kujiale_grscene_MVUHLWYKTKJ5EAABAAAAAAA8_usd__attempt_01__kujiale_grscene_MVUHLWYKTKJ5EAABAAAAAAA8_usd_grscene_frontier_000000,tvars_original,milestone_040,coverage_milestone,0.40492558469170803,0.4,False,47,1.0,0.9268745032235274,0.9620496837473645,0.9268745032235274,100.0,92.68745032235273,96.20496837473645,92.68745032235273,1,2,11323,3,0,/media/echo/data/voxroom_roomseg_evaluation/grscene_union_fixed0p5_batch32_full7000_20260815_0015/grscene/kujiale_grscene_MVUHLWYKTKJ5EAABAAAAAAA8_usd/attempt_01/roomseg_coverage_eval/events/milestone_040/tvars_original/roomseg_snapshots/roomseg_milestone_040_step_000047.npz,/media/echo/data/voxroom_roomseg_evaluation/grscene_all_available_gt_20260817/metrics_pr_f1_miou_excluding_training_grscenes_20260818_192125/match_visualizations/tvars_original/kujiale_grscene_MVUHLWYKTKJ5EAABAAAAAAA8_usd__kujiale_grscene_MVUHLWYKTKJ5EAABAAAAAAA8_usd__attempt_01__kujiale_grscene_MVUHLWYKTKJ5EAABAAAAAAA8_usd_grscene_frontier_000000/milestone_040.pred_gt_match.png
grscene,kujiale_grscene_MVUHLWYKTKJ5EAABAAAAAAA8_usd,kujiale_grscene_MVUHLWYKTKJ5EAABAAAAAAA8_usd__kujiale_grscene_MVUHLWYKTKJ5EAABAAAAAAA8_usd__attempt_01__kujiale_grscene_MVUHLWYKTKJ5EAABAAAAAAA8_usd_grscene_frontier_000000,voxroom,milestone_040,coverage_milestone,0.40492558469170803,0.4,False,47,1.0,0.9607877770908769,0.980001801639492,0.9607877770908769,100.0,96.07877770908769,98.0001801639492,96.07877770908769,1,2,11323,3,0,/media/echo/data/voxroom_roomseg_evaluation/grscene_union_fixed0p5_batch32_full7000_20260815_0015/grscene/kujiale_grscene_MVUHLWYKTKJ5EAABAAAAAAA8_usd/attempt_01/roomseg_coverage_eval/events/milestone_040/voxroom/roomseg_snapshots/roomseg_milestone_040_step_000047.npz,/media/echo/data/voxroom_roomseg_evaluation/grscene_all_available_gt_20260817/metrics_pr_f1_miou_excluding_training_grscenes_20260818_192125/match_visualizations/voxroom/kujiale_grscene_MVUHLWYKTKJ5EAABAAAAAAA8_usd__kujiale_grscene_MVUHLWYKTKJ5EAABAAAAAAA8_usd__attempt_01__kujiale_grscene_MVUHLWYKTKJ5EAABAAAAAAA8_usd_grscene_frontier_000000/milestone_040.pred_gt_match.png
grscene,kujiale_grscene_MVUHLWYKTKJ5EAABAAAAAAA8_usd,kujiale_grscene_MVUHLWYKTKJ5EAABAAAAAAA8_usd__kujiale_grscene_MVUHLWYKTKJ5EAABAAAAAAA8_usd__attempt_01__kujiale_grscene_MVUHLWYKTKJ5EAABAAAAAAA8_usd_grscene_frontier_000000,tvars_original,milestone_060,coverage_milestone,0.6023742026931255,0.6,False,303,0.7558827221127101,0.9788763750449033,0.8530472504143183,0.19871641745674073,75.58827221127102,97.88763750449033,85.30472504143182,19.871641745674072,6,3,16740,2,0,/media/echo/data/voxroom_roomseg_evaluation/grscene_union_fixed0p5_batch32_full7000_20260815_0015/grscene/kujiale_grscene_MVUHLWYKTKJ5EAABAAAAAAA8_usd/attempt_01/roomseg_coverage_eval/events/milestone_060/tvars_original/roomseg_snapshots/roomseg_milestone_060_step_000303.npz,/media/echo/data/voxroom_roomseg_evaluation/grscene_all_available_gt_20260817/metrics_pr_f1_miou_excluding_training_grscenes_20260818_192125/match_visualizations/tvars_original/kujiale_grscene_MVUHLWYKTKJ5EAABAAAAAAA8_usd__kujiale_grscene_MVUHLWYKTKJ5EAABAAAAAAA8_usd__attempt_01__kujiale_grscene_MVUHLWYKTKJ5EAABAAAAAAA8_usd_grscene_frontier_000000/milestone_060.pred_gt_match.png
grscene,kujiale_grscene_MVUHLWYKTKJ5EAABAAAAAAA8_usd,kujiale_grscene_MVUHLWYKTKJ5EAABAAAAAAA8_usd__kujiale_grscene_MVUHLWYKTKJ5EAABAAAAAAA8_usd__attempt_01__kujiale_grscene_MVUHLWYKTKJ5EAABAAAAAAA8_usd_grscene_frontier_000000,voxroom,milestone_060,coverage_milestone,0.6023742026931255,0.6,False,303,0.9917670485894247,0.9783803073183744,0.9850281978934053,0.9688099561812308,99.17670485894247,97.83803073183745,98.50281978934053,96.88099561812308,6,7,16740,2,0,/media/echo/data/voxroom_roomseg_evaluation/grscene_union_fixed0p5_batch32_full7000_20260815_0015/grscene/kujiale_grscene_MVUHLWYKTKJ5EAABAAAAAAA8_usd/attempt_01/roomseg_coverage_eval/events/milestone_060/voxroom/roomseg_snapshots/roomseg_milestone_060_step_000303.npz,/media/echo/data/voxroom_roomseg_evaluation/grscene_all_available_gt_20260817/metrics_pr_f1_miou_excluding_training_grscenes_20260818_192125/match_visualizations/voxroom/kujiale_grscene_MVUHLWYKTKJ5EAABAAAAAAA8_usd__kujiale_grscene_MVUHLWYKTKJ5EAABAAAAAAA8_usd__attempt_01__kujiale_grscene_MVUHLWYKTKJ5EAABAAAAAAA8_usd_grscene_frontier_000000/milestone_060.pred_gt_match.png
grscene,kujiale_grscene_MVUHLWYKTKJ5EAABAAAAAAA8_usd,kujiale_grscene_MVUHLWYKTKJ5EAABAAAAAAA8_usd__kujiale_grscene_MVUHLWYKTKJ5EAABAAAAAAA8_usd__attempt_01__kujiale_grscene_MVUHLWYKTKJ5EAABAAAAAAA8_usd_grscene_frontier_000000,tvars_original,milestone_070,coverage_milestone,0.70024805102764,0.7,False,366,0.6767164353328425,0.9742434129865427,0.7986705797283736,0.20160658847619065,67.67164353328425,97.42434129865427,79.86705797283736,20.160658847619064,8,4,19589,0,0,/media/echo/data/voxroom_roomseg_evaluation/grscene_union_fixed0p5_batch32_full7000_20260815_0015/grscene/kujiale_grscene_MVUHLWYKTKJ5EAABAAAAAAA8_usd/attempt_01/roomseg_coverage_eval/events/milestone_070/tvars_original/roomseg_snapshots/roomseg_milestone_070_step_000366.npz,/media/echo/data/voxroom_roomseg_evaluation/grscene_all_available_gt_20260817/metrics_pr_f1_miou_excluding_training_grscenes_20260818_192125/match_visualizations/tvars_original/kujiale_grscene_MVUHLWYKTKJ5EAABAAAAAAA8_usd__kujiale_grscene_MVUHLWYKTKJ5EAABAAAAAAA8_usd__attempt_01__kujiale_grscene_MVUHLWYKTKJ5EAABAAAAAAA8_usd_grscene_frontier_000000/milestone_070.pred_gt_match.png
grscene,kujiale_grscene_MVUHLWYKTKJ5EAABAAAAAAA8_usd,kujiale_grscene_MVUHLWYKTKJ5EAABAAAAAAA8_usd__kujiale_grscene_MVUHLWYKTKJ5EAABAAAAAAA8_usd__attempt_01__kujiale_grscene_MVUHLWYKTKJ5EAABAAAAAAA8_usd_grscene_frontier_000000,voxroom,milestone_070,coverage_milestone,0.70024805102764,0.7,False,366,0.9780527124190517,0.9779033827711316,0.9779780418947224,0.8335531338220509,97.80527124190516,97.79033827711316,97.79780418947223,83.35531338220508,8,8,19589,0,0,/media/echo/data/voxroom_roomseg_evaluation/grscene_union_fixed0p5_batch32_full7000_20260815_0015/grscene/kujiale_grscene_MVUHLWYKTKJ5EAABAAAAAAA8_usd/attempt_01/roomseg_coverage_eval/events/milestone_070/voxroom/roomseg_snapshots/roomseg_milestone_070_step_000366.npz,/media/echo/data/voxroom_roomseg_evaluation/grscene_all_available_gt_20260817/metrics_pr_f1_miou_excluding_training_grscenes_20260818_192125/match_visualizations/voxroom/kujiale_grscene_MVUHLWYKTKJ5EAABAAAAAAA8_usd__kujiale_grscene_MVUHLWYKTKJ5EAABAAAAAAA8_usd__attempt_01__kujiale_grscene_MVUHLWYKTKJ5EAABAAAAAAA8_usd_grscene_frontier_000000/milestone_070.pred_gt_match.png
grscene,kujiale_grscene_MVUHLWYKTKJ5EAABAAAAAAA8_usd,kujiale_grscene_MVUHLWYKTKJ5EAABAAAAAAA8_usd__kujiale_grscene_MVUHLWYKTKJ5EAABAAAAAAA8_usd__attempt_01__kujiale_grscene_MVUHLWYKTKJ5EAABAAAAAAA8_usd_grscene_frontier_000000,tvars_original,milestone_080,coverage_milestone,0.806343019135365,0.8,False,584,0.6355425191955408,0.9745080697489108,0.7693439173618096,0.1606882620954707,63.55425191955408,97.45080697489108,76.93439173618096,16.068826209547073,9,4,22473,0,0,/media/echo/data/voxroom_roomseg_evaluation/grscene_union_fixed0p5_batch32_full7000_20260815_0015/grscene/kujiale_grscene_MVUHLWYKTKJ5EAABAAAAAAA8_usd/attempt_01/roomseg_coverage_eval/events/milestone_080/tvars_original/roomseg_snapshots/roomseg_milestone_080_step_000584.npz,/media/echo/data/voxroom_roomseg_evaluation/grscene_all_available_gt_20260817/metrics_pr_f1_miou_excluding_training_grscenes_20260818_192125/match_visualizations/tvars_original/kujiale_grscene_MVUHLWYKTKJ5EAABAAAAAAA8_usd__kujiale_grscene_MVUHLWYKTKJ5EAABAAAAAAA8_usd__attempt_01__kujiale_grscene_MVUHLWYKTKJ5EAABAAAAAAA8_usd_grscene_frontier_000000/milestone_080.pred_gt_match.png
grscene,kujiale_grscene_MVUHLWYKTKJ5EAABAAAAAAA8_usd,kujiale_grscene_MVUHLWYKTKJ5EAABAAAAAAA8_usd__kujiale_grscene_MVUHLWYKTKJ5EAABAAAAAAA8_usd__attempt_01__kujiale_grscene_MVUHLWYKTKJ5EAABAAAAAAA8_usd_grscene_frontier_000000,voxroom,milestone_080,coverage_milestone,0.806343019135365,0.8,False,584,0.9453738270394854,0.9788357230916369,0.9618138248186588,0.7120659271052366,94.53738270394854,97.8835723091637,96.18138248186588,71.20659271052367,9,8,22473,0,0,/media/echo/data/voxroom_roomseg_evaluation/grscene_union_fixed0p5_batch32_full7000_20260815_0015/grscene/kujiale_grscene_MVUHLWYKTKJ5EAABAAAAAAA8_usd/attempt_01/roomseg_coverage_eval/events/milestone_080/voxroom/roomseg_snapshots/roomseg_milestone_080_step_000584.npz,/media/echo/data/voxroom_roomseg_evaluation/grscene_all_available_gt_20260817/metrics_pr_f1_miou_excluding_training_grscenes_20260818_192125/match_visualizations/voxroom/kujiale_grscene_MVUHLWYKTKJ5EAABAAAAAAA8_usd__kujiale_grscene_MVUHLWYKTKJ5EAABAAAAAAA8_usd__attempt_01__kujiale_grscene_MVUHLWYKTKJ5EAABAAAAAAA8_usd_grscene_frontier_000000/milestone_080.pred_gt_match.png
grscene,kujiale_grscene_MVUHLWYKTKJ5EAABAAAAAAA8_usd,kujiale_grscene_MVUHLWYKTKJ5EAABAAAAAAA8_usd__kujiale_grscene_MVUHLWYKTKJ5EAABAAAAAAA8_usd__attempt_01__kujiale_grscene_MVUHLWYKTKJ5EAABAAAAAAA8_usd_grscene_frontier_000000,tvars_original,milestone_090,coverage_milestone,0.9025513819985825,0.9,False,716,0.8201347254637641,0.9723642757586164,0.8897853865538966,0.320887837286523,82.0134725463764,97.23642757586164,88.97853865538966,32.088783728652295,9,6,25080,0,0,/media/echo/data/voxroom_roomseg_evaluation/grscene_union_fixed0p5_batch32_full7000_20260815_0015/grscene/kujiale_grscene_MVUHLWYKTKJ5EAABAAAAAAA8_usd/attempt_01/roomseg_coverage_eval/events/milestone_090/tvars_original/roomseg_snapshots/roomseg_milestone_090_step_000716.npz,/media/echo/data/voxroom_roomseg_evaluation/grscene_all_available_gt_20260817/metrics_pr_f1_miou_excluding_training_grscenes_20260818_192125/match_visualizations/tvars_original/kujiale_grscene_MVUHLWYKTKJ5EAABAAAAAAA8_usd__kujiale_grscene_MVUHLWYKTKJ5EAABAAAAAAA8_usd__attempt_01__kujiale_grscene_MVUHLWYKTKJ5EAABAAAAAAA8_usd_grscene_frontier_000000/milestone_090.pred_gt_match.png
grscene,kujiale_grscene_MVUHLWYKTKJ5EAABAAAAAAA8_usd,kujiale_grscene_MVUHLWYKTKJ5EAABAAAAAAA8_usd__kujiale_grscene_MVUHLWYKTKJ5EAABAAAAAAA8_usd__attempt_01__kujiale_grscene_MVUHLWYKTKJ5EAABAAAAAAA8_usd_grscene_frontier_000000,voxroom,milestone_090,coverage_milestone,0.9025513819985825,0.9,False,716,0.9704782293724443,0.9571073014055165,0.9637463908671129,0.819370276408955,97.04782293724443,95.71073014055165,96.37463908671128,81.9370276408955,9,9,25080,0,0,/media/echo/data/voxroom_roomseg_evaluation/grscene_union_fixed0p5_batch32_full7000_20260815_0015/grscene/kujiale_grscene_MVUHLWYKTKJ5EAABAAAAAAA8_usd/attempt_01/roomseg_coverage_eval/events/milestone_090/voxroom/roomseg_snapshots/roomseg_milestone_090_step_000716.npz,/media/echo/data/voxroom_roomseg_evaluation/grscene_all_available_gt_20260817/metrics_pr_f1_miou_excluding_training_grscenes_20260818_192125/match_visualizations/voxroom/kujiale_grscene_MVUHLWYKTKJ5EAABAAAAAAA8_usd__kujiale_grscene_MVUHLWYKTKJ5EAABAAAAAAA8_usd__attempt_01__kujiale_grscene_MVUHLWYKTKJ5EAABAAAAAAA8_usd_grscene_frontier_000000/milestone_090.pred_gt_match.png
grscene,kujiale_grscene_MVUHLWYKTKJ5EAABAAAAAAA8_usd,kujiale_grscene_MVUHLWYKTKJ5EAABAAAAAAA8_usd__kujiale_grscene_MVUHLWYKTKJ5EAABAAAAAAA8_usd__attempt_01__kujiale_grscene_MVUHLWYKTKJ5EAABAAAAAAA8_usd_grscene_frontier_000000,tvars_original,final,terminal_forced,0.9940822111977321,,True,986,0.8199222859644826,0.9486986536439365,0.8796222541155541,0.38313908095200133,81.99222859644826,94.86986536439365,87.96222541155541,38.313908095200134,9,7,27438,0,0,/media/echo/data/voxroom_roomseg_evaluation/grscene_union_fixed0p5_batch32_full7000_20260815_0015/grscene/kujiale_grscene_MVUHLWYKTKJ5EAABAAAAAAA8_usd/attempt_01/roomseg_coverage_eval/events/final/tvars_original/roomseg_snapshots/roomseg_final_step_000986.npz,/media/echo/data/voxroom_roomseg_evaluation/grscene_all_available_gt_20260817/metrics_pr_f1_miou_excluding_training_grscenes_20260818_192125/match_visualizations/tvars_original/kujiale_grscene_MVUHLWYKTKJ5EAABAAAAAAA8_usd__kujiale_grscene_MVUHLWYKTKJ5EAABAAAAAAA8_usd__attempt_01__kujiale_grscene_MVUHLWYKTKJ5EAABAAAAAAA8_usd_grscene_frontier_000000/final.pred_gt_match.png
grscene,kujiale_grscene_MVUHLWYKTKJ5EAABAAAAAAA8_usd,kujiale_grscene_MVUHLWYKTKJ5EAABAAAAAAA8_usd__kujiale_grscene_MVUHLWYKTKJ5EAABAAAAAAA8_usd__attempt_01__kujiale_grscene_MVUHLWYKTKJ5EAABAAAAAAA8_usd_grscene_frontier_000000,voxroom,final,terminal_forced,0.9940822111977321,,True,986,0.973142428247707,0.9650555560097912,0.9690821214315543,0.8295806164451207,97.3142428247707,96.50555560097912,96.90821214315542,82.95806164451207,9,9,27438,0,0,/media/echo/data/voxroom_roomseg_evaluation/grscene_union_fixed0p5_batch32_full7000_20260815_0015/grscene/kujiale_grscene_MVUHLWYKTKJ5EAABAAAAAAA8_usd/attempt_01/roomseg_coverage_eval/events/final/voxroom/roomseg_snapshots/roomseg_final_step_000986.npz,/media/echo/data/voxroom_roomseg_evaluation/grscene_all_available_gt_20260817/metrics_pr_f1_miou_excluding_training_grscenes_20260818_192125/match_visualizations/voxroom/kujiale_grscene_MVUHLWYKTKJ5EAABAAAAAAA8_usd__kujiale_grscene_MVUHLWYKTKJ5EAABAAAAAAA8_usd__attempt_01__kujiale_grscene_MVUHLWYKTKJ5EAABAAAAAAA8_usd_grscene_frontier_000000/final.pred_gt_match.png
grscene,kujiale_grscene_MVUHLWYKTKJ5EAABAAAAAAQ8_usd,kujiale_grscene_MVUHLWYKTKJ5EAABAAAAAAQ8_usd__kujiale_grscene_MVUHLWYKTKJ5EAABAAAAAAQ8_usd__attempt_01__kujiale_grscene_MVUHLWYKTKJ5EAABAAAAAAQ8_usd_grscene_frontier_000000,tvars_original,milestone_020,coverage_milestone,0.3524414874658429,0.2,False,0,0.8266806722689075,0.9935179202614877,0.9024532439520149,0.41096605744125325,82.66806722689076,99.35179202614877,90.2453243952015,41.09660574412533,2,1,5751,3,0,/media/echo/data/voxroom_roomseg_evaluation/grscene_union_fixed0p5_batch32_full7000_20260815_0015/grscene/kujiale_grscene_MVUHLWYKTKJ5EAABAAAAAAQ8_usd/attempt_01/roomseg_coverage_eval/events/milestone_020/tvars_original/roomseg_snapshots/roomseg_milestone_020_step_000000.npz,/media/echo/data/voxroom_roomseg_evaluation/grscene_all_available_gt_20260817/metrics_pr_f1_miou_excluding_training_grscenes_20260818_192125/match_visualizations/tvars_original/kujiale_grscene_MVUHLWYKTKJ5EAABAAAAAAQ8_usd__kujiale_grscene_MVUHLWYKTKJ5EAABAAAAAAQ8_usd__attempt_01__kujiale_grscene_MVUHLWYKTKJ5EAABAAAAAAQ8_usd_grscene_frontier_000000/milestone_020.pred_gt_match.png
grscene,kujiale_grscene_MVUHLWYKTKJ5EAABAAAAAAQ8_usd,kujiale_grscene_MVUHLWYKTKJ5EAABAAAAAAQ8_usd__kujiale_grscene_MVUHLWYKTKJ5EAABAAAAAAQ8_usd__attempt_01__kujiale_grscene_MVUHLWYKTKJ5EAABAAAAAAQ8_usd_grscene_frontier_000000,voxroom,milestone_020,coverage_milestone,0.3524414874658429,0.2,False,0,0.8281304805331463,0.9884978399402025,0.9012357475329433,0.4116826503923278,82.81304805331463,98.84978399402024,90.12357475329433,41.16826503923278,2,1,5751,3,0,/media/echo/data/voxroom_roomseg_evaluation/grscene_union_fixed0p5_batch32_full7000_20260815_0015/grscene/kujiale_grscene_MVUHLWYKTKJ5EAABAAAAAAQ8_usd/attempt_01/roomseg_coverage_eval/events/milestone_020/voxroom/roomseg_snapshots/roomseg_milestone_020_step_000000.npz,/media/echo/data/voxroom_roomseg_evaluation/grscene_all_available_gt_20260817/metrics_pr_f1_miou_excluding_training_grscenes_20260818_192125/match_visualizations/voxroom/kujiale_grscene_MVUHLWYKTKJ5EAABAAAAAAQ8_usd__kujiale_grscene_MVUHLWYKTKJ5EAABAAAAAAQ8_usd__attempt_01__kujiale_grscene_MVUHLWYKTKJ5EAABAAAAAAQ8_usd_grscene_frontier_000000/milestone_020.pred_gt_match.png
grscene,kujiale_grscene_MVUHLWYKTKJ5EAABAAAAAAQ8_usd,kujiale_grscene_MVUHLWYKTKJ5EAABAAAAAAQ8_usd__kujiale_grscene_MVUHLWYKTKJ5EAABAAAAAAQ8_usd__attempt_01__kujiale_grscene_MVUHLWYKTKJ5EAABAAAAAAQ8_usd_grscene_frontier_000000,tvars_original,milestone_040,coverage_milestone,0.4019840798384222,0.4,False,9,0.803815971687952,0.9964463266996061,0.8898253027331963,0.2660555131143367,80.38159716879521,99.64463266996061,88.98253027331963,26.60555131143367,3,1,6547,3,0,/media/echo/data/voxroom_roomseg_evaluation/grscene_union_fixed0p5_batch32_full7000_20260815_0015/grscene/kujiale_grscene_MVUHLWYKTKJ5EAABAAAAAAQ8_usd/attempt_01/roomseg_coverage_eval/events/milestone_040/tvars_original/roomseg_snapshots/roomseg_milestone_040_step_000009.npz,/media/echo/data/voxroom_roomseg_evaluation/grscene_all_available_gt_20260817/metrics_pr_f1_miou_excluding_training_grscenes_20260818_192125/match_visualizations/tvars_original/kujiale_grscene_MVUHLWYKTKJ5EAABAAAAAAQ8_usd__kujiale_grscene_MVUHLWYKTKJ5EAABAAAAAAQ8_usd__attempt_01__kujiale_grscene_MVUHLWYKTKJ5EAABAAAAAAQ8_usd_grscene_frontier_000000/milestone_040.pred_gt_match.png
grscene,kujiale_grscene_MVUHLWYKTKJ5EAABAAAAAAQ8_usd,kujiale_grscene_MVUHLWYKTKJ5EAABAAAAAAQ8_usd__kujiale_grscene_MVUHLWYKTKJ5EAABAAAAAAQ8_usd__attempt_01__kujiale_grscene_MVUHLWYKTKJ5EAABAAAAAAQ8_usd_grscene_frontier_000000,voxroom,milestone_040,coverage_milestone,0.4019840798384222,0.4,False,9,0.918015707645456,0.9927197059281871,0.9539073561491085,0.6096191535568621,91.8015707645456,99.27197059281872,95.39073561491085,60.961915355686216,3,2,6547,3,0,/media/echo/data/voxroom_roomseg_evaluation/grscene_union_fixed0p5_batch32_full7000_20260815_0015/grscene/kujiale_grscene_MVUHLWYKTKJ5EAABAAAAAAQ8_usd/attempt_01/roomseg_coverage_eval/events/milestone_040/voxroom/roomseg_snapshots/roomseg_milestone_040_step_000009.npz,/media/echo/data/voxroom_roomseg_evaluation/grscene_all_available_gt_20260817/metrics_pr_f1_miou_excluding_training_grscenes_20260818_192125/match_visualizations/voxroom/kujiale_grscene_MVUHLWYKTKJ5EAABAAAAAAQ8_usd__kujiale_grscene_MVUHLWYKTKJ5EAABAAAAAAQ8_usd__attempt_01__kujiale_grscene_MVUHLWYKTKJ5EAABAAAAAAQ8_usd_grscene_frontier_000000/milestone_040.pred_gt_match.png
grscene,kujiale_grscene_MVUHLWYKTKJ5EAABAAAAAAQ8_usd,kujiale_grscene_MVUHLWYKTKJ5EAABAAAAAAQ8_usd__kujiale_grscene_MVUHLWYKTKJ5EAABAAAAAAQ8_usd__attempt_01__kujiale_grscene_MVUHLWYKTKJ5EAABAAAAAAQ8_usd_grscene_frontier_000000,tvars_original,milestone_060,coverage_milestone,0.6018177497920875,0.6,False,170,0.894287464583812,0.8333263155647643,0.8627313424801369,0.2905579656735038,89.4287464583812,83.33263155647643,86.27313424801369,29.055796567350377,5,3,9734,3,0,/media/echo/data/voxroom_roomseg_evaluation/grscene_union_fixed0p5_batch32_full7000_20260815_0015/grscene/kujiale_grscene_MVUHLWYKTKJ5EAABAAAAAAQ8_usd/attempt_01/roomseg_coverage_eval/events/milestone_060/tvars_original/roomseg_snapshots/roomseg_milestone_060_step_000170.npz,/media/echo/data/voxroom_roomseg_evaluation/grscene_all_available_gt_20260817/metrics_pr_f1_miou_excluding_training_grscenes_20260818_192125/match_visualizations/tvars_original/kujiale_grscene_MVUHLWYKTKJ5EAABAAAAAAQ8_usd__kujiale_grscene_MVUHLWYKTKJ5EAABAAAAAAQ8_usd__attempt_01__kujiale_grscene_MVUHLWYKTKJ5EAABAAAAAAQ8_usd_grscene_frontier_000000/milestone_060.pred_gt_match.png
grscene,kujiale_grscene_MVUHLWYKTKJ5EAABAAAAAAQ8_usd,kujiale_grscene_MVUHLWYKTKJ5EAABAAAAAAQ8_usd__kujiale_grscene_MVUHLWYKTKJ5EAABAAAAAAQ8_usd__attempt_01__kujiale_grscene_MVUHLWYKTKJ5EAABAAAAAAQ8_usd_grscene_frontier_000000,voxroom,milestone_060,coverage_milestone,0.6018177497920875,0.6,False,170,0.9715509614936909,0.8211280139140273,0.8900285242048289,0.7042227370079197,97.15509614936909,82.11280139140274,89.0028524204829,70.42227370079198,5,6,9734,3,0,/media/echo/data/voxroom_roomseg_evaluation/grscene_union_fixed0p5_batch32_full7000_20260815_0015/grscene/kujiale_grscene_MVUHLWYKTKJ5EAABAAAAAAQ8_usd/attempt_01/roomseg_coverage_eval/events/milestone_060/voxroom/roomseg_snapshots/roomseg_milestone_060_step_000170.npz,/media/echo/data/voxroom_roomseg_evaluation/grscene_all_available_gt_20260817/metrics_pr_f1_miou_excluding_training_grscenes_20260818_192125/match_visualizations/voxroom/kujiale_grscene_MVUHLWYKTKJ5EAABAAAAAAQ8_usd__kujiale_grscene_MVUHLWYKTKJ5EAABAAAAAAQ8_usd__attempt_01__kujiale_grscene_MVUHLWYKTKJ5EAABAAAAAAQ8_usd_grscene_frontier_000000/milestone_060.pred_gt_match.png
grscene,kujiale_grscene_MVUHLWYKTKJ5EAABAAAAAAQ8_usd,kujiale_grscene_MVUHLWYKTKJ5EAABAAAAAAQ8_usd__kujiale_grscene_MVUHLWYKTKJ5EAABAAAAAAQ8_usd__attempt_01__kujiale_grscene_MVUHLWYKTKJ5EAABAAAAAAQ8_usd_grscene_frontier_000000,tvars_original,milestone_070,coverage_milestone,0.7049423785196626,0.7,False,259,0.8973869496231655,0.8523968093098363,0.8743134900755034,0.346881762304126,89.73869496231654,85.23968093098362,87.43134900755034,34.6881762304126,7,4,11655,1,0,/media/echo/data/voxroom_roomseg_evaluation/grscene_union_fixed0p5_batch32_full7000_20260815_0015/grscene/kujiale_grscene_MVUHLWYKTKJ5EAABAAAAAAQ8_usd/attempt_01/roomseg_coverage_eval/events/milestone_070/tvars_original/roomseg_snapshots/roomseg_milestone_070_step_000259.npz,/media/echo/data/voxroom_roomseg_evaluation/grscene_all_available_gt_20260817/metrics_pr_f1_miou_excluding_training_grscenes_20260818_192125/match_visualizations/tvars_original/kujiale_grscene_MVUHLWYKTKJ5EAABAAAAAAQ8_usd__kujiale_grscene_MVUHLWYKTKJ5EAABAAAAAAQ8_usd__attempt_01__kujiale_grscene_MVUHLWYKTKJ5EAABAAAAAAQ8_usd_grscene_frontier_000000/milestone_070.pred_gt_match.png
grscene,kujiale_grscene_MVUHLWYKTKJ5EAABAAAAAAQ8_usd,kujiale_grscene_MVUHLWYKTKJ5EAABAAAAAAQ8_usd__kujiale_grscene_MVUHLWYKTKJ5EAABAAAAAAQ8_usd__attempt_01__kujiale_grscene_MVUHLWYKTKJ5EAABAAAAAAQ8_usd_grscene_frontier_000000,voxroom,milestone_070,coverage_milestone,0.7049423785196626,0.7,False,259,0.9847167581394596,0.7894205112437163,0.8763195723981095,0.5971357677247809,98.47167581394596,78.94205112437163,87.63195723981096,59.71357677247809,7,9,11655,1,0,/media/echo/data/voxroom_roomseg_evaluation/grscene_union_fixed0p5_batch32_full7000_20260815_0015/grscene/kujiale_grscene_MVUHLWYKTKJ5EAABAAAAAAQ8_usd/attempt_01/roomseg_coverage_eval/events/milestone_070/voxroom/roomseg_snapshots/roomseg_milestone_070_step_000259.npz,/media/echo/data/voxroom_roomseg_evaluation/grscene_all_available_gt_20260817/metrics_pr_f1_miou_excluding_training_grscenes_20260818_192125/match_visualizations/voxroom/kujiale_grscene_MVUHLWYKTKJ5EAABAAAAAAQ8_usd__kujiale_grscene_MVUHLWYKTKJ5EAABAAAAAAQ8_usd__attempt_01__kujiale_grscene_MVUHLWYKTKJ5EAABAAAAAAQ8_usd_grscene_frontier_000000/milestone_070.pred_gt_match.png
grscene,kujiale_grscene_MVUHLWYKTKJ5EAABAAAAAAQ8_usd,kujiale_grscene_MVUHLWYKTKJ5EAABAAAAAAQ8_usd__kujiale_grscene_MVUHLWYKTKJ5EAABAAAAAAQ8_usd__attempt_01__kujiale_grscene_MVUHLWYKTKJ5EAABAAAAAAQ8_usd_grscene_frontier_000000,tvars_original,milestone_080,coverage_milestone,0.8038493525008911,0.8,False,742,0.8803230863014891,0.8600501032456578,0.8700685184194759,0.34879473150978896,88.03230863014892,86.00501032456577,87.00685184194758,34.879473150978896,7,4,13221,1,0,/media/echo/data/voxroom_roomseg_evaluation/grscene_union_fixed0p5_batch32_full7000_20260815_0015/grscene/kujiale_grscene_MVUHLWYKTKJ5EAABAAAAAAQ8_usd/attempt_01/roomseg_coverage_eval/events/milestone_080/tvars_original/roomseg_snapshots/roomseg_milestone_080_step_000742.npz,/media/echo/data/voxroom_roomseg_evaluation/grscene_all_available_gt_20260817/metrics_pr_f1_miou_excluding_training_grscenes_20260818_192125/match_visualizations/tvars_original/kujiale_grscene_MVUHLWYKTKJ5EAABAAAAAAQ8_usd__kujiale_grscene_MVUHLWYKTKJ5EAABAAAAAAQ8_usd__attempt_01__kujiale_grscene_MVUHLWYKTKJ5EAABAAAAAAQ8_usd_grscene_frontier_000000/milestone_080.pred_gt_match.png
grscene,kujiale_grscene_MVUHLWYKTKJ5EAABAAAAAAQ8_usd,kujiale_grscene_MVUHLWYKTKJ5EAABAAAAAAQ8_usd__kujiale_grscene_MVUHLWYKTKJ5EAABAAAAAAQ8_usd__attempt_01__kujiale_grscene_MVUHLWYKTKJ5EAABAAAAAAQ8_usd_grscene_frontier_000000,voxroom,milestone_080,coverage_milestone,0.8038493525008911,0.8,False,742,0.9724547017217573,0.7910796183985994,0.8724401737704424,0.7064652293455944,97.24547017217573,79.10796183985994,87.24401737704423,70.64652293455944,7,9,13221,1,0,/media/echo/data/voxroom_roomseg_evaluation/grscene_union_fixed0p5_batch32_full7000_20260815_0015/grscene/kujiale_grscene_MVUHLWYKTKJ5EAABAAAAAAQ8_usd/attempt_01/roomseg_coverage_eval/events/milestone_080/voxroom/roomseg_snapshots/roomseg_milestone_080_step_000742.npz,/media/echo/data/voxroom_roomseg_evaluation/grscene_all_available_gt_20260817/metrics_pr_f1_miou_excluding_training_grscenes_20260818_192125/match_visualizations/voxroom/kujiale_grscene_MVUHLWYKTKJ5EAABAAAAAAQ8_usd__kujiale_grscene_MVUHLWYKTKJ5EAABAAAAAAQ8_usd__attempt_01__kujiale_grscene_MVUHLWYKTKJ5EAABAAAAAAQ8_usd_grscene_frontier_000000/milestone_080.pred_gt_match.png
grscene,kujiale_grscene_MVUHLWYKTKJ5EAABAAAAAAQ8_usd,kujiale_grscene_MVUHLWYKTKJ5EAABAAAAAAQ8_usd__kujiale_grscene_MVUHLWYKTKJ5EAABAAAAAAQ8_usd__attempt_01__kujiale_grscene_MVUHLWYKTKJ5EAABAAAAAAQ8_usd_grscene_frontier_000000,tvars_original,milestone_090,coverage_milestone,0.9259237257930379,0.9,False,821,0.7915619578938604,0.8781561448190154,0.832613596510783,0.303211764726644,79.15619578938605,87.81561448190153,83.26135965107831,30.3211764726644,8,4,15183,0,0,/media/echo/data/voxroom_roomseg_evaluation/grscene_union_fixed0p5_batch32_full7000_20260815_0015/grscene/kujiale_grscene_MVUHLWYKTKJ5EAABAAAAAAQ8_usd/attempt_01/roomseg_coverage_eval/events/milestone_090/tvars_original/roomseg_snapshots/roomseg_milestone_090_step_000821.npz,/media/echo/data/voxroom_roomseg_evaluation/grscene_all_available_gt_20260817/metrics_pr_f1_miou_excluding_training_grscenes_20260818_192125/match_visualizations/tvars_original/kujiale_grscene_MVUHLWYKTKJ5EAABAAAAAAQ8_usd__kujiale_grscene_MVUHLWYKTKJ5EAABAAAAAAQ8_usd__attempt_01__kujiale_grscene_MVUHLWYKTKJ5EAABAAAAAAQ8_usd_grscene_frontier_000000/milestone_090.pred_gt_match.png
grscene,kujiale_grscene_MVUHLWYKTKJ5EAABAAAAAAQ8_usd,kujiale_grscene_MVUHLWYKTKJ5EAABAAAAAAQ8_usd__kujiale_grscene_MVUHLWYKTKJ5EAABAAAAAAQ8_usd__attempt_01__kujiale_grscene_MVUHLWYKTKJ5EAABAAAAAAQ8_usd_grscene_frontier_000000,voxroom,milestone_090,coverage_milestone,0.9259237257930379,0.9,False,821,0.9172700120770709,0.8116423177998386,0.8612295091949798,0.5974246214789907,91.72700120770709,81.16423177998387,86.12295091949798,59.74246214789907,8,8,15183,0,0,/media/echo/data/voxroom_roomseg_evaluation/grscene_union_fixed0p5_batch32_full7000_20260815_0015/grscene/kujiale_grscene_MVUHLWYKTKJ5EAABAAAAAAQ8_usd/attempt_01/roomseg_coverage_eval/events/milestone_090/voxroom/roomseg_snapshots/roomseg_milestone_090_step_000821.npz,/media/echo/data/voxroom_roomseg_evaluation/grscene_all_available_gt_20260817/metrics_pr_f1_miou_excluding_training_grscenes_20260818_192125/match_visualizations/voxroom/kujiale_grscene_MVUHLWYKTKJ5EAABAAAAAAQ8_usd__kujiale_grscene_MVUHLWYKTKJ5EAABAAAAAAQ8_usd__attempt_01__kujiale_grscene_MVUHLWYKTKJ5EAABAAAAAAQ8_usd_grscene_frontier_000000/milestone_090.pred_gt_match.png
grscene,kujiale_grscene_MVUHLWYKTKJ5EAABAAAAAAQ8_usd,kujiale_grscene_MVUHLWYKTKJ5EAABAAAAAAQ8_usd__kujiale_grscene_MVUHLWYKTKJ5EAABAAAAAAQ8_usd__attempt_01__kujiale_grscene_MVUHLWYKTKJ5EAABAAAAAAQ8_usd_grscene_frontier_000000,tvars_original,final,terminal_forced,0.9884163003445409,,True,863,0.8826164411536613,0.8685277385846603,0.8755154150555234,0.42938491551396996,88.26164411536614,86.85277385846602,87.55154150555235,42.93849155139699,8,5,16124,0,0,/media/echo/data/voxroom_roomseg_evaluation/grscene_union_fixed0p5_batch32_full7000_20260815_0015/grscene/kujiale_grscene_MVUHLWYKTKJ5EAABAAAAAAQ8_usd/attempt_01/roomseg_coverage_eval/events/final/tvars_original/roomseg_snapshots/roomseg_final_step_000863.npz,/media/echo/data/voxroom_roomseg_evaluation/grscene_all_available_gt_20260817/metrics_pr_f1_miou_excluding_training_grscenes_20260818_192125/match_visualizations/tvars_original/kujiale_grscene_MVUHLWYKTKJ5EAABAAAAAAQ8_usd__kujiale_grscene_MVUHLWYKTKJ5EAABAAAAAAQ8_usd__attempt_01__kujiale_grscene_MVUHLWYKTKJ5EAABAAAAAAQ8_usd_grscene_frontier_000000/final.pred_gt_match.png
grscene,kujiale_grscene_MVUHLWYKTKJ5EAABAAAAAAQ8_usd,kujiale_grscene_MVUHLWYKTKJ5EAABAAAAAAQ8_usd__kujiale_grscene_MVUHLWYKTKJ5EAABAAAAAAQ8_usd__attempt_01__kujiale_grscene_MVUHLWYKTKJ5EAABAAAAAAQ8_usd_grscene_frontier_000000,voxroom,final,terminal_forced,0.9884163003445409,,True,863,0.9353806524631298,0.8130846193931875,0.8699556508643473,0.6147366309084766,93.53806524631298,81.30846193931876,86.99556508643474,61.473663090847666,8,8,16124,0,0,/media/echo/data/voxroom_roomseg_evaluation/grscene_union_fixed0p5_batch32_full7000_20260815_0015/grscene/kujiale_grscene_MVUHLWYKTKJ5EAABAAAAAAQ8_usd/attempt_01/roomseg_coverage_eval/events/final/voxroom/roomseg_snapshots/roomseg_final_step_000863.npz,/media/echo/data/voxroom_roomseg_evaluation/grscene_all_available_gt_20260817/metrics_pr_f1_miou_excluding_training_grscenes_20260818_192125/match_visualizations/voxroom/kujiale_grscene_MVUHLWYKTKJ5EAABAAAAAAQ8_usd__kujiale_grscene_MVUHLWYKTKJ5EAABAAAAAAQ8_usd__attempt_01__kujiale_grscene_MVUHLWYKTKJ5EAABAAAAAAQ8_usd_grscene_frontier_000000/final.pred_gt_match.png
grscene,kujiale_grscene_MVUHLWYKTKJ5EAABAAAAAAY8_usd,kujiale_grscene_MVUHLWYKTKJ5EAABAAAAAAY8_usd__kujiale_grscene_MVUHLWYKTKJ5EAABAAAAAAY8_usd__attempt_01__kujiale_grscene_MVUHLWYKTKJ5EAABAAAAAAY8_usd_grscene_frontier_000000,tvars_original,milestone_020,coverage_milestone,0.20036118239711054,0.2,False,54,0.7346592287169537,0.983594540697978,0.8410943942063129,0.24370424008367528,73.46592287169537,98.3594540697978,84.10943942063129,24.37042400836753,3,1,4167,1,0,/media/echo/data/voxroom_roomseg_evaluation/grscene_union_fixed0p5_batch32_full7000_20260815_0015/grscene/kujiale_grscene_MVUHLWYKTKJ5EAABAAAAAAY8_usd/attempt_01/roomseg_coverage_eval/events/milestone_020/tvars_original/roomseg_snapshots/roomseg_milestone_020_step_000054.npz,/media/echo/data/voxroom_roomseg_evaluation/grscene_all_available_gt_20260817/metrics_pr_f1_miou_excluding_training_grscenes_20260818_192125/match_visualizations/tvars_original/kujiale_grscene_MVUHLWYKTKJ5EAABAAAAAAY8_usd__kujiale_grscene_MVUHLWYKTKJ5EAABAAAAAAY8_usd__attempt_01__kujiale_grscene_MVUHLWYKTKJ5EAABAAAAAAY8_usd_grscene_frontier_000000/milestone_020.pred_gt_match.png
grscene,kujiale_grscene_MVUHLWYKTKJ5EAABAAAAAAY8_usd,kujiale_grscene_MVUHLWYKTKJ5EAABAAAAAAY8_usd__kujiale_grscene_MVUHLWYKTKJ5EAABAAAAAAY8_usd__attempt_01__kujiale_grscene_MVUHLWYKTKJ5EAABAAAAAAY8_usd_grscene_frontier_000000,voxroom,milestone_020,coverage_milestone,0.20036118239711054,0.2,False,54,0.9178592725104353,0.9570688044903789,0.9370540528009701,0.5868097643097644,91.78592725104353,95.7068804490379,93.70540528009701,58.680976430976436,3,2,4167,1,1,/media/echo/data/voxroom_roomseg_evaluation/grscene_union_fixed0p5_batch32_full7000_20260815_0015/grscene/kujiale_grscene_MVUHLWYKTKJ5EAABAAAAAAY8_usd/attempt_01/roomseg_coverage_eval/events/milestone_020/voxroom/roomseg_snapshots/roomseg_milestone_020_step_000054.npz,/media/echo/data/voxroom_roomseg_evaluation/grscene_all_available_gt_20260817/metrics_pr_f1_miou_excluding_training_grscenes_20260818_192125/match_visualizations/voxroom/kujiale_grscene_MVUHLWYKTKJ5EAABAAAAAAY8_usd__kujiale_grscene_MVUHLWYKTKJ5EAABAAAAAAY8_usd__attempt_01__kujiale_grscene_MVUHLWYKTKJ5EAABAAAAAAY8_usd_grscene_frontier_000000/milestone_020.pred_gt_match.png
grscene,kujiale_grscene_MVUHLWYKTKJ5EAABAAAAAAY8_usd,kujiale_grscene_MVUHLWYKTKJ5EAABAAAAAAY8_usd__kujiale_grscene_MVUHLWYKTKJ5EAABAAAAAAY8_usd__attempt_01__kujiale_grscene_MVUHLWYKTKJ5EAABAAAAAAY8_usd_grscene_frontier_000000,tvars_original,milestone_040,coverage_milestone,0.40927668472578654,0.4,False,114,0.9578429791008929,0.9583925485605527,0.9581176850234503,0.7388959128872357,95.7842979100893,95.83925485605526,95.81176850234503,73.88959128872357,5,4,8518,0,0,/media/echo/data/voxroom_roomseg_evaluation/grscene_union_fixed0p5_batch32_full7000_20260815_0015/grscene/kujiale_grscene_MVUHLWYKTKJ5EAABAAAAAAY8_usd/attempt_01/roomseg_coverage_eval/events/milestone_040/tvars_original/roomseg_snapshots/roomseg_milestone_040_step_000114.npz,/media/echo/data/voxroom_roomseg_evaluation/grscene_all_available_gt_20260817/metrics_pr_f1_miou_excluding_training_grscenes_20260818_192125/match_visualizations/tvars_original/kujiale_grscene_MVUHLWYKTKJ5EAABAAAAAAY8_usd__kujiale_grscene_MVUHLWYKTKJ5EAABAAAAAAY8_usd__attempt_01__kujiale_grscene_MVUHLWYKTKJ5EAABAAAAAAY8_usd_grscene_frontier_000000/milestone_040.pred_gt_match.png
grscene,kujiale_grscene_MVUHLWYKTKJ5EAABAAAAAAY8_usd,kujiale_grscene_MVUHLWYKTKJ5EAABAAAAAAY8_usd__kujiale_grscene_MVUHLWYKTKJ5EAABAAAAAAY8_usd__attempt_01__kujiale_grscene_MVUHLWYKTKJ5EAABAAAAAAY8_usd_grscene_frontier_000000,voxroom,milestone_040,coverage_milestone,0.40927668472578654,0.4,False,114,0.8790357325749247,0.950202116861013,0.9132345628500147,0.5112869781008523,87.90357325749247,95.02021168610129,91.32345628500147,51.128697810085235,5,3,8518,0,1,/media/echo/data/voxroom_roomseg_evaluation/grscene_union_fixed0p5_batch32_full7000_20260815_0015/grscene/kujiale_grscene_MVUHLWYKTKJ5EAABAAAAAAY8_usd/attempt_01/roomseg_coverage_eval/events/milestone_040/voxroom/roomseg_snapshots/roomseg_milestone_040_step_000114.npz,/media/echo/data/voxroom_roomseg_evaluation/grscene_all_available_gt_20260817/metrics_pr_f1_miou_excluding_training_grscenes_20260818_192125/match_visualizations/voxroom/kujiale_grscene_MVUHLWYKTKJ5EAABAAAAAAY8_usd__kujiale_grscene_MVUHLWYKTKJ5EAABAAAAAAY8_usd__attempt_01__kujiale_grscene_MVUHLWYKTKJ5EAABAAAAAAY8_usd_grscene_frontier_000000/milestone_040.pred_gt_match.png
grscene,kujiale_grscene_MVUHLWYKTKJ5EAABAAAAAAY8_usd,kujiale_grscene_MVUHLWYKTKJ5EAABAAAAAAY8_usd__kujiale_grscene_MVUHLWYKTKJ5EAABAAAAAAY8_usd__attempt_01__kujiale_grscene_MVUHLWYKTKJ5EAABAAAAAAY8_usd_grscene_frontier_000000,tvars_original,milestone_060,coverage_milestone,0.6018439311852486,0.6,False,156,0.9458421479993836,0.9665990529281546,0.9561079567124179,0.6092197524479581,94.58421479993837,96.65990529281547,95.61079567124179,60.92197524479581,6,4,12496,1,0,/media/echo/data/voxroom_roomseg_evaluation/grscene_union_fixed0p5_batch32_full7000_20260815_0015/grscene/kujiale_grscene_MVUHLWYKTKJ5EAABAAAAAAY8_usd/attempt_01/roomseg_coverage_eval/events/milestone_060/tvars_original/roomseg_snapshots/roomseg_milestone_060_step_000156.npz,/media/echo/data/voxroom_roomseg_evaluation/grscene_all_available_gt_20260817/metrics_pr_f1_miou_excluding_training_grscenes_20260818_192125/match_visualizations/tvars_original/kujiale_grscene_MVUHLWYKTKJ5EAABAAAAAAY8_usd__kujiale_grscene_MVUHLWYKTKJ5EAABAAAAAAY8_usd__attempt_01__kujiale_grscene_MVUHLWYKTKJ5EAABAAAAAAY8_usd_grscene_frontier_000000/milestone_060.pred_gt_match.png
grscene,kujiale_grscene_MVUHLWYKTKJ5EAABAAAAAAY8_usd,kujiale_grscene_MVUHLWYKTKJ5EAABAAAAAAY8_usd__kujiale_grscene_MVUHLWYKTKJ5EAABAAAAAAY8_usd__attempt_01__kujiale_grscene_MVUHLWYKTKJ5EAABAAAAAAY8_usd_grscene_frontier_000000,voxroom,milestone_060,coverage_milestone,0.6018439311852486,0.6,False,156,0.9232443525706184,0.9566474471769197,0.9396491363234872,0.5987579271025198,92.32443525706185,95.66474471769197,93.96491363234873,59.875792710251986,6,4,12496,1,1,/media/echo/data/voxroom_roomseg_evaluation/grscene_union_fixed0p5_batch32_full7000_20260815_0015/grscene/kujiale_grscene_MVUHLWYKTKJ5EAABAAAAAAY8_usd/attempt_01/roomseg_coverage_eval/events/milestone_060/voxroom/roomseg_snapshots/roomseg_milestone_060_step_000156.npz,/media/echo/data/voxroom_roomseg_evaluation/grscene_all_available_gt_20260817/metrics_pr_f1_miou_excluding_training_grscenes_20260818_192125/match_visualizations/voxroom/kujiale_grscene_MVUHLWYKTKJ5EAABAAAAAAY8_usd__kujiale_grscene_MVUHLWYKTKJ5EAABAAAAAAY8_usd__attempt_01__kujiale_grscene_MVUHLWYKTKJ5EAABAAAAAAY8_usd_grscene_frontier_000000/milestone_060.pred_gt_match.png
grscene,kujiale_grscene_MVUHLWYKTKJ5EAABAAAAAAY8_usd,kujiale_grscene_MVUHLWYKTKJ5EAABAAAAAAY8_usd__kujiale_grscene_MVUHLWYKTKJ5EAABAAAAAAY8_usd__attempt_01__kujiale_grscene_MVUHLWYKTKJ5EAABAAAAAAY8_usd_grscene_frontier_000000,tvars_original,milestone_070,coverage_milestone,0.7029750023762,0.7,False,295,0.9435034299275722,0.9622168413400306,0.9527682565233223,0.6479152500658191,94.35034299275722,96.22168413400306,95.27682565233223,64.7915250065819,7,5,14648,0,0,/media/echo/data/voxroom_roomseg_evaluation/grscene_union_fixed0p5_batch32_full7000_20260815_0015/grscene/kujiale_grscene_MVUHLWYKTKJ5EAABAAAAAAY8_usd/attempt_01/roomseg_coverage_eval/events/milestone_070/tvars_original/roomseg_snapshots/roomseg_milestone_070_step_000295.npz,/media/echo/data/voxroom_roomseg_evaluation/grscene_all_available_gt_20260817/metrics_pr_f1_miou_excluding_training_grscenes_20260818_192125/match_visualizations/tvars_original/kujiale_grscene_MVUHLWYKTKJ5EAABAAAAAAY8_usd__kujiale_grscene_MVUHLWYKTKJ5EAABAAAAAAY8_usd__attempt_01__kujiale_grscene_MVUHLWYKTKJ5EAABAAAAAAY8_usd_grscene_frontier_000000/milestone_070.pred_gt_match.png
grscene,kujiale_grscene_MVUHLWYKTKJ5EAABAAAAAAY8_usd,kujiale_grscene_MVUHLWYKTKJ5EAABAAAAAAY8_usd__kujiale_grscene_MVUHLWYKTKJ5EAABAAAAAAY8_usd__attempt_01__kujiale_grscene_MVUHLWYKTKJ5EAABAAAAAAY8_usd_grscene_frontier_000000,voxroom,milestone_070,coverage_milestone,0.7029750023762,0.7,False,295,0.9504337492173379,0.9479084495471953,0.949169419722396,0.6495251542197303,95.04337492173379,94.79084495471953,94.9169419722396,64.95251542197303,7,5,14648,0,2,/media/echo/data/voxroom_roomseg_evaluation/grscene_union_fixed0p5_batch32_full7000_20260815_0015/grscene/kujiale_grscene_MVUHLWYKTKJ5EAABAAAAAAY8_usd/attempt_01/roomseg_coverage_eval/events/milestone_070/voxroom/roomseg_snapshots/roomseg_milestone_070_step_000295.npz,/media/echo/data/voxroom_roomseg_evaluation/grscene_all_available_gt_20260817/metrics_pr_f1_miou_excluding_training_grscenes_20260818_192125/match_visualizations/voxroom/kujiale_grscene_MVUHLWYKTKJ5EAABAAAAAAY8_usd__kujiale_grscene_MVUHLWYKTKJ5EAABAAAAAAY8_usd__attempt_01__kujiale_grscene_MVUHLWYKTKJ5EAABAAAAAAY8_usd_grscene_frontier_000000/milestone_070.pred_gt_match.png
grscene,kujiale_grscene_MVUHLWYKTKJ5EAABAAAAAAY8_usd,kujiale_grscene_MVUHLWYKTKJ5EAABAAAAAAY8_usd__kujiale_grscene_MVUHLWYKTKJ5EAABAAAAAAY8_usd__attempt_01__kujiale_grscene_MVUHLWYKTKJ5EAABAAAAAAY8_usd_grscene_frontier_000000,tvars_original,milestone_080,coverage_milestone,0.8008269175933846,0.8,False,321,0.9481012069674843,0.9611766543774358,0.9545941579004,0.6503190693804894,94.81012069674844,96.11766543774358,95.45941579004,65.03190693804895,7,5,16697,0,0,/media/echo/data/voxroom_roomseg_evaluation/grscene_union_fixed0p5_batch32_full7000_20260815_0015/grscene/kujiale_grscene_MVUHLWYKTKJ5EAABAAAAAAY8_usd/attempt_01/roomseg_coverage_eval/events/milestone_080/tvars_original/roomseg_snapshots/roomseg_milestone_080_step_000321.npz,/media/echo/data/voxroom_roomseg_evaluation/grscene_all_available_gt_20260817/metrics_pr_f1_miou_excluding_training_grscenes_20260818_192125/match_visualizations/tvars_original/kujiale_grscene_MVUHLWYKTKJ5EAABAAAAAAY8_usd__kujiale_grscene_MVUHLWYKTKJ5EAABAAAAAAY8_usd__attempt_01__kujiale_grscene_MVUHLWYKTKJ5EAABAAAAAAY8_usd_grscene_frontier_000000/milestone_080.pred_gt_match.png
grscene,kujiale_grscene_MVUHLWYKTKJ5EAABAAAAAAY8_usd,kujiale_grscene_MVUHLWYKTKJ5EAABAAAAAAY8_usd__kujiale_grscene_MVUHLWYKTKJ5EAABAAAAAAY8_usd__attempt_01__kujiale_grscene_MVUHLWYKTKJ5EAABAAAAAAY8_usd_grscene_frontier_000000,voxroom,milestone_080,coverage_milestone,0.8008269175933846,0.8,False,321,0.9613238360054958,0.9466249769999148,0.9539177864155748,0.6505217839050725,96.13238360054957,94.66249769999148,95.39177864155748,65.05217839050725,7,6,16697,0,1,/media/echo/data/voxroom_roomseg_evaluation/grscene_union_fixed0p5_batch32_full7000_20260815_0015/grscene/kujiale_grscene_MVUHLWYKTKJ5EAABAAAAAAY8_usd/attempt_01/roomseg_coverage_eval/events/milestone_080/voxroom/roomseg_snapshots/roomseg_milestone_080_step_000321.npz,/media/echo/data/voxroom_roomseg_evaluation/grscene_all_available_gt_20260817/metrics_pr_f1_miou_excluding_training_grscenes_20260818_192125/match_visualizations/voxroom/kujiale_grscene_MVUHLWYKTKJ5EAABAAAAAAY8_usd__kujiale_grscene_MVUHLWYKTKJ5EAABAAAAAAY8_usd__attempt_01__kujiale_grscene_MVUHLWYKTKJ5EAABAAAAAAY8_usd_grscene_frontier_000000/milestone_080.pred_gt_match.png
grscene,kujiale_grscene_MVUHLWYKTKJ5EAABAAAAAAY8_usd,kujiale_grscene_MVUHLWYKTKJ5EAABAAAAAAY8_usd__kujiale_grscene_MVUHLWYKTKJ5EAABAAAAAAY8_usd__attempt_01__kujiale_grscene_MVUHLWYKTKJ5EAABAAAAAAY8_usd_grscene_frontier_000000,tvars_original,milestone_090,coverage_milestone,0.9005322687957419,0.9,False,503,0.9360063165756397,0.9666679294721623,0.9510900669376139,0.5625293021288165,93.60063165756397,96.66679294721622,95.10900669376139,56.252930212881644,8,5,18745,0,0,/media/echo/data/voxroom_roomseg_evaluation/grscene_union_fixed0p5_batch32_full7000_20260815_0015/grscene/kujiale_grscene_MVUHLWYKTKJ5EAABAAAAAAY8_usd/attempt_01/roomseg_coverage_eval/events/milestone_090/tvars_original/roomseg_snapshots/roomseg_milestone_090_step_000503.npz,/media/echo/data/voxroom_roomseg_evaluation/grscene_all_available_gt_20260817/metrics_pr_f1_miou_excluding_training_grscenes_20260818_192125/match_visualizations/tvars_original/kujiale_grscene_MVUHLWYKTKJ5EAABAAAAAAY8_usd__kujiale_grscene_MVUHLWYKTKJ5EAABAAAAAAY8_usd__attempt_01__kujiale_grscene_MVUHLWYKTKJ5EAABAAAAAAY8_usd_grscene_frontier_000000/milestone_090.pred_gt_match.png
grscene,kujiale_grscene_MVUHLWYKTKJ5EAABAAAAAAY8_usd,kujiale_grscene_MVUHLWYKTKJ5EAABAAAAAAY8_usd__kujiale_grscene_MVUHLWYKTKJ5EAABAAAAAAY8_usd__attempt_01__kujiale_grscene_MVUHLWYKTKJ5EAABAAAAAAY8_usd_grscene_frontier_000000,voxroom,milestone_090,coverage_milestone,0.9005322687957419,0.9,False,503,0.9682409873081216,0.9508747398099926,0.9594792892063213,0.6936092294632227,96.82409873081215,95.08747398099926,95.94792892063214,69.36092294632226,8,7,18745,0,1,/media/echo/data/voxroom_roomseg_evaluation/grscene_union_fixed0p5_batch32_full7000_20260815_0015/grscene/kujiale_grscene_MVUHLWYKTKJ5EAABAAAAAAY8_usd/attempt_01/roomseg_coverage_eval/events/milestone_090/voxroom/roomseg_snapshots/roomseg_milestone_090_step_000503.npz,/media/echo/data/voxroom_roomseg_evaluation/grscene_all_available_gt_20260817/metrics_pr_f1_miou_excluding_training_grscenes_20260818_192125/match_visualizations/voxroom/kujiale_grscene_MVUHLWYKTKJ5EAABAAAAAAY8_usd__kujiale_grscene_MVUHLWYKTKJ5EAABAAAAAAY8_usd__attempt_01__kujiale_grscene_MVUHLWYKTKJ5EAABAAAAAAY8_usd_grscene_frontier_000000/milestone_090.pred_gt_match.png
grscene,kujiale_grscene_MVUHLWYKTKJ5EAABAAAAAAY8_usd,kujiale_grscene_MVUHLWYKTKJ5EAABAAAAAAY8_usd__kujiale_grscene_MVUHLWYKTKJ5EAABAAAAAAY8_usd__attempt_01__kujiale_grscene_MVUHLWYKTKJ5EAABAAAAAAY8_usd_grscene_frontier_000000,tvars_original,final,terminal_forced,0.9957703640338371,,True,895,0.9343703988409704,0.9901107274120251,0.9614333366520925,0.5743599388502012,93.43703988409703,99.01107274120251,96.14333366520925,57.43599388502012,8,5,20594,0,0,/media/echo/data/voxroom_roomseg_evaluation/grscene_union_fixed0p5_batch32_full7000_20260815_0015/grscene/kujiale_grscene_MVUHLWYKTKJ5EAABAAAAAAY8_usd/attempt_01/roomseg_coverage_eval/events/final/tvars_original/roomseg_snapshots/roomseg_final_step_000895.npz,/media/echo/data/voxroom_roomseg_evaluation/grscene_all_available_gt_20260817/metrics_pr_f1_miou_excluding_training_grscenes_20260818_192125/match_visualizations/tvars_original/kujiale_grscene_MVUHLWYKTKJ5EAABAAAAAAY8_usd__kujiale_grscene_MVUHLWYKTKJ5EAABAAAAAAY8_usd__attempt_01__kujiale_grscene_MVUHLWYKTKJ5EAABAAAAAAY8_usd_grscene_frontier_000000/final.pred_gt_match.png
grscene,kujiale_grscene_MVUHLWYKTKJ5EAABAAAAAAY8_usd,kujiale_grscene_MVUHLWYKTKJ5EAABAAAAAAY8_usd__kujiale_grscene_MVUHLWYKTKJ5EAABAAAAAAY8_usd__attempt_01__kujiale_grscene_MVUHLWYKTKJ5EAABAAAAAAY8_usd_grscene_frontier_000000,voxroom,final,terminal_forced,0.9957703640338371,,True,895,0.9845110821382008,0.972261393275176,0.9783478952629127,0.8323260062532652,98.45110821382008,97.2261393275176,97.83478952629126,83.23260062532653,8,8,20594,0,1,/media/echo/data/voxroom_roomseg_evaluation/grscene_union_fixed0p5_batch32_full7000_20260815_0015/grscene/kujiale_grscene_MVUHLWYKTKJ5EAABAAAAAAY8_usd/attempt_01/roomseg_coverage_eval/events/final/voxroom/roomseg_snapshots/roomseg_final_step_000895.npz,/media/echo/data/voxroom_roomseg_evaluation/grscene_all_available_gt_20260817/metrics_pr_f1_miou_excluding_training_grscenes_20260818_192125/match_visualizations/voxroom/kujiale_grscene_MVUHLWYKTKJ5EAABAAAAAAY8_usd__kujiale_grscene_MVUHLWYKTKJ5EAABAAAAAAY8_usd__attempt_01__kujiale_grscene_MVUHLWYKTKJ5EAABAAAAAAY8_usd_grscene_frontier_000000/final.pred_gt_match.png
grscene,kujiale_grscene_MVUHLWYKTKJ5EAABAAAAABA8_usd,kujiale_grscene_MVUHLWYKTKJ5EAABAAAAABA8_usd__kujiale_grscene_MVUHLWYKTKJ5EAABAAAAABA8_usd__attempt_01__kujiale_grscene_MVUHLWYKTKJ5EAABAAAAABA8_usd_grscene_frontier_000000,tvars_original,milestone_020,coverage_milestone,0.20213699067060042,0.2,False,68,0.8298082346305696,0.9655048744144139,0.8925283186855627,0.5357603006581114,82.98082346305696,96.55048744144139,89.25283186855627,53.57603006581114,3,2,4855,1,0,/media/echo/data/voxroom_roomseg_evaluation/grscene_union_fixed0p5_batch32_full7000_20260815_0015/grscene/kujiale_grscene_MVUHLWYKTKJ5EAABAAAAABA8_usd/attempt_01/roomseg_coverage_eval/events/milestone_020/tvars_original/roomseg_snapshots/roomseg_milestone_020_step_000068.npz,/media/echo/data/voxroom_roomseg_evaluation/grscene_all_available_gt_20260817/metrics_pr_f1_miou_excluding_training_grscenes_20260818_192125/match_visualizations/tvars_original/kujiale_grscene_MVUHLWYKTKJ5EAABAAAAABA8_usd__kujiale_grscene_MVUHLWYKTKJ5EAABAAAAABA8_usd__attempt_01__kujiale_grscene_MVUHLWYKTKJ5EAABAAAAABA8_usd_grscene_frontier_000000/milestone_020.pred_gt_match.png
grscene,kujiale_grscene_MVUHLWYKTKJ5EAABAAAAABA8_usd,kujiale_grscene_MVUHLWYKTKJ5EAABAAAAABA8_usd__kujiale_grscene_MVUHLWYKTKJ5EAABAAAAABA8_usd__attempt_01__kujiale_grscene_MVUHLWYKTKJ5EAABAAAAABA8_usd_grscene_frontier_000000,voxroom,milestone_020,coverage_milestone,0.20213699067060042,0.2,False,68,0.8317730496453901,0.9799497046993197,0.899801862533507,0.5448485393705481,83.17730496453902,97.99497046993197,89.98018625335071,54.48485393705481,3,2,4855,1,0,/media/echo/data/voxroom_roomseg_evaluation/grscene_union_fixed0p5_batch32_full7000_20260815_0015/grscene/kujiale_grscene_MVUHLWYKTKJ5EAABAAAAABA8_usd/attempt_01/roomseg_coverage_eval/events/milestone_020/voxroom/roomseg_snapshots/roomseg_milestone_020_step_000068.npz,/media/echo/data/voxroom_roomseg_evaluation/grscene_all_available_gt_20260817/metrics_pr_f1_miou_excluding_training_grscenes_20260818_192125/match_visualizations/voxroom/kujiale_grscene_MVUHLWYKTKJ5EAABAAAAABA8_usd__kujiale_grscene_MVUHLWYKTKJ5EAABAAAAABA8_usd__attempt_01__kujiale_grscene_MVUHLWYKTKJ5EAABAAAAABA8_usd_grscene_frontier_000000/milestone_020.pred_gt_match.png
grscene,kujiale_grscene_MVUHLWYKTKJ5EAABAAAAABA8_usd,kujiale_grscene_MVUHLWYKTKJ5EAABAAAAABA8_usd__kujiale_grscene_MVUHLWYKTKJ5EAABAAAAABA8_usd__attempt_01__kujiale_grscene_MVUHLWYKTKJ5EAABAAAAABA8_usd_grscene_frontier_000000,tvars_original,milestone_040,coverage_milestone,0.40036679690614785,0.4,False,106,0.7599774771086034,0.9565477998380458,0.8470073740455588,0.438545807863577,75.99774771086034,95.65477998380459,84.70073740455588,43.8545807863577,5,3,9841,0,0,/media/echo/data/voxroom_roomseg_evaluation/grscene_union_fixed0p5_batch32_full7000_20260815_0015/grscene/kujiale_grscene_MVUHLWYKTKJ5EAABAAAAABA8_usd/attempt_01/roomseg_coverage_eval/events/milestone_040/tvars_original/roomseg_snapshots/roomseg_milestone_040_step_000106.npz,/media/echo/data/voxroom_roomseg_evaluation/grscene_all_available_gt_20260817/metrics_pr_f1_miou_excluding_training_grscenes_20260818_192125/match_visualizations/tvars_original/kujiale_grscene_MVUHLWYKTKJ5EAABAAAAABA8_usd__kujiale_grscene_MVUHLWYKTKJ5EAABAAAAABA8_usd__attempt_01__kujiale_grscene_MVUHLWYKTKJ5EAABAAAAABA8_usd_grscene_frontier_000000/milestone_040.pred_gt_match.png
grscene,kujiale_grscene_MVUHLWYKTKJ5EAABAAAAABA8_usd,kujiale_grscene_MVUHLWYKTKJ5EAABAAAAABA8_usd__kujiale_grscene_MVUHLWYKTKJ5EAABAAAAABA8_usd__attempt_01__kujiale_grscene_MVUHLWYKTKJ5EAABAAAAABA8_usd_grscene_frontier_000000,voxroom,milestone_040,coverage_milestone,0.40036679690614785,0.4,False,106,0.7604973807558237,0.958264485346224,0.8480030253753168,0.4382682166126135,76.04973807558237,95.8264485346224,84.80030253753168,43.82682166126135,5,3,9841,0,0,/media/echo/data/voxroom_roomseg_evaluation/grscene_union_fixed0p5_batch32_full7000_20260815_0015/grscene/kujiale_grscene_MVUHLWYKTKJ5EAABAAAAABA8_usd/attempt_01/roomseg_coverage_eval/events/milestone_040/voxroom/roomseg_snapshots/roomseg_milestone_040_step_000106.npz,/media/echo/data/voxroom_roomseg_evaluation/grscene_all_available_gt_20260817/metrics_pr_f1_miou_excluding_training_grscenes_20260818_192125/match_visualizations/voxroom/kujiale_grscene_MVUHLWYKTKJ5EAABAAAAABA8_usd__kujiale_grscene_MVUHLWYKTKJ5EAABAAAAABA8_usd__attempt_01__kujiale_grscene_MVUHLWYKTKJ5EAABAAAAABA8_usd_grscene_frontier_000000/milestone_040.pred_gt_match.png
grscene,kujiale_grscene_MVUHLWYKTKJ5EAABAAAAABA8_usd,kujiale_grscene_MVUHLWYKTKJ5EAABAAAAABA8_usd__kujiale_grscene_MVUHLWYKTKJ5EAABAAAAABA8_usd__attempt_01__kujiale_grscene_MVUHLWYKTKJ5EAABAAAAABA8_usd_grscene_frontier_000000,tvars_original,milestone_060,coverage_milestone,0.6054142412885735,0.6,False,221,0.8396680408757986,0.97294726288698,0.901407728830141,0.5141115642320176,83.96680408757986,97.294726288698,90.1407728830141,51.41115642320177,8,5,14778,1,0,/media/echo/data/voxroom_roomseg_evaluation/grscene_union_fixed0p5_batch32_full7000_20260815_0015/grscene/kujiale_grscene_MVUHLWYKTKJ5EAABAAAAABA8_usd/attempt_01/roomseg_coverage_eval/events/milestone_060/tvars_original/roomseg_snapshots/roomseg_milestone_060_step_000221.npz,/media/echo/data/voxroom_roomseg_evaluation/grscene_all_available_gt_20260817/metrics_pr_f1_miou_excluding_training_grscenes_20260818_192125/match_visualizations/tvars_original/kujiale_grscene_MVUHLWYKTKJ5EAABAAAAABA8_usd__kujiale_grscene_MVUHLWYKTKJ5EAABAAAAABA8_usd__attempt_01__kujiale_grscene_MVUHLWYKTKJ5EAABAAAAABA8_usd_grscene_frontier_000000/milestone_060.pred_gt_match.png
grscene,kujiale_grscene_MVUHLWYKTKJ5EAABAAAAABA8_usd,kujiale_grscene_MVUHLWYKTKJ5EAABAAAAABA8_usd__kujiale_grscene_MVUHLWYKTKJ5EAABAAAAABA8_usd__attempt_01__kujiale_grscene_MVUHLWYKTKJ5EAABAAAAABA8_usd_grscene_frontier_000000,voxroom,milestone_060,coverage_milestone,0.6054142412885735,0.6,False,221,0.8816474690022537,0.9691615169445031,0.923335476493182,0.6452875075881055,88.16474690022537,96.91615169445032,92.3335476493182,64.52875075881055,8,6,14778,1,1,/media/echo/data/voxroom_roomseg_evaluation/grscene_union_fixed0p5_batch32_full7000_20260815_0015/grscene/kujiale_grscene_MVUHLWYKTKJ5EAABAAAAABA8_usd/attempt_01/roomseg_coverage_eval/events/milestone_060/voxroom/roomseg_snapshots/roomseg_milestone_060_step_000221.npz,/media/echo/data/voxroom_roomseg_evaluation/grscene_all_available_gt_20260817/metrics_pr_f1_miou_excluding_training_grscenes_20260818_192125/match_visualizations/voxroom/kujiale_grscene_MVUHLWYKTKJ5EAABAAAAABA8_usd__kujiale_grscene_MVUHLWYKTKJ5EAABAAAAABA8_usd__attempt_01__kujiale_grscene_MVUHLWYKTKJ5EAABAAAAABA8_usd_grscene_frontier_000000/milestone_060.pred_gt_match.png
grscene,kujiale_grscene_MVUHLWYKTKJ5EAABAAAAABA8_usd,kujiale_grscene_MVUHLWYKTKJ5EAABAAAAABA8_usd__kujiale_grscene_MVUHLWYKTKJ5EAABAAAAABA8_usd__attempt_01__kujiale_grscene_MVUHLWYKTKJ5EAABAAAAABA8_usd_grscene_frontier_000000,tvars_original,milestone_070,coverage_milestone,0.7001435292241448,0.7,False,253,0.8385149702190402,0.9734497559683808,0.90095814928257,0.513876442899017,83.85149702190402,97.34497559683808,90.095814928257,51.3876442899017,8,5,17118,1,0,/media/echo/data/voxroom_roomseg_evaluation/grscene_union_fixed0p5_batch32_full7000_20260815_0015/grscene/kujiale_grscene_MVUHLWYKTKJ5EAABAAAAABA8_usd/attempt_01/roomseg_coverage_eval/events/milestone_070/tvars_original/roomseg_snapshots/roomseg_milestone_070_step_000253.npz,/media/echo/data/voxroom_roomseg_evaluation/grscene_all_available_gt_20260817/metrics_pr_f1_miou_excluding_training_grscenes_20260818_192125/match_visualizations/tvars_original/kujiale_grscene_MVUHLWYKTKJ5EAABAAAAABA8_usd__kujiale_grscene_MVUHLWYKTKJ5EAABAAAAABA8_usd__attempt_01__kujiale_grscene_MVUHLWYKTKJ5EAABAAAAABA8_usd_grscene_frontier_000000/milestone_070.pred_gt_match.png
grscene,kujiale_grscene_MVUHLWYKTKJ5EAABAAAAABA8_usd,kujiale_grscene_MVUHLWYKTKJ5EAABAAAAABA8_usd__kujiale_grscene_MVUHLWYKTKJ5EAABAAAAABA8_usd__attempt_01__kujiale_grscene_MVUHLWYKTKJ5EAABAAAAABA8_usd_grscene_frontier_000000,voxroom,milestone_070,coverage_milestone,0.7001435292241448,0.7,False,253,0.8816474690022537,0.9701714458693558,0.9237935662929306,0.6462974365129579,88.16474690022537,97.01714458693557,92.37935662929306,64.6297436512958,8,6,17118,1,1,/media/echo/data/voxroom_roomseg_evaluation/grscene_union_fixed0p5_batch32_full7000_20260815_0015/grscene/kujiale_grscene_MVUHLWYKTKJ5EAABAAAAABA8_usd/attempt_01/roomseg_coverage_eval/events/milestone_070/voxroom/roomseg_snapshots/roomseg_milestone_070_step_000253.npz,/media/echo/data/voxroom_roomseg_evaluation/grscene_all_available_gt_20260817/metrics_pr_f1_miou_excluding_training_grscenes_20260818_192125/match_visualizations/voxroom/kujiale_grscene_MVUHLWYKTKJ5EAABAAAAABA8_usd__kujiale_grscene_MVUHLWYKTKJ5EAABAAAAABA8_usd__attempt_01__kujiale_grscene_MVUHLWYKTKJ5EAABAAAAABA8_usd_grscene_frontier_000000/milestone_070.pred_gt_match.png
grscene,kujiale_grscene_MVUHLWYKTKJ5EAABAAAAABA8_usd,kujiale_grscene_MVUHLWYKTKJ5EAABAAAAABA8_usd__kujiale_grscene_MVUHLWYKTKJ5EAABAAAAABA8_usd__attempt_01__kujiale_grscene_MVUHLWYKTKJ5EAABAAAAABA8_usd_grscene_frontier_000000,tvars_original,milestone_080,coverage_milestone,0.8044813013316322,0.8,False,554,0.8312689401256834,0.9704665040538223,0.8954906946615246,0.6314861910708975,83.12689401256834,97.04665040538222,89.54906946615246,63.14861910708976,9,7,19779,0,0,/media/echo/data/voxroom_roomseg_evaluation/grscene_union_fixed0p5_batch32_full7000_20260815_0015/grscene/kujiale_grscene_MVUHLWYKTKJ5EAABAAAAABA8_usd/attempt_01/roomseg_coverage_eval/events/milestone_080/tvars_original/roomseg_snapshots/roomseg_milestone_080_step_000554.npz,/media/echo/data/voxroom_roomseg_evaluation/grscene_all_available_gt_20260817/metrics_pr_f1_miou_excluding_training_grscenes_20260818_192125/match_visualizations/tvars_original/kujiale_grscene_MVUHLWYKTKJ5EAABAAAAABA8_usd__kujiale_grscene_MVUHLWYKTKJ5EAABAAAAABA8_usd__attempt_01__kujiale_grscene_MVUHLWYKTKJ5EAABAAAAABA8_usd_grscene_frontier_000000/milestone_080.pred_gt_match.png
grscene,kujiale_grscene_MVUHLWYKTKJ5EAABAAAAABA8_usd,kujiale_grscene_MVUHLWYKTKJ5EAABAAAAABA8_usd__kujiale_grscene_MVUHLWYKTKJ5EAABAAAAABA8_usd__attempt_01__kujiale_grscene_MVUHLWYKTKJ5EAABAAAAABA8_usd_grscene_frontier_000000,voxroom,milestone_080,coverage_milestone,0.8044813013316322,0.8,False,554,0.8936896333740021,0.9722367055330123,0.931309930947756,0.6805645438389357,89.3689633374002,97.22367055330123,93.1309930947756,68.05645438389357,9,7,19779,0,0,/media/echo/data/voxroom_roomseg_evaluation/grscene_union_fixed0p5_batch32_full7000_20260815_0015/grscene/kujiale_grscene_MVUHLWYKTKJ5EAABAAAAABA8_usd/attempt_01/roomseg_coverage_eval/events/milestone_080/voxroom/roomseg_snapshots/roomseg_milestone_080_step_000554.npz,/media/echo/data/voxroom_roomseg_evaluation/grscene_all_available_gt_20260817/metrics_pr_f1_miou_excluding_training_grscenes_20260818_192125/match_visualizations/voxroom/kujiale_grscene_MVUHLWYKTKJ5EAABAAAAABA8_usd__kujiale_grscene_MVUHLWYKTKJ5EAABAAAAABA8_usd__attempt_01__kujiale_grscene_MVUHLWYKTKJ5EAABAAAAABA8_usd_grscene_frontier_000000/milestone_080.pred_gt_match.png
grscene,kujiale_grscene_MVUHLWYKTKJ5EAABAAAAABA8_usd,kujiale_grscene_MVUHLWYKTKJ5EAABAAAAABA8_usd__kujiale_grscene_MVUHLWYKTKJ5EAABAAAAABA8_usd__attempt_01__kujiale_grscene_MVUHLWYKTKJ5EAABAAAAABA8_usd_grscene_frontier_000000,tvars_original,milestone_090,coverage_milestone,0.9020014352922414,0.9,False,653,0.8299455783308248,0.9781835810145962,0.8979879934603547,0.6345164270364788,82.99455783308248,97.81835810145962,89.79879934603548,63.451642703647885,9,7,22203,0,0,/media/echo/data/voxroom_roomseg_evaluation/grscene_union_fixed0p5_batch32_full7000_20260815_0015/grscene/kujiale_grscene_MVUHLWYKTKJ5EAABAAAAABA8_usd/attempt_01/roomseg_coverage_eval/events/milestone_090/tvars_original/roomseg_snapshots/roomseg_milestone_090_step_000653.npz,/media/echo/data/voxroom_roomseg_evaluation/grscene_all_available_gt_20260817/metrics_pr_f1_miou_excluding_training_grscenes_20260818_192125/match_visualizations/tvars_original/kujiale_grscene_MVUHLWYKTKJ5EAABAAAAABA8_usd__kujiale_grscene_MVUHLWYKTKJ5EAABAAAAABA8_usd__attempt_01__kujiale_grscene_MVUHLWYKTKJ5EAABAAAAABA8_usd_grscene_frontier_000000/milestone_090.pred_gt_match.png
grscene,kujiale_grscene_MVUHLWYKTKJ5EAABAAAAABA8_usd,kujiale_grscene_MVUHLWYKTKJ5EAABAAAAABA8_usd__kujiale_grscene_MVUHLWYKTKJ5EAABAAAAABA8_usd__attempt_01__kujiale_grscene_MVUHLWYKTKJ5EAABAAAAABA8_usd_grscene_frontier_000000,voxroom,milestone_090,coverage_milestone,0.9020014352922414,0.9,False,653,0.9544910290269191,0.9809498879190455,0.9675396027290161,0.8327764019439705,95.4491029026919,98.09498879190454,96.75396027290161,83.27764019439705,9,8,22203,0,0,/media/echo/data/voxroom_roomseg_evaluation/grscene_union_fixed0p5_batch32_full7000_20260815_0015/grscene/kujiale_grscene_MVUHLWYKTKJ5EAABAAAAABA8_usd/attempt_01/roomseg_coverage_eval/events/milestone_090/voxroom/roomseg_snapshots/roomseg_milestone_090_step_000653.npz,/media/echo/data/voxroom_roomseg_evaluation/grscene_all_available_gt_20260817/metrics_pr_f1_miou_excluding_training_grscenes_20260818_192125/match_visualizations/voxroom/kujiale_grscene_MVUHLWYKTKJ5EAABAAAAABA8_usd__kujiale_grscene_MVUHLWYKTKJ5EAABAAAAABA8_usd__attempt_01__kujiale_grscene_MVUHLWYKTKJ5EAABAAAAABA8_usd_grscene_frontier_000000/milestone_090.pred_gt_match.png
grscene,kujiale_grscene_MVUHLWYKTKJ5EAABAAAAABA8_usd,kujiale_grscene_MVUHLWYKTKJ5EAABAAAAABA8_usd__kujiale_grscene_MVUHLWYKTKJ5EAABAAAAABA8_usd__attempt_01__kujiale_grscene_MVUHLWYKTKJ5EAABAAAAABA8_usd_grscene_frontier_000000,tvars_original,final,terminal_forced,0.9859261621880233,,True,943,0.8953862795808014,0.9871951335015078,0.9390520608178778,0.7857509509506743,89.53862795808014,98.71951335015078,93.90520608178778,78.57509509506743,9,8,24206,0,0,/media/echo/data/voxroom_roomseg_evaluation/grscene_union_fixed0p5_batch32_full7000_20260815_0015/grscene/kujiale_grscene_MVUHLWYKTKJ5EAABAAAAABA8_usd/attempt_01/roomseg_coverage_eval/events/final/tvars_original/roomseg_snapshots/roomseg_final_step_000943.npz,/media/echo/data/voxroom_roomseg_evaluation/grscene_all_available_gt_20260817/metrics_pr_f1_miou_excluding_training_grscenes_20260818_192125/match_visualizations/tvars_original/kujiale_grscene_MVUHLWYKTKJ5EAABAAAAABA8_usd__kujiale_grscene_MVUHLWYKTKJ5EAABAAAAABA8_usd__attempt_01__kujiale_grscene_MVUHLWYKTKJ5EAABAAAAABA8_usd_grscene_frontier_000000/final.pred_gt_match.png
grscene,kujiale_grscene_MVUHLWYKTKJ5EAABAAAAABA8_usd,kujiale_grscene_MVUHLWYKTKJ5EAABAAAAABA8_usd__kujiale_grscene_MVUHLWYKTKJ5EAABAAAAABA8_usd__attempt_01__kujiale_grscene_MVUHLWYKTKJ5EAABAAAAABA8_usd_grscene_frontier_000000,voxroom,final,terminal_forced,0.9859261621880233,,True,943,0.9966017502196343,0.9896429100635848,0.9931101399373297,0.9862446602832193,99.66017502196343,98.96429100635848,99.31101399373297,98.62446602832193,9,9,24206,0,0,/media/echo/data/voxroom_roomseg_evaluation/grscene_union_fixed0p5_batch32_full7000_20260815_0015/grscene/kujiale_grscene_MVUHLWYKTKJ5EAABAAAAABA8_usd/attempt_01/roomseg_coverage_eval/events/final/voxroom/roomseg_snapshots/roomseg_final_step_000943.npz,/media/echo/data/voxroom_roomseg_evaluation/grscene_all_available_gt_20260817/metrics_pr_f1_miou_excluding_training_grscenes_20260818_192125/match_visualizations/voxroom/kujiale_grscene_MVUHLWYKTKJ5EAABAAAAABA8_usd__kujiale_grscene_MVUHLWYKTKJ5EAABAAAAABA8_usd__attempt_01__kujiale_grscene_MVUHLWYKTKJ5EAABAAAAABA8_usd_grscene_frontier_000000/final.pred_gt_match.png
grscene,kujiale_grscene_MVUHLWYKTKJ5EAABAAAAABI8_usd,kujiale_grscene_MVUHLWYKTKJ5EAABAAAAABI8_usd__kujiale_grscene_MVUHLWYKTKJ5EAABAAAAABI8_usd__attempt_01__kujiale_grscene_MVUHLWYKTKJ5EAABAAAAABI8_usd_grscene_frontier_000000,tvars_original,milestone_020,coverage_milestone,0.24857468643101482,0.2,False,0,0.8631368631368631,0.9852272552325734,0.9201498277390997,0.4224643755238894,86.3136863136863,98.52272552325734,92.01498277390996,42.24643755238894,2,1,7163,0,0,/media/echo/data/voxroom_roomseg_evaluation/grscene_union_fixed0p5_batch32_full7000_20260815_0015/grscene/kujiale_grscene_MVUHLWYKTKJ5EAABAAAAABI8_usd/attempt_01/roomseg_coverage_eval/events/milestone_020/tvars_original/roomseg_snapshots/roomseg_milestone_020_step_000000.npz,/media/echo/data/voxroom_roomseg_evaluation/grscene_all_available_gt_20260817/metrics_pr_f1_miou_excluding_training_grscenes_20260818_192125/match_visualizations/tvars_original/kujiale_grscene_MVUHLWYKTKJ5EAABAAAAABI8_usd__kujiale_grscene_MVUHLWYKTKJ5EAABAAAAABI8_usd__attempt_01__kujiale_grscene_MVUHLWYKTKJ5EAABAAAAABI8_usd_grscene_frontier_000000/milestone_020.pred_gt_match.png
grscene,kujiale_grscene_MVUHLWYKTKJ5EAABAAAAABI8_usd,kujiale_grscene_MVUHLWYKTKJ5EAABAAAAABI8_usd__kujiale_grscene_MVUHLWYKTKJ5EAABAAAAABI8_usd__attempt_01__kujiale_grscene_MVUHLWYKTKJ5EAABAAAAABI8_usd_grscene_frontier_000000,voxroom,milestone_020,coverage_milestone,0.24857468643101482,0.2,False,0,0.9519321394910462,0.9722412897542704,0.9619795357223198,0.924647033489333,95.19321394910462,97.22412897542704,96.19795357223198,92.4647033489333,2,2,7163,0,0,/media/echo/data/voxroom_roomseg_evaluation/grscene_union_fixed0p5_batch32_full7000_20260815_0015/grscene/kujiale_grscene_MVUHLWYKTKJ5EAABAAAAABI8_usd/attempt_01/roomseg_coverage_eval/events/milestone_020/voxroom/roomseg_snapshots/roomseg_milestone_020_step_000000.npz,/media/echo/data/voxroom_roomseg_evaluation/grscene_all_available_gt_20260817/metrics_pr_f1_miou_excluding_training_grscenes_20260818_192125/match_visualizations/voxroom/kujiale_grscene_MVUHLWYKTKJ5EAABAAAAABI8_usd__kujiale_grscene_MVUHLWYKTKJ5EAABAAAAABI8_usd__attempt_01__kujiale_grscene_MVUHLWYKTKJ5EAABAAAAABI8_usd_grscene_frontier_000000/milestone_020.pred_gt_match.png
grscene,kujiale_grscene_MVUHLWYKTKJ5EAABAAAAABI8_usd,kujiale_grscene_MVUHLWYKTKJ5EAABAAAAABI8_usd__kujiale_grscene_MVUHLWYKTKJ5EAABAAAAABI8_usd__attempt_01__kujiale_grscene_MVUHLWYKTKJ5EAABAAAAABI8_usd_grscene_frontier_000000,tvars_original,milestone_040,coverage_milestone,0.4009191112953941,0.4,False,34,0.915580985915493,0.9903917560768577,0.9515181833330385,0.45190302398331594,91.5580985915493,99.03917560768576,95.15181833330385,45.190302398331596,2,1,11513,1,0,/media/echo/data/voxroom_roomseg_evaluation/grscene_union_fixed0p5_batch32_full7000_20260815_0015/grscene/kujiale_grscene_MVUHLWYKTKJ5EAABAAAAABI8_usd/attempt_01/roomseg_coverage_eval/events/milestone_040/tvars_original/roomseg_snapshots/roomseg_milestone_040_step_000034.npz,/media/echo/data/voxroom_roomseg_evaluation/grscene_all_available_gt_20260817/metrics_pr_f1_miou_excluding_training_grscenes_20260818_192125/match_visualizations/tvars_original/kujiale_grscene_MVUHLWYKTKJ5EAABAAAAABI8_usd__kujiale_grscene_MVUHLWYKTKJ5EAABAAAAABI8_usd__attempt_01__kujiale_grscene_MVUHLWYKTKJ5EAABAAAAABI8_usd_grscene_frontier_000000/milestone_040.pred_gt_match.png
grscene,kujiale_grscene_MVUHLWYKTKJ5EAABAAAAABI8_usd,kujiale_grscene_MVUHLWYKTKJ5EAABAAAAABI8_usd__kujiale_grscene_MVUHLWYKTKJ5EAABAAAAABI8_usd__attempt_01__kujiale_grscene_MVUHLWYKTKJ5EAABAAAAABI8_usd_grscene_frontier_000000,voxroom,milestone_040,coverage_milestone,0.4009191112953941,0.4,False,34,0.9519321394910462,0.9827607010005471,0.9671007998080574,0.9351664447356097,95.19321394910462,98.27607010005471,96.71007998080574,93.51664447356097,2,2,11513,1,0,/media/echo/data/voxroom_roomseg_evaluation/grscene_union_fixed0p5_batch32_full7000_20260815_0015/grscene/kujiale_grscene_MVUHLWYKTKJ5EAABAAAAABI8_usd/attempt_01/roomseg_coverage_eval/events/milestone_040/voxroom/roomseg_snapshots/roomseg_milestone_040_step_000034.npz,/media/echo/data/voxroom_roomseg_evaluation/grscene_all_available_gt_20260817/metrics_pr_f1_miou_excluding_training_grscenes_20260818_192125/match_visualizations/voxroom/kujiale_grscene_MVUHLWYKTKJ5EAABAAAAABI8_usd__kujiale_grscene_MVUHLWYKTKJ5EAABAAAAABI8_usd__attempt_01__kujiale_grscene_MVUHLWYKTKJ5EAABAAAAABI8_usd_grscene_frontier_000000/milestone_040.pred_gt_match.png
grscene,kujiale_grscene_MVUHLWYKTKJ5EAABAAAAABI8_usd,kujiale_grscene_MVUHLWYKTKJ5EAABAAAAABI8_usd__kujiale_grscene_MVUHLWYKTKJ5EAABAAAAABI8_usd__attempt_01__kujiale_grscene_MVUHLWYKTKJ5EAABAAAAABI8_usd_grscene_frontier_000000,tvars_original,milestone_060,coverage_milestone,0.6020178984831208,0.6,False,176,0.8930870585404007,0.991689005153192,0.9398088543882344,0.22057774607703282,89.30870585404007,99.16890051531921,93.98088543882344,22.05777460770328,4,1,16835,4,0,/media/echo/data/voxroom_roomseg_evaluation/grscene_union_fixed0p5_batch32_full7000_20260815_0015/grscene/kujiale_grscene_MVUHLWYKTKJ5EAABAAAAABI8_usd/attempt_01/roomseg_coverage_eval/events/milestone_060/tvars_original/roomseg_snapshots/roomseg_milestone_060_step_000176.npz,/media/echo/data/voxroom_roomseg_evaluation/grscene_all_available_gt_20260817/metrics_pr_f1_miou_excluding_training_grscenes_20260818_192125/match_visualizations/tvars_original/kujiale_grscene_MVUHLWYKTKJ5EAABAAAAABI8_usd__kujiale_grscene_MVUHLWYKTKJ5EAABAAAAABI8_usd__attempt_01__kujiale_grscene_MVUHLWYKTKJ5EAABAAAAABI8_usd_grscene_frontier_000000/milestone_060.pred_gt_match.png
grscene,kujiale_grscene_MVUHLWYKTKJ5EAABAAAAABI8_usd,kujiale_grscene_MVUHLWYKTKJ5EAABAAAAABI8_usd__kujiale_grscene_MVUHLWYKTKJ5EAABAAAAABI8_usd__attempt_01__kujiale_grscene_MVUHLWYKTKJ5EAABAAAAABI8_usd_grscene_frontier_000000,voxroom,milestone_060,coverage_milestone,0.6020178984831208,0.6,False,176,0.9255569540909043,0.9891137409809319,0.9562804754970391,0.45637483303364634,92.55569540909043,98.91137409809319,95.62804754970391,45.63748330336463,4,2,16835,4,0,/media/echo/data/voxroom_roomseg_evaluation/grscene_union_fixed0p5_batch32_full7000_20260815_0015/grscene/kujiale_grscene_MVUHLWYKTKJ5EAABAAAAABI8_usd/attempt_01/roomseg_coverage_eval/events/milestone_060/voxroom/roomseg_snapshots/roomseg_milestone_060_step_000176.npz,/media/echo/data/voxroom_roomseg_evaluation/grscene_all_available_gt_20260817/metrics_pr_f1_miou_excluding_training_grscenes_20260818_192125/match_visualizations/voxroom/kujiale_grscene_MVUHLWYKTKJ5EAABAAAAABI8_usd__kujiale_grscene_MVUHLWYKTKJ5EAABAAAAABI8_usd__attempt_01__kujiale_grscene_MVUHLWYKTKJ5EAABAAAAABI8_usd_grscene_frontier_000000/milestone_060.pred_gt_match.png
grscene,kujiale_grscene_MVUHLWYKTKJ5EAABAAAAABI8_usd,kujiale_grscene_MVUHLWYKTKJ5EAABAAAAABI8_usd__kujiale_grscene_MVUHLWYKTKJ5EAABAAAAABI8_usd__attempt_01__kujiale_grscene_MVUHLWYKTKJ5EAABAAAAABI8_usd_grscene_frontier_000000,tvars_original,milestone_070,coverage_milestone,0.704156732663004,0.7,False,230,0.9386708131906158,0.9532917019973519,0.9459247632428055,0.5166042777368147,93.86708131906158,95.32917019973519,94.59247632428055,51.66042777368147,5,4,19710,3,0,/media/echo/data/voxroom_roomseg_evaluation/grscene_union_fixed0p5_batch32_full7000_20260815_0015/grscene/kujiale_grscene_MVUHLWYKTKJ5EAABAAAAABI8_usd/attempt_01/roomseg_coverage_eval/events/milestone_070/tvars_original/roomseg_snapshots/roomseg_milestone_070_step_000230.npz,/media/echo/data/voxroom_roomseg_evaluation/grscene_all_available_gt_20260817/metrics_pr_f1_miou_excluding_training_grscenes_20260818_192125/match_visualizations/tvars_original/kujiale_grscene_MVUHLWYKTKJ5EAABAAAAABI8_usd__kujiale_grscene_MVUHLWYKTKJ5EAABAAAAABI8_usd__attempt_01__kujiale_grscene_MVUHLWYKTKJ5EAABAAAAABI8_usd_grscene_frontier_000000/milestone_070.pred_gt_match.png
grscene,kujiale_grscene_MVUHLWYKTKJ5EAABAAAAABI8_usd,kujiale_grscene_MVUHLWYKTKJ5EAABAAAAABI8_usd__kujiale_grscene_MVUHLWYKTKJ5EAABAAAAABI8_usd__attempt_01__kujiale_grscene_MVUHLWYKTKJ5EAABAAAAABI8_usd_grscene_frontier_000000,voxroom,milestone_070,coverage_milestone,0.704156732663004,0.7,False,230,0.8730768396495767,0.9905743572561704,0.9281216685901842,0.3443909828763327,87.30768396495768,99.05743572561704,92.81216685901842,34.43909828763327,5,2,19710,3,0,/media/echo/data/voxroom_roomseg_evaluation/grscene_union_fixed0p5_batch32_full7000_20260815_0015/grscene/kujiale_grscene_MVUHLWYKTKJ5EAABAAAAABI8_usd/attempt_01/roomseg_coverage_eval/events/milestone_070/voxroom/roomseg_snapshots/roomseg_milestone_070_step_000230.npz,/media/echo/data/voxroom_roomseg_evaluation/grscene_all_available_gt_20260817/metrics_pr_f1_miou_excluding_training_grscenes_20260818_192125/match_visualizations/voxroom/kujiale_grscene_MVUHLWYKTKJ5EAABAAAAABI8_usd__kujiale_grscene_MVUHLWYKTKJ5EAABAAAAABI8_usd__attempt_01__kujiale_grscene_MVUHLWYKTKJ5EAABAAAAABI8_usd_grscene_frontier_000000/milestone_070.pred_gt_match.png
grscene,kujiale_grscene_MVUHLWYKTKJ5EAABAAAAABI8_usd,kujiale_grscene_MVUHLWYKTKJ5EAABAAAAABI8_usd__kujiale_grscene_MVUHLWYKTKJ5EAABAAAAABI8_usd__attempt_01__kujiale_grscene_MVUHLWYKTKJ5EAABAAAAABI8_usd_grscene_frontier_000000,tvars_original,milestone_080,coverage_milestone,0.800110569779897,0.8,False,475,0.9590881111458635,0.9141251256477357,0.9360669921478506,0.7169523447820477,95.90881111458634,91.41251256477358,93.60669921478507,71.69523447820477,6,6,22628,2,0,/media/echo/data/voxroom_roomseg_evaluation/grscene_union_fixed0p5_batch32_full7000_20260815_0015/grscene/kujiale_grscene_MVUHLWYKTKJ5EAABAAAAABI8_usd/attempt_01/roomseg_coverage_eval/events/milestone_080/tvars_original/roomseg_snapshots/roomseg_milestone_080_step_000475.npz,/media/echo/data/voxroom_roomseg_evaluation/grscene_all_available_gt_20260817/metrics_pr_f1_miou_excluding_training_grscenes_20260818_192125/match_visualizations/tvars_original/kujiale_grscene_MVUHLWYKTKJ5EAABAAAAABI8_usd__kujiale_grscene_MVUHLWYKTKJ5EAABAAAAABI8_usd__attempt_01__kujiale_grscene_MVUHLWYKTKJ5EAABAAAAABI8_usd_grscene_frontier_000000/milestone_080.pred_gt_match.png
grscene,kujiale_grscene_MVUHLWYKTKJ5EAABAAAAABI8_usd,kujiale_grscene_MVUHLWYKTKJ5EAABAAAAABI8_usd__kujiale_grscene_MVUHLWYKTKJ5EAABAAAAABI8_usd__attempt_01__kujiale_grscene_MVUHLWYKTKJ5EAABAAAAABI8_usd_grscene_frontier_000000,voxroom,milestone_080,coverage_milestone,0.800110569779897,0.8,False,475,0.9348305388599062,0.9468320088596109,0.9407930004503396,0.4208292783788879,93.48305388599061,94.6832008859611,94.07930004503396,42.08292783788879,6,3,22628,2,0,/media/echo/data/voxroom_roomseg_evaluation/grscene_union_fixed0p5_batch32_full7000_20260815_0015/grscene/kujiale_grscene_MVUHLWYKTKJ5EAABAAAAABI8_usd/attempt_01/roomseg_coverage_eval/events/milestone_080/voxroom/roomseg_snapshots/roomseg_milestone_080_step_000475.npz,/media/echo/data/voxroom_roomseg_evaluation/grscene_all_available_gt_20260817/metrics_pr_f1_miou_excluding_training_grscenes_20260818_192125/match_visualizations/voxroom/kujiale_grscene_MVUHLWYKTKJ5EAABAAAAABI8_usd__kujiale_grscene_MVUHLWYKTKJ5EAABAAAAABI8_usd__attempt_01__kujiale_grscene_MVUHLWYKTKJ5EAABAAAAABI8_usd_grscene_frontier_000000/milestone_080.pred_gt_match.png
grscene,kujiale_grscene_MVUHLWYKTKJ5EAABAAAAABI8_usd,kujiale_grscene_MVUHLWYKTKJ5EAABAAAAABI8_usd__kujiale_grscene_MVUHLWYKTKJ5EAABAAAAABI8_usd__attempt_01__kujiale_grscene_MVUHLWYKTKJ5EAABAAAAABI8_usd_grscene_frontier_000000,tvars_original,milestone_090,coverage_milestone,0.9002453266991466,0.9,False,884,0.9485373559830824,0.9232074926354648,0.9357010328993594,0.740031657439875,94.85373559830825,92.32074926354647,93.57010328993593,74.0031657439875,7,7,25595,1,0,/media/echo/data/voxroom_roomseg_evaluation/grscene_union_fixed0p5_batch32_full7000_20260815_0015/grscene/kujiale_grscene_MVUHLWYKTKJ5EAABAAAAABI8_usd/attempt_01/roomseg_coverage_eval/events/milestone_090/tvars_original/roomseg_snapshots/roomseg_milestone_090_step_000884.npz,/media/echo/data/voxroom_roomseg_evaluation/grscene_all_available_gt_20260817/metrics_pr_f1_miou_excluding_training_grscenes_20260818_192125/match_visualizations/tvars_original/kujiale_grscene_MVUHLWYKTKJ5EAABAAAAABI8_usd__kujiale_grscene_MVUHLWYKTKJ5EAABAAAAABI8_usd__attempt_01__kujiale_grscene_MVUHLWYKTKJ5EAABAAAAABI8_usd_grscene_frontier_000000/milestone_090.pred_gt_match.png
grscene,kujiale_grscene_MVUHLWYKTKJ5EAABAAAAABI8_usd,kujiale_grscene_MVUHLWYKTKJ5EAABAAAAABI8_usd__kujiale_grscene_MVUHLWYKTKJ5EAABAAAAABI8_usd__attempt_01__kujiale_grscene_MVUHLWYKTKJ5EAABAAAAABI8_usd_grscene_frontier_000000,voxroom,milestone_090,coverage_milestone,0.9002453266991466,0.9,False,884,0.9332800140736291,0.950966567595564,0.9420402830747504,0.36147986056580655,93.32800140736292,95.0966567595564,94.20402830747504,36.147986056580656,7,3,25595,1,1,/media/echo/data/voxroom_roomseg_evaluation/grscene_union_fixed0p5_batch32_full7000_20260815_0015/grscene/kujiale_grscene_MVUHLWYKTKJ5EAABAAAAABI8_usd/attempt_01/roomseg_coverage_eval/events/milestone_090/voxroom/roomseg_snapshots/roomseg_milestone_090_step_000884.npz,/media/echo/data/voxroom_roomseg_evaluation/grscene_all_available_gt_20260817/metrics_pr_f1_miou_excluding_training_grscenes_20260818_192125/match_visualizations/voxroom/kujiale_grscene_MVUHLWYKTKJ5EAABAAAAABI8_usd__kujiale_grscene_MVUHLWYKTKJ5EAABAAAAABI8_usd__attempt_01__kujiale_grscene_MVUHLWYKTKJ5EAABAAAAABI8_usd_grscene_frontier_000000/milestone_090.pred_gt_match.png
grscene,kujiale_grscene_MVUHLWYKTKJ5EAABAAAAABI8_usd,kujiale_grscene_MVUHLWYKTKJ5EAABAAAAABI8_usd__kujiale_grscene_MVUHLWYKTKJ5EAABAAAAABI8_usd__attempt_01__kujiale_grscene_MVUHLWYKTKJ5EAABAAAAABI8_usd_grscene_frontier_000000,tvars_original,final,terminal_forced,0.9999654469437822,,True,1300,0.9545711669238707,0.9356113213993983,0.9449961539403113,0.7581516190505392,95.45711669238706,93.56113213993983,94.49961539403114,75.81516190505391,7,7,28321,1,0,/media/echo/data/voxroom_roomseg_evaluation/grscene_union_fixed0p5_batch32_full7000_20260815_0015/grscene/kujiale_grscene_MVUHLWYKTKJ5EAABAAAAABI8_usd/attempt_01/roomseg_coverage_eval/events/final/tvars_original/roomseg_snapshots/roomseg_final_step_001300.npz,/media/echo/data/voxroom_roomseg_evaluation/grscene_all_available_gt_20260817/metrics_pr_f1_miou_excluding_training_grscenes_20260818_192125/match_visualizations/tvars_original/kujiale_grscene_MVUHLWYKTKJ5EAABAAAAABI8_usd__kujiale_grscene_MVUHLWYKTKJ5EAABAAAAABI8_usd__attempt_01__kujiale_grscene_MVUHLWYKTKJ5EAABAAAAABI8_usd_grscene_frontier_000000/final.pred_gt_match.png
grscene,kujiale_grscene_MVUHLWYKTKJ5EAABAAAAABI8_usd,kujiale_grscene_MVUHLWYKTKJ5EAABAAAAABI8_usd__kujiale_grscene_MVUHLWYKTKJ5EAABAAAAABI8_usd__attempt_01__kujiale_grscene_MVUHLWYKTKJ5EAABAAAAABI8_usd_grscene_frontier_000000,voxroom,final,terminal_forced,0.9999654469437822,,True,1300,0.8991519375508586,0.9613213189419143,0.9291979054458683,0.3475998746856794,89.91519375508587,96.13213189419143,92.91979054458683,34.759987468567935,7,3,28321,1,1,/media/echo/data/voxroom_roomseg_evaluation/grscene_union_fixed0p5_batch32_full7000_20260815_0015/grscene/kujiale_grscene_MVUHLWYKTKJ5EAABAAAAABI8_usd/attempt_01/roomseg_coverage_eval/events/final/voxroom/roomseg_snapshots/roomseg_final_step_001300.npz,/media/echo/data/voxroom_roomseg_evaluation/grscene_all_available_gt_20260817/metrics_pr_f1_miou_excluding_training_grscenes_20260818_192125/match_visualizations/voxroom/kujiale_grscene_MVUHLWYKTKJ5EAABAAAAABI8_usd__kujiale_grscene_MVUHLWYKTKJ5EAABAAAAABI8_usd__attempt_01__kujiale_grscene_MVUHLWYKTKJ5EAABAAAAABI8_usd_grscene_frontier_000000/final.pred_gt_match.png
grscene,kujiale_grscene_MVUHLWYKTKJ5EAABAAAAABQ8_usd,kujiale_grscene_MVUHLWYKTKJ5EAABAAAAABQ8_usd__kujiale_grscene_MVUHLWYKTKJ5EAABAAAAABQ8_usd__attempt_01__kujiale_grscene_MVUHLWYKTKJ5EAABAAAAABQ8_usd_grscene_frontier_000000,tvars_original,milestone_020,coverage_milestone,0.31376518218623484,0.2,False,0,1.0,0.9889896373056994,0.9944643438619342,0.9889896373056994,100.0,98.89896373056995,99.44643438619342,98.89896373056995,1,1,6176,0,0,/media/echo/data/voxroom_roomseg_evaluation/grscene_union_fixed0p5_batch32_full7000_20260815_0015/grscene/kujiale_grscene_MVUHLWYKTKJ5EAABAAAAABQ8_usd/attempt_01/roomseg_coverage_eval/events/milestone_020/tvars_original/roomseg_snapshots/roomseg_milestone_020_step_000000.npz,/media/echo/data/voxroom_roomseg_evaluation/grscene_all_available_gt_20260817/metrics_pr_f1_miou_excluding_training_grscenes_20260818_192125/match_visualizations/tvars_original/kujiale_grscene_MVUHLWYKTKJ5EAABAAAAABQ8_usd__kujiale_grscene_MVUHLWYKTKJ5EAABAAAAABQ8_usd__attempt_01__kujiale_grscene_MVUHLWYKTKJ5EAABAAAAABQ8_usd_grscene_frontier_000000/milestone_020.pred_gt_match.png
grscene,kujiale_grscene_MVUHLWYKTKJ5EAABAAAAABQ8_usd,kujiale_grscene_MVUHLWYKTKJ5EAABAAAAABQ8_usd__kujiale_grscene_MVUHLWYKTKJ5EAABAAAAABQ8_usd__attempt_01__kujiale_grscene_MVUHLWYKTKJ5EAABAAAAABQ8_usd_grscene_frontier_000000,voxroom,milestone_020,coverage_milestone,0.31376518218623484,0.2,False,0,1.0,0.9889896373056994,0.9944643438619342,0.9889896373056994,100.0,98.89896373056995,99.44643438619342,98.89896373056995,1,1,6176,0,0,/media/echo/data/voxroom_roomseg_evaluation/grscene_union_fixed0p5_batch32_full7000_20260815_0015/grscene/kujiale_grscene_MVUHLWYKTKJ5EAABAAAAABQ8_usd/attempt_01/roomseg_coverage_eval/events/milestone_020/voxroom/roomseg_snapshots/roomseg_milestone_020_step_000000.npz,/media/echo/data/voxroom_roomseg_evaluation/grscene_all_available_gt_20260817/metrics_pr_f1_miou_excluding_training_grscenes_20260818_192125/match_visualizations/voxroom/kujiale_grscene_MVUHLWYKTKJ5EAABAAAAABQ8_usd__kujiale_grscene_MVUHLWYKTKJ5EAABAAAAABQ8_usd__attempt_01__kujiale_grscene_MVUHLWYKTKJ5EAABAAAAABQ8_usd_grscene_frontier_000000/milestone_020.pred_gt_match.png
grscene,kujiale_grscene_MVUHLWYKTKJ5EAABAAAAABQ8_usd,kujiale_grscene_MVUHLWYKTKJ5EAABAAAAABQ8_usd__kujiale_grscene_MVUHLWYKTKJ5EAABAAAAABQ8_usd__attempt_01__kujiale_grscene_MVUHLWYKTKJ5EAABAAAAABQ8_usd_grscene_frontier_000000,tvars_original,milestone_040,coverage_milestone,0.4105263157894737,0.4,False,141,1.0,0.9859014348097318,0.9929006722372306,0.9859014348097318,100.0,98.59014348097318,99.29006722372306,98.59014348097318,1,1,8015,1,0,/media/echo/data/voxroom_roomseg_evaluation/grscene_union_fixed0p5_batch32_full7000_20260815_0015/grscene/kujiale_grscene_MVUHLWYKTKJ5EAABAAAAABQ8_usd/attempt_01/roomseg_coverage_eval/events/milestone_040/tvars_original/roomseg_snapshots/roomseg_milestone_040_step_000141.npz,/media/echo/data/voxroom_roomseg_evaluation/grscene_all_available_gt_20260817/metrics_pr_f1_miou_excluding_training_grscenes_20260818_192125/match_visualizations/tvars_original/kujiale_grscene_MVUHLWYKTKJ5EAABAAAAABQ8_usd__kujiale_grscene_MVUHLWYKTKJ5EAABAAAAABQ8_usd__attempt_01__kujiale_grscene_MVUHLWYKTKJ5EAABAAAAABQ8_usd_grscene_frontier_000000/milestone_040.pred_gt_match.png
grscene,kujiale_grscene_MVUHLWYKTKJ5EAABAAAAABQ8_usd,kujiale_grscene_MVUHLWYKTKJ5EAABAAAAABQ8_usd__kujiale_grscene_MVUHLWYKTKJ5EAABAAAAABQ8_usd__attempt_01__kujiale_grscene_MVUHLWYKTKJ5EAABAAAAABQ8_usd_grscene_frontier_000000,voxroom,milestone_040,coverage_milestone,0.4105263157894737,0.4,False,141,1.0,0.9844042420461634,0.9921408362150267,0.9844042420461634,100.0,98.44042420461633,99.21408362150267,98.44042420461633,1,1,8015,1,1,/media/echo/data/voxroom_roomseg_evaluation/grscene_union_fixed0p5_batch32_full7000_20260815_0015/grscene/kujiale_grscene_MVUHLWYKTKJ5EAABAAAAABQ8_usd/attempt_01/roomseg_coverage_eval/events/milestone_040/voxroom/roomseg_snapshots/roomseg_milestone_040_step_000141.npz,/media/echo/data/voxroom_roomseg_evaluation/grscene_all_available_gt_20260817/metrics_pr_f1_miou_excluding_training_grscenes_20260818_192125/match_visualizations/voxroom/kujiale_grscene_MVUHLWYKTKJ5EAABAAAAABQ8_usd__kujiale_grscene_MVUHLWYKTKJ5EAABAAAAABQ8_usd__attempt_01__kujiale_grscene_MVUHLWYKTKJ5EAABAAAAABQ8_usd_grscene_frontier_000000/milestone_040.pred_gt_match.png
grscene,kujiale_grscene_MVUHLWYKTKJ5EAABAAAAABQ8_usd,kujiale_grscene_MVUHLWYKTKJ5EAABAAAAABQ8_usd__kujiale_grscene_MVUHLWYKTKJ5EAABAAAAABQ8_usd__attempt_01__kujiale_grscene_MVUHLWYKTKJ5EAABAAAAABQ8_usd_grscene_frontier_000000,tvars_original,milestone_060,coverage_milestone,0.6048076923076923,0.6,False,188,0.7972555746140652,0.9799344728352786,0.8792061629488612,0.1583915488158119,79.72555746140651,97.99344728352786,87.92061629488612,15.839154881581191,5,1,11800,1,0,/media/echo/data/voxroom_roomseg_evaluation/grscene_union_fixed0p5_batch32_full7000_20260815_0015/grscene/kujiale_grscene_MVUHLWYKTKJ5EAABAAAAABQ8_usd/attempt_01/roomseg_coverage_eval/events/milestone_060/tvars_original/roomseg_snapshots/roomseg_milestone_060_step_000188.npz,/media/echo/data/voxroom_roomseg_evaluation/grscene_all_available_gt_20260817/metrics_pr_f1_miou_excluding_training_grscenes_20260818_192125/match_visualizations/tvars_original/kujiale_grscene_MVUHLWYKTKJ5EAABAAAAABQ8_usd__kujiale_grscene_MVUHLWYKTKJ5EAABAAAAABQ8_usd__attempt_01__kujiale_grscene_MVUHLWYKTKJ5EAABAAAAABQ8_usd_grscene_frontier_000000/milestone_060.pred_gt_match.png
grscene,kujiale_grscene_MVUHLWYKTKJ5EAABAAAAABQ8_usd,kujiale_grscene_MVUHLWYKTKJ5EAABAAAAABQ8_usd__kujiale_grscene_MVUHLWYKTKJ5EAABAAAAABQ8_usd__attempt_01__kujiale_grscene_MVUHLWYKTKJ5EAABAAAAABQ8_usd_grscene_frontier_000000,voxroom,milestone_060,coverage_milestone,0.6048076923076923,0.6,False,188,0.9559487203313172,0.9707865251822266,0.963310489724793,0.9283540758066339,95.59487203313172,97.07865251822267,96.33104897247931,92.83540758066339,5,5,11800,1,1,/media/echo/data/voxroom_roomseg_evaluation/grscene_union_fixed0p5_batch32_full7000_20260815_0015/grscene/kujiale_grscene_MVUHLWYKTKJ5EAABAAAAABQ8_usd/attempt_01/roomseg_coverage_eval/events/milestone_060/voxroom/roomseg_snapshots/roomseg_milestone_060_step_000188.npz,/media/echo/data/voxroom_roomseg_evaluation/grscene_all_available_gt_20260817/metrics_pr_f1_miou_excluding_training_grscenes_20260818_192125/match_visualizations/voxroom/kujiale_grscene_MVUHLWYKTKJ5EAABAAAAABQ8_usd__kujiale_grscene_MVUHLWYKTKJ5EAABAAAAABQ8_usd__attempt_01__kujiale_grscene_MVUHLWYKTKJ5EAABAAAAABQ8_usd_grscene_frontier_000000/milestone_060.pred_gt_match.png
grscene,kujiale_grscene_MVUHLWYKTKJ5EAABAAAAABQ8_usd,kujiale_grscene_MVUHLWYKTKJ5EAABAAAAABQ8_usd__kujiale_grscene_MVUHLWYKTKJ5EAABAAAAABQ8_usd__attempt_01__kujiale_grscene_MVUHLWYKTKJ5EAABAAAAABQ8_usd_grscene_frontier_000000,tvars_original,milestone_070,coverage_milestone,0.7033906882591093,0.7,False,214,0.8385626358182929,0.9838738275021994,0.9054250688110667,0.33203062030478003,83.8562635818293,98.38738275021994,90.54250688110666,33.203062030478,5,2,13729,1,0,/media/echo/data/voxroom_roomseg_evaluation/grscene_union_fixed0p5_batch32_full7000_20260815_0015/grscene/kujiale_grscene_MVUHLWYKTKJ5EAABAAAAABQ8_usd/attempt_01/roomseg_coverage_eval/events/milestone_070/tvars_original/roomseg_snapshots/roomseg_milestone_070_step_000214.npz,/media/echo/data/voxroom_roomseg_evaluation/grscene_all_available_gt_20260817/metrics_pr_f1_miou_excluding_training_grscenes_20260818_192125/match_visualizations/tvars_original/kujiale_grscene_MVUHLWYKTKJ5EAABAAAAABQ8_usd__kujiale_grscene_MVUHLWYKTKJ5EAABAAAAABQ8_usd__attempt_01__kujiale_grscene_MVUHLWYKTKJ5EAABAAAAABQ8_usd_grscene_frontier_000000/milestone_070.pred_gt_match.png
grscene,kujiale_grscene_MVUHLWYKTKJ5EAABAAAAABQ8_usd,kujiale_grscene_MVUHLWYKTKJ5EAABAAAAABQ8_usd__kujiale_grscene_MVUHLWYKTKJ5EAABAAAAABQ8_usd__attempt_01__kujiale_grscene_MVUHLWYKTKJ5EAABAAAAABQ8_usd_grscene_frontier_000000,voxroom,milestone_070,coverage_milestone,0.7033906882591093,0.7,False,214,0.985196159836268,0.9754478651490667,0.9802977783002037,0.9608213994889404,98.51961598362679,97.54478651490666,98.02977783002036,96.08213994889404,5,5,13729,1,1,/media/echo/data/voxroom_roomseg_evaluation/grscene_union_fixed0p5_batch32_full7000_20260815_0015/grscene/kujiale_grscene_MVUHLWYKTKJ5EAABAAAAABQ8_usd/attempt_01/roomseg_coverage_eval/events/milestone_070/voxroom/roomseg_snapshots/roomseg_milestone_070_step_000214.npz,/media/echo/data/voxroom_roomseg_evaluation/grscene_all_available_gt_20260817/metrics_pr_f1_miou_excluding_training_grscenes_20260818_192125/match_visualizations/voxroom/kujiale_grscene_MVUHLWYKTKJ5EAABAAAAABQ8_usd__kujiale_grscene_MVUHLWYKTKJ5EAABAAAAABQ8_usd__attempt_01__kujiale_grscene_MVUHLWYKTKJ5EAABAAAAABQ8_usd_grscene_frontier_000000/milestone_070.pred_gt_match.png
grscene,kujiale_grscene_MVUHLWYKTKJ5EAABAAAAABQ8_usd,kujiale_grscene_MVUHLWYKTKJ5EAABAAAAABQ8_usd__kujiale_grscene_MVUHLWYKTKJ5EAABAAAAABQ8_usd__attempt_01__kujiale_grscene_MVUHLWYKTKJ5EAABAAAAABQ8_usd_grscene_frontier_000000,tvars_original,milestone_080,coverage_milestone,0.8013157894736842,0.8,False,362,0.9551771915614685,0.9842712825249282,0.9695060136306405,0.752581460814133,95.51771915614685,98.42712825249282,96.95060136306405,75.2581460814133,5,4,15581,2,0,/media/echo/data/voxroom_roomseg_evaluation/grscene_union_fixed0p5_batch32_full7000_20260815_0015/grscene/kujiale_grscene_MVUHLWYKTKJ5EAABAAAAABQ8_usd/attempt_01/roomseg_coverage_eval/events/milestone_080/tvars_original/roomseg_snapshots/roomseg_milestone_080_step_000362.npz,/media/echo/data/voxroom_roomseg_evaluation/grscene_all_available_gt_20260817/metrics_pr_f1_miou_excluding_training_grscenes_20260818_192125/match_visualizations/tvars_original/kujiale_grscene_MVUHLWYKTKJ5EAABAAAAABQ8_usd__kujiale_grscene_MVUHLWYKTKJ5EAABAAAAABQ8_usd__attempt_01__kujiale_grscene_MVUHLWYKTKJ5EAABAAAAABQ8_usd_grscene_frontier_000000/milestone_080.pred_gt_match.png
grscene,kujiale_grscene_MVUHLWYKTKJ5EAABAAAAABQ8_usd,kujiale_grscene_MVUHLWYKTKJ5EAABAAAAABQ8_usd__kujiale_grscene_MVUHLWYKTKJ5EAABAAAAABQ8_usd__attempt_01__kujiale_grscene_MVUHLWYKTKJ5EAABAAAAABQ8_usd_grscene_frontier_000000,voxroom,milestone_080,coverage_milestone,0.8013157894736842,0.8,False,362,0.9959174521640124,0.9222307855822608,0.957658762978039,0.9196772580623351,99.59174521640124,92.22307855822608,95.7658762978039,91.96772580623352,5,6,15581,2,1,/media/echo/data/voxroom_roomseg_evaluation/grscene_union_fixed0p5_batch32_full7000_20260815_0015/grscene/kujiale_grscene_MVUHLWYKTKJ5EAABAAAAABQ8_usd/attempt_01/roomseg_coverage_eval/events/milestone_080/voxroom/roomseg_snapshots/roomseg_milestone_080_step_000362.npz,/media/echo/data/voxroom_roomseg_evaluation/grscene_all_available_gt_20260817/metrics_pr_f1_miou_excluding_training_grscenes_20260818_192125/match_visualizations/voxroom/kujiale_grscene_MVUHLWYKTKJ5EAABAAAAABQ8_usd__kujiale_grscene_MVUHLWYKTKJ5EAABAAAAABQ8_usd__attempt_01__kujiale_grscene_MVUHLWYKTKJ5EAABAAAAABQ8_usd_grscene_frontier_000000/milestone_080.pred_gt_match.png
grscene,kujiale_grscene_MVUHLWYKTKJ5EAABAAAAABQ8_usd,kujiale_grscene_MVUHLWYKTKJ5EAABAAAAABQ8_usd__kujiale_grscene_MVUHLWYKTKJ5EAABAAAAABQ8_usd__attempt_01__kujiale_grscene_MVUHLWYKTKJ5EAABAAAAABQ8_usd_grscene_frontier_000000,tvars_original,milestone_090,coverage_milestone,0.9012145748987854,0.9,False,552,0.9369387003315681,0.9883314198698727,0.9619491273596912,0.6156341602273444,93.69387003315681,98.83314198698727,96.19491273596911,61.563416022734444,6,4,17471,1,0,/media/echo/data/voxroom_roomseg_evaluation/grscene_union_fixed0p5_batch32_full7000_20260815_0015/grscene/kujiale_grscene_MVUHLWYKTKJ5EAABAAAAABQ8_usd/attempt_01/roomseg_coverage_eval/events/milestone_090/tvars_original/roomseg_snapshots/roomseg_milestone_090_step_000552.npz,/media/echo/data/voxroom_roomseg_evaluation/grscene_all_available_gt_20260817/metrics_pr_f1_miou_excluding_training_grscenes_20260818_192125/match_visualizations/tvars_original/kujiale_grscene_MVUHLWYKTKJ5EAABAAAAABQ8_usd__kujiale_grscene_MVUHLWYKTKJ5EAABAAAAABQ8_usd__attempt_01__kujiale_grscene_MVUHLWYKTKJ5EAABAAAAABQ8_usd_grscene_frontier_000000/milestone_090.pred_gt_match.png
grscene,kujiale_grscene_MVUHLWYKTKJ5EAABAAAAABQ8_usd,kujiale_grscene_MVUHLWYKTKJ5EAABAAAAABQ8_usd__kujiale_grscene_MVUHLWYKTKJ5EAABAAAAABQ8_usd__attempt_01__kujiale_grscene_MVUHLWYKTKJ5EAABAAAAABQ8_usd_grscene_frontier_000000,voxroom,milestone_090,coverage_milestone,0.9012145748987854,0.9,False,552,0.9966236112480937,0.90738994772718,0.9499157632057862,0.9054051567893318,99.66236112480938,90.738994772718,94.99157632057862,90.54051567893318,6,7,17471,1,2,/media/echo/data/voxroom_roomseg_evaluation/grscene_union_fixed0p5_batch32_full7000_20260815_0015/grscene/kujiale_grscene_MVUHLWYKTKJ5EAABAAAAABQ8_usd/attempt_01/roomseg_coverage_eval/events/milestone_090/voxroom/roomseg_snapshots/roomseg_milestone_090_step_000552.npz,/media/echo/data/voxroom_roomseg_evaluation/grscene_all_available_gt_20260817/metrics_pr_f1_miou_excluding_training_grscenes_20260818_192125/match_visualizations/voxroom/kujiale_grscene_MVUHLWYKTKJ5EAABAAAAABQ8_usd__kujiale_grscene_MVUHLWYKTKJ5EAABAAAAABQ8_usd__attempt_01__kujiale_grscene_MVUHLWYKTKJ5EAABAAAAABQ8_usd_grscene_frontier_000000/milestone_090.pred_gt_match.png
grscene,kujiale_grscene_MVUHLWYKTKJ5EAABAAAAABQ8_usd,kujiale_grscene_MVUHLWYKTKJ5EAABAAAAABQ8_usd__kujiale_grscene_MVUHLWYKTKJ5EAABAAAAABQ8_usd__attempt_01__kujiale_grscene_MVUHLWYKTKJ5EAABAAAAABQ8_usd_grscene_frontier_000000,tvars_original,final,terminal_forced,0.9996457489878543,,True,862,0.888927315519275,0.9964937473254024,0.9396421088085473,0.5062990772955954,88.8927315519275,99.64937473254024,93.96421088085472,50.62990772955954,7,4,19314,1,0,/media/echo/data/voxroom_roomseg_evaluation/grscene_union_fixed0p5_batch32_full7000_20260815_0015/grscene/kujiale_grscene_MVUHLWYKTKJ5EAABAAAAABQ8_usd/attempt_01/roomseg_coverage_eval/events/final/tvars_original/roomseg_snapshots/roomseg_final_step_000862.npz,/media/echo/data/voxroom_roomseg_evaluation/grscene_all_available_gt_20260817/metrics_pr_f1_miou_excluding_training_grscenes_20260818_192125/match_visualizations/tvars_original/kujiale_grscene_MVUHLWYKTKJ5EAABAAAAABQ8_usd__kujiale_grscene_MVUHLWYKTKJ5EAABAAAAABQ8_usd__attempt_01__kujiale_grscene_MVUHLWYKTKJ5EAABAAAAABQ8_usd_grscene_frontier_000000/final.pred_gt_match.png
grscene,kujiale_grscene_MVUHLWYKTKJ5EAABAAAAABQ8_usd,kujiale_grscene_MVUHLWYKTKJ5EAABAAAAABQ8_usd__kujiale_grscene_MVUHLWYKTKJ5EAABAAAAABQ8_usd__attempt_01__kujiale_grscene_MVUHLWYKTKJ5EAABAAAAABQ8_usd_grscene_frontier_000000,voxroom,final,terminal_forced,0.9996457489878543,,True,862,0.996663709936952,0.9163008337159557,0.9547942656645155,0.9141779436248954,99.6663709936952,91.63008337159557,95.47942656645155,91.41779436248953,7,8,19314,1,2,/media/echo/data/voxroom_roomseg_evaluation/grscene_union_fixed0p5_batch32_full7000_20260815_0015/grscene/kujiale_grscene_MVUHLWYKTKJ5EAABAAAAABQ8_usd/attempt_01/roomseg_coverage_eval/events/final/voxroom/roomseg_snapshots/roomseg_final_step_000862.npz,/media/echo/data/voxroom_roomseg_evaluation/grscene_all_available_gt_20260817/metrics_pr_f1_miou_excluding_training_grscenes_20260818_192125/match_visualizations/voxroom/kujiale_grscene_MVUHLWYKTKJ5EAABAAAAABQ8_usd__kujiale_grscene_MVUHLWYKTKJ5EAABAAAAABQ8_usd__attempt_01__kujiale_grscene_MVUHLWYKTKJ5EAABAAAAABQ8_usd_grscene_frontier_000000/final.pred_gt_match.png
grscene,kujiale_grscene_MVUHLWYKTKJ5EAABAAAAABY8_usd,kujiale_grscene_MVUHLWYKTKJ5EAABAAAAABY8_usd__kujiale_grscene_MVUHLWYKTKJ5EAABAAAAABY8_usd__attempt_01__kujiale_grscene_MVUHLWYKTKJ5EAABAAAAABY8_usd_grscene_frontier_000000,tvars_original,milestone_020,coverage_milestone,0.20464145033458309,0.2,False,26,0.8441037735849057,0.9858801623758583,0.9094999677437652,0.5547301220230915,84.41037735849058,98.58801623758583,90.94999677437652,55.47301220230915,3,2,4149,0,0,/media/echo/data/voxroom_roomseg_evaluation/grscene_union_fixed0p5_batch32_full7000_20260815_0015/grscene/kujiale_grscene_MVUHLWYKTKJ5EAABAAAAABY8_usd/attempt_01/roomseg_coverage_eval/events/milestone_020/tvars_original/roomseg_snapshots/roomseg_milestone_020_step_000026.npz,/media/echo/data/voxroom_roomseg_evaluation/grscene_all_available_gt_20260817/metrics_pr_f1_miou_excluding_training_grscenes_20260818_192125/match_visualizations/tvars_original/kujiale_grscene_MVUHLWYKTKJ5EAABAAAAABY8_usd__kujiale_grscene_MVUHLWYKTKJ5EAABAAAAABY8_usd__attempt_01__kujiale_grscene_MVUHLWYKTKJ5EAABAAAAABY8_usd_grscene_frontier_000000/milestone_020.pred_gt_match.png
grscene,kujiale_grscene_MVUHLWYKTKJ5EAABAAAAABY8_usd,kujiale_grscene_MVUHLWYKTKJ5EAABAAAAABY8_usd__kujiale_grscene_MVUHLWYKTKJ5EAABAAAAABY8_usd__attempt_01__kujiale_grscene_MVUHLWYKTKJ5EAABAAAAABY8_usd_grscene_frontier_000000,voxroom,milestone_020,coverage_milestone,0.20464145033458309,0.2,False,26,0.9979134063641105,0.984189139828891,0.9910037590331413,0.9821476608336202,99.79134063641105,98.4189139828891,99.10037590331413,98.21476608336201,3,3,4149,0,0,/media/echo/data/voxroom_roomseg_evaluation/grscene_union_fixed0p5_batch32_full7000_20260815_0015/grscene/kujiale_grscene_MVUHLWYKTKJ5EAABAAAAABY8_usd/attempt_01/roomseg_coverage_eval/events/milestone_020/voxroom/roomseg_snapshots/roomseg_milestone_020_step_000026.npz,/media/echo/data/voxroom_roomseg_evaluation/grscene_all_available_gt_20260817/metrics_pr_f1_miou_excluding_training_grscenes_20260818_192125/match_visualizations/voxroom/kujiale_grscene_MVUHLWYKTKJ5EAABAAAAABY8_usd__kujiale_grscene_MVUHLWYKTKJ5EAABAAAAABY8_usd__attempt_01__kujiale_grscene_MVUHLWYKTKJ5EAABAAAAABY8_usd_grscene_frontier_000000/milestone_020.pred_gt_match.png
grscene,kujiale_grscene_MVUHLWYKTKJ5EAABAAAAABY8_usd,kujiale_grscene_MVUHLWYKTKJ5EAABAAAAABY8_usd__kujiale_grscene_MVUHLWYKTKJ5EAABAAAAABY8_usd__attempt_01__kujiale_grscene_MVUHLWYKTKJ5EAABAAAAABY8_usd_grscene_frontier_000000,tvars_original,milestone_040,coverage_milestone,0.41023207251672916,0.4,False,108,0.982358870967742,0.9550078911044673,0.9684903158627657,0.9550078911044673,98.2358870967742,95.50078911044673,96.84903158627657,95.50078911044673,3,4,8284,1,0,/media/echo/data/voxroom_roomseg_evaluation/grscene_union_fixed0p5_batch32_full7000_20260815_0015/grscene/kujiale_grscene_MVUHLWYKTKJ5EAABAAAAABY8_usd/attempt_01/roomseg_coverage_eval/events/milestone_040/tvars_original/roomseg_snapshots/roomseg_milestone_040_step_000108.npz,/media/echo/data/voxroom_roomseg_evaluation/grscene_all_available_gt_20260817/metrics_pr_f1_miou_excluding_training_grscenes_20260818_192125/match_visualizations/tvars_original/kujiale_grscene_MVUHLWYKTKJ5EAABAAAAABY8_usd__kujiale_grscene_MVUHLWYKTKJ5EAABAAAAABY8_usd__attempt_01__kujiale_grscene_MVUHLWYKTKJ5EAABAAAAABY8_usd_grscene_frontier_000000/milestone_040.pred_gt_match.png
grscene,kujiale_grscene_MVUHLWYKTKJ5EAABAAAAABY8_usd,kujiale_grscene_MVUHLWYKTKJ5EAABAAAAABY8_usd__kujiale_grscene_MVUHLWYKTKJ5EAABAAAAABY8_usd__attempt_01__kujiale_grscene_MVUHLWYKTKJ5EAABAAAAABY8_usd_grscene_frontier_000000,voxroom,milestone_040,coverage_milestone,0.41023207251672916,0.4,False,108,1.0,0.9842286388946982,0.9920516412291644,0.9842286388946982,100.0,98.42286388946982,99.20516412291644,98.42286388946982,3,3,8284,1,0,/media/echo/data/voxroom_roomseg_evaluation/grscene_union_fixed0p5_batch32_full7000_20260815_0015/grscene/kujiale_grscene_MVUHLWYKTKJ5EAABAAAAABY8_usd/attempt_01/roomseg_coverage_eval/events/milestone_040/voxroom/roomseg_snapshots/roomseg_milestone_040_step_000108.npz,/media/echo/data/voxroom_roomseg_evaluation/grscene_all_available_gt_20260817/metrics_pr_f1_miou_excluding_training_grscenes_20260818_192125/match_visualizations/voxroom/kujiale_grscene_MVUHLWYKTKJ5EAABAAAAABY8_usd__kujiale_grscene_MVUHLWYKTKJ5EAABAAAAABY8_usd__attempt_01__kujiale_grscene_MVUHLWYKTKJ5EAABAAAAABY8_usd_grscene_frontier_000000/milestone_040.pred_gt_match.png
grscene,kujiale_grscene_MVUHLWYKTKJ5EAABAAAAABY8_usd,kujiale_grscene_MVUHLWYKTKJ5EAABAAAAABY8_usd__kujiale_grscene_MVUHLWYKTKJ5EAABAAAAABY8_usd__attempt_01__kujiale_grscene_MVUHLWYKTKJ5EAABAAAAABY8_usd_grscene_frontier_000000,tvars_original,milestone_060,coverage_milestone,0.606568269185136,0.6,False,144,0.982358870967742,0.9731555382398523,0.977735547557216,0.9731555382398523,98.2358870967742,97.31555382398524,97.7735547557216,97.31555382398524,3,4,12325,2,0,/media/echo/data/voxroom_roomseg_evaluation/grscene_union_fixed0p5_batch32_full7000_20260815_0015/grscene/kujiale_grscene_MVUHLWYKTKJ5EAABAAAAABY8_usd/attempt_01/roomseg_coverage_eval/events/milestone_060/tvars_original/roomseg_snapshots/roomseg_milestone_060_step_000144.npz,/media/echo/data/voxroom_roomseg_evaluation/grscene_all_available_gt_20260817/metrics_pr_f1_miou_excluding_training_grscenes_20260818_192125/match_visualizations/tvars_original/kujiale_grscene_MVUHLWYKTKJ5EAABAAAAABY8_usd__kujiale_grscene_MVUHLWYKTKJ5EAABAAAAABY8_usd__attempt_01__kujiale_grscene_MVUHLWYKTKJ5EAABAAAAABY8_usd_grscene_frontier_000000/milestone_060.pred_gt_match.png
grscene,kujiale_grscene_MVUHLWYKTKJ5EAABAAAAABY8_usd,kujiale_grscene_MVUHLWYKTKJ5EAABAAAAABY8_usd__kujiale_grscene_MVUHLWYKTKJ5EAABAAAAABY8_usd__attempt_01__kujiale_grscene_MVUHLWYKTKJ5EAABAAAAABY8_usd_grscene_frontier_000000,voxroom,milestone_060,coverage_milestone,0.606568269185136,0.6,False,144,1.0,0.9906812479198758,0.9953188125472817,0.9906812479198758,100.0,99.06812479198757,99.53188125472818,99.06812479198757,3,3,12325,2,0,/media/echo/data/voxroom_roomseg_evaluation/grscene_union_fixed0p5_batch32_full7000_20260815_0015/grscene/kujiale_grscene_MVUHLWYKTKJ5EAABAAAAABY8_usd/attempt_01/roomseg_coverage_eval/events/milestone_060/voxroom/roomseg_snapshots/roomseg_milestone_060_step_000144.npz,/media/echo/data/voxroom_roomseg_evaluation/grscene_all_available_gt_20260817/metrics_pr_f1_miou_excluding_training_grscenes_20260818_192125/match_visualizations/voxroom/kujiale_grscene_MVUHLWYKTKJ5EAABAAAAABY8_usd__kujiale_grscene_MVUHLWYKTKJ5EAABAAAAABY8_usd__attempt_01__kujiale_grscene_MVUHLWYKTKJ5EAABAAAAABY8_usd_grscene_frontier_000000/milestone_060.pred_gt_match.png
grscene,kujiale_grscene_MVUHLWYKTKJ5EAABAAAAABY8_usd,kujiale_grscene_MVUHLWYKTKJ5EAABAAAAABY8_usd__kujiale_grscene_MVUHLWYKTKJ5EAABAAAAABY8_usd__attempt_01__kujiale_grscene_MVUHLWYKTKJ5EAABAAAAABY8_usd_grscene_frontier_000000,tvars_original,milestone_070,coverage_milestone,0.7027668359356462,0.7,False,161,0.9616872153875498,0.9838669592706454,0.9726506603590529,0.5699115892004136,96.16872153875498,98.38669592706454,97.26506603590529,56.991158920041364,5,4,14356,2,0,/media/echo/data/voxroom_roomseg_evaluation/grscene_union_fixed0p5_batch32_full7000_20260815_0015/grscene/kujiale_grscene_MVUHLWYKTKJ5EAABAAAAABY8_usd/attempt_01/roomseg_coverage_eval/events/milestone_070/tvars_original/roomseg_snapshots/roomseg_milestone_070_step_000161.npz,/media/echo/data/voxroom_roomseg_evaluation/grscene_all_available_gt_20260817/metrics_pr_f1_miou_excluding_training_grscenes_20260818_192125/match_visualizations/tvars_original/kujiale_grscene_MVUHLWYKTKJ5EAABAAAAABY8_usd__kujiale_grscene_MVUHLWYKTKJ5EAABAAAAABY8_usd__attempt_01__kujiale_grscene_MVUHLWYKTKJ5EAABAAAAABY8_usd_grscene_frontier_000000/milestone_070.pred_gt_match.png
grscene,kujiale_grscene_MVUHLWYKTKJ5EAABAAAAABY8_usd,kujiale_grscene_MVUHLWYKTKJ5EAABAAAAABY8_usd__kujiale_grscene_MVUHLWYKTKJ5EAABAAAAABY8_usd__attempt_01__kujiale_grscene_MVUHLWYKTKJ5EAABAAAAABY8_usd_grscene_frontier_000000,voxroom,milestone_070,coverage_milestone,0.7027668359356462,0.7,False,161,0.9611334422443073,0.9922407600813179,0.976439410468971,0.7619786194844663,96.11334422443073,99.22407600813179,97.6439410468971,76.19786194844663,5,4,14356,2,0,/media/echo/data/voxroom_roomseg_evaluation/grscene_union_fixed0p5_batch32_full7000_20260815_0015/grscene/kujiale_grscene_MVUHLWYKTKJ5EAABAAAAABY8_usd/attempt_01/roomseg_coverage_eval/events/milestone_070/voxroom/roomseg_snapshots/roomseg_milestone_070_step_000161.npz,/media/echo/data/voxroom_roomseg_evaluation/grscene_all_available_gt_20260817/metrics_pr_f1_miou_excluding_training_grscenes_20260818_192125/match_visualizations/voxroom/kujiale_grscene_MVUHLWYKTKJ5EAABAAAAABY8_usd__kujiale_grscene_MVUHLWYKTKJ5EAABAAAAABY8_usd__attempt_01__kujiale_grscene_MVUHLWYKTKJ5EAABAAAAABY8_usd_grscene_frontier_000000/milestone_070.pred_gt_match.png
grscene,kujiale_grscene_MVUHLWYKTKJ5EAABAAAAABY8_usd,kujiale_grscene_MVUHLWYKTKJ5EAABAAAAABY8_usd__kujiale_grscene_MVUHLWYKTKJ5EAABAAAAABY8_usd__attempt_01__kujiale_grscene_MVUHLWYKTKJ5EAABAAAAABY8_usd_grscene_frontier_000000,tvars_original,milestone_080,coverage_milestone,0.804850268141047,0.8,False,220,0.9630743300443964,0.981263177424565,0.9720836774121476,0.6810198182241524,96.30743300443963,98.12631774245651,97.20836774121476,68.10198182241524,7,6,16550,1,0,/media/echo/data/voxroom_roomseg_evaluation/grscene_union_fixed0p5_batch32_full7000_20260815_0015/grscene/kujiale_grscene_MVUHLWYKTKJ5EAABAAAAABY8_usd/attempt_01/roomseg_coverage_eval/events/milestone_080/tvars_original/roomseg_snapshots/roomseg_milestone_080_step_000220.npz,/media/echo/data/voxroom_roomseg_evaluation/grscene_all_available_gt_20260817/metrics_pr_f1_miou_excluding_training_grscenes_20260818_192125/match_visualizations/tvars_original/kujiale_grscene_MVUHLWYKTKJ5EAABAAAAABY8_usd__kujiale_grscene_MVUHLWYKTKJ5EAABAAAAABY8_usd__attempt_01__kujiale_grscene_MVUHLWYKTKJ5EAABAAAAABY8_usd_grscene_frontier_000000/milestone_080.pred_gt_match.png
grscene,kujiale_grscene_MVUHLWYKTKJ5EAABAAAAABY8_usd,kujiale_grscene_MVUHLWYKTKJ5EAABAAAAABY8_usd__kujiale_grscene_MVUHLWYKTKJ5EAABAAAAABY8_usd__attempt_01__kujiale_grscene_MVUHLWYKTKJ5EAABAAAAABY8_usd_grscene_frontier_000000,voxroom,milestone_080,coverage_milestone,0.804850268141047,0.8,False,220,0.9474739367105658,0.987818130942651,0.9672255148684001,0.53698959106556,94.74739367105659,98.7818130942651,96.72255148684002,53.698959106555996,7,4,16550,1,0,/media/echo/data/voxroom_roomseg_evaluation/grscene_union_fixed0p5_batch32_full7000_20260815_0015/grscene/kujiale_grscene_MVUHLWYKTKJ5EAABAAAAABY8_usd/attempt_01/roomseg_coverage_eval/events/milestone_080/voxroom/roomseg_snapshots/roomseg_milestone_080_step_000220.npz,/media/echo/data/voxroom_roomseg_evaluation/grscene_all_available_gt_20260817/metrics_pr_f1_miou_excluding_training_grscenes_20260818_192125/match_visualizations/voxroom/kujiale_grscene_MVUHLWYKTKJ5EAABAAAAABY8_usd__kujiale_grscene_MVUHLWYKTKJ5EAABAAAAABY8_usd__attempt_01__kujiale_grscene_MVUHLWYKTKJ5EAABAAAAABY8_usd_grscene_frontier_000000/milestone_080.pred_gt_match.png
grscene,kujiale_grscene_MVUHLWYKTKJ5EAABAAAAABY8_usd,kujiale_grscene_MVUHLWYKTKJ5EAABAAAAABY8_usd__kujiale_grscene_MVUHLWYKTKJ5EAABAAAAABY8_usd__attempt_01__kujiale_grscene_MVUHLWYKTKJ5EAABAAAAABY8_usd_grscene_frontier_000000,tvars_original,milestone_090,coverage_milestone,0.9014285036305824,0.9,False,273,0.939933835948798,0.9855942059476233,0.9622226449352245,0.6631802426361528,93.9933835948798,98.55942059476233,96.22226449352245,66.31802426361529,7,6,18573,1,0,/media/echo/data/voxroom_roomseg_evaluation/grscene_union_fixed0p5_batch32_full7000_20260815_0015/grscene/kujiale_grscene_MVUHLWYKTKJ5EAABAAAAABY8_usd/attempt_01/roomseg_coverage_eval/events/milestone_090/tvars_original/roomseg_snapshots/roomseg_milestone_090_step_000273.npz,/media/echo/data/voxroom_roomseg_evaluation/grscene_all_available_gt_20260817/metrics_pr_f1_miou_excluding_training_grscenes_20260818_192125/match_visualizations/tvars_original/kujiale_grscene_MVUHLWYKTKJ5EAABAAAAABY8_usd__kujiale_grscene_MVUHLWYKTKJ5EAABAAAAABY8_usd__attempt_01__kujiale_grscene_MVUHLWYKTKJ5EAABAAAAABY8_usd_grscene_frontier_000000/milestone_090.pred_gt_match.png
grscene,kujiale_grscene_MVUHLWYKTKJ5EAABAAAAABY8_usd,kujiale_grscene_MVUHLWYKTKJ5EAABAAAAABY8_usd__kujiale_grscene_MVUHLWYKTKJ5EAABAAAAABY8_usd__attempt_01__kujiale_grscene_MVUHLWYKTKJ5EAABAAAAABY8_usd_grscene_frontier_000000,voxroom,milestone_090,coverage_milestone,0.9014285036305824,0.9,False,273,0.919575650344765,0.9921482161566233,0.954484438989937,0.5216511771569257,91.9575650344765,99.21482161566233,95.4484438989937,52.16511771569257,7,4,18573,1,0,/media/echo/data/voxroom_roomseg_evaluation/grscene_union_fixed0p5_batch32_full7000_20260815_0015/grscene/kujiale_grscene_MVUHLWYKTKJ5EAABAAAAABY8_usd/attempt_01/roomseg_coverage_eval/events/milestone_090/voxroom/roomseg_snapshots/roomseg_milestone_090_step_000273.npz,/media/echo/data/voxroom_roomseg_evaluation/grscene_all_available_gt_20260817/metrics_pr_f1_miou_excluding_training_grscenes_20260818_192125/match_visualizations/voxroom/kujiale_grscene_MVUHLWYKTKJ5EAABAAAAABY8_usd__kujiale_grscene_MVUHLWYKTKJ5EAABAAAAABY8_usd__attempt_01__kujiale_grscene_MVUHLWYKTKJ5EAABAAAAABY8_usd_grscene_frontier_000000/milestone_090.pred_gt_match.png
grscene,kujiale_grscene_MVUHLWYKTKJ5EAABAAAAABY8_usd,kujiale_grscene_MVUHLWYKTKJ5EAABAAAAABY8_usd__kujiale_grscene_MVUHLWYKTKJ5EAABAAAAABY8_usd__attempt_01__kujiale_grscene_MVUHLWYKTKJ5EAABAAAAABY8_usd_grscene_frontier_000000,tvars_original,final,terminal_forced,0.9994304968914622,,True,729,0.940984869941246,0.9901845851842265,0.9649580057663744,0.666496753725783,94.0984869941246,99.01845851842265,96.49580057663744,66.6496753725783,7,6,20471,1,0,/media/echo/data/voxroom_roomseg_evaluation/grscene_union_fixed0p5_batch32_full7000_20260815_0015/grscene/kujiale_grscene_MVUHLWYKTKJ5EAABAAAAABY8_usd/attempt_01/roomseg_coverage_eval/events/final/tvars_original/roomseg_snapshots/roomseg_final_step_000729.npz,/media/echo/data/voxroom_roomseg_evaluation/grscene_all_available_gt_20260817/metrics_pr_f1_miou_excluding_training_grscenes_20260818_192125/match_visualizations/tvars_original/kujiale_grscene_MVUHLWYKTKJ5EAABAAAAABY8_usd__kujiale_grscene_MVUHLWYKTKJ5EAABAAAAABY8_usd__attempt_01__kujiale_grscene_MVUHLWYKTKJ5EAABAAAAABY8_usd_grscene_frontier_000000/final.pred_gt_match.png
grscene,kujiale_grscene_MVUHLWYKTKJ5EAABAAAAABY8_usd,kujiale_grscene_MVUHLWYKTKJ5EAABAAAAABY8_usd__kujiale_grscene_MVUHLWYKTKJ5EAABAAAAABY8_usd__attempt_01__kujiale_grscene_MVUHLWYKTKJ5EAABAAAAABY8_usd_grscene_frontier_000000,voxroom,final,terminal_forced,0.9994304968914622,,True,729,0.9341114959371254,0.9961320920310067,0.9641254030715881,0.5301806022528027,93.41114959371254,99.61320920310067,96.4125403071588,53.01806022528027,7,4,20471,1,0,/media/echo/data/voxroom_roomseg_evaluation/grscene_union_fixed0p5_batch32_full7000_20260815_0015/grscene/kujiale_grscene_MVUHLWYKTKJ5EAABAAAAABY8_usd/attempt_01/roomseg_coverage_eval/events/final/voxroom/roomseg_snapshots/roomseg_final_step_000729.npz,/media/echo/data/voxroom_roomseg_evaluation/grscene_all_available_gt_20260817/metrics_pr_f1_miou_excluding_training_grscenes_20260818_192125/match_visualizations/voxroom/kujiale_grscene_MVUHLWYKTKJ5EAABAAAAABY8_usd__kujiale_grscene_MVUHLWYKTKJ5EAABAAAAABY8_usd__attempt_01__kujiale_grscene_MVUHLWYKTKJ5EAABAAAAABY8_usd_grscene_frontier_000000/final.pred_gt_match.png
grscene,kujiale_grscene_MVUHLWYKTKJ5EAABAAAAACI8_usd,kujiale_grscene_MVUHLWYKTKJ5EAABAAAAACI8_usd__kujiale_grscene_MVUHLWYKTKJ5EAABAAAAACI8_usd__attempt_01__kujiale_grscene_MVUHLWYKTKJ5EAABAAAAACI8_usd_grscene_frontier_000000,tvars_original,milestone_020,coverage_milestone,0.20601797577178585,0.2,False,3,0.5402342999807951,0.9937045818450548,0.6999409240109729,0.26954771943273287,54.02342999807951,99.37045818450548,69.99409240109729,26.954771943273286,2,1,5239,0,0,/media/echo/data/voxroom_roomseg_evaluation/grscene_union_fixed0p5_batch32_full7000_20260815_0015/grscene/kujiale_grscene_MVUHLWYKTKJ5EAABAAAAACI8_usd/attempt_01/roomseg_coverage_eval/events/milestone_020/tvars_original/roomseg_snapshots/roomseg_milestone_020_step_000003.npz,/media/echo/data/voxroom_roomseg_evaluation/grscene_all_available_gt_20260817/metrics_pr_f1_miou_excluding_training_grscenes_20260818_192125/match_visualizations/tvars_original/kujiale_grscene_MVUHLWYKTKJ5EAABAAAAACI8_usd__kujiale_grscene_MVUHLWYKTKJ5EAABAAAAACI8_usd__attempt_01__kujiale_grscene_MVUHLWYKTKJ5EAABAAAAACI8_usd_grscene_frontier_000000/milestone_020.pred_gt_match.png
grscene,kujiale_grscene_MVUHLWYKTKJ5EAABAAAAACI8_usd,kujiale_grscene_MVUHLWYKTKJ5EAABAAAAACI8_usd__kujiale_grscene_MVUHLWYKTKJ5EAABAAAAACI8_usd__attempt_01__kujiale_grscene_MVUHLWYKTKJ5EAABAAAAACI8_usd_grscene_frontier_000000,voxroom,milestone_020,coverage_milestone,0.20601797577178585,0.2,False,3,0.5402342999807951,0.9937045818450548,0.6999409240109729,0.26954771943273287,54.02342999807951,99.37045818450548,69.99409240109729,26.954771943273286,2,1,5239,0,0,/media/echo/data/voxroom_roomseg_evaluation/grscene_union_fixed0p5_batch32_full7000_20260815_0015/grscene/kujiale_grscene_MVUHLWYKTKJ5EAABAAAAACI8_usd/attempt_01/roomseg_coverage_eval/events/milestone_020/voxroom/roomseg_snapshots/roomseg_milestone_020_step_000003.npz,/media/echo/data/voxroom_roomseg_evaluation/grscene_all_available_gt_20260817/metrics_pr_f1_miou_excluding_training_grscenes_20260818_192125/match_visualizations/voxroom/kujiale_grscene_MVUHLWYKTKJ5EAABAAAAACI8_usd__kujiale_grscene_MVUHLWYKTKJ5EAABAAAAACI8_usd__attempt_01__kujiale_grscene_MVUHLWYKTKJ5EAABAAAAACI8_usd_grscene_frontier_000000/milestone_020.pred_gt_match.png
grscene,kujiale_grscene_MVUHLWYKTKJ5EAABAAAAACI8_usd,kujiale_grscene_MVUHLWYKTKJ5EAABAAAAACI8_usd__kujiale_grscene_MVUHLWYKTKJ5EAABAAAAACI8_usd__attempt_01__kujiale_grscene_MVUHLWYKTKJ5EAABAAAAACI8_usd_grscene_frontier_000000,tvars_original,milestone_040,coverage_milestone,0.4074247753028527,0.4,False,88,0.7567091087169442,0.9935875172063299,0.8591192069297191,0.374902950310559,75.67091087169442,99.35875172063298,85.9119206929719,37.4902950310559,2,1,10306,0,0,/media/echo/data/voxroom_roomseg_evaluation/grscene_union_fixed0p5_batch32_full7000_20260815_0015/grscene/kujiale_grscene_MVUHLWYKTKJ5EAABAAAAACI8_usd/attempt_01/roomseg_coverage_eval/events/milestone_040/tvars_original/roomseg_snapshots/roomseg_milestone_040_step_000088.npz,/media/echo/data/voxroom_roomseg_evaluation/grscene_all_available_gt_20260817/metrics_pr_f1_miou_excluding_training_grscenes_20260818_192125/match_visualizations/tvars_original/kujiale_grscene_MVUHLWYKTKJ5EAABAAAAACI8_usd__kujiale_grscene_MVUHLWYKTKJ5EAABAAAAACI8_usd__attempt_01__kujiale_grscene_MVUHLWYKTKJ5EAABAAAAACI8_usd_grscene_frontier_000000/milestone_040.pred_gt_match.png
grscene,kujiale_grscene_MVUHLWYKTKJ5EAABAAAAACI8_usd,kujiale_grscene_MVUHLWYKTKJ5EAABAAAAACI8_usd__kujiale_grscene_MVUHLWYKTKJ5EAABAAAAACI8_usd__attempt_01__kujiale_grscene_MVUHLWYKTKJ5EAABAAAAACI8_usd_grscene_frontier_000000,voxroom,milestone_040,coverage_milestone,0.4074247753028527,0.4,False,88,0.7609573525066483,0.9821233176890329,0.8575093194967197,0.37698838684493025,76.09573525066483,98.2123317689033,85.75093194967197,37.698838684493026,2,1,10306,0,0,/media/echo/data/voxroom_roomseg_evaluation/grscene_union_fixed0p5_batch32_full7000_20260815_0015/grscene/kujiale_grscene_MVUHLWYKTKJ5EAABAAAAACI8_usd/attempt_01/roomseg_coverage_eval/events/milestone_040/voxroom/roomseg_snapshots/roomseg_milestone_040_step_000088.npz,/media/echo/data/voxroom_roomseg_evaluation/grscene_all_available_gt_20260817/metrics_pr_f1_miou_excluding_training_grscenes_20260818_192125/match_visualizations/voxroom/kujiale_grscene_MVUHLWYKTKJ5EAABAAAAACI8_usd__kujiale_grscene_MVUHLWYKTKJ5EAABAAAAACI8_usd__attempt_01__kujiale_grscene_MVUHLWYKTKJ5EAABAAAAACI8_usd_grscene_frontier_000000/milestone_040.pred_gt_match.png
grscene,kujiale_grscene_MVUHLWYKTKJ5EAABAAAAACI8_usd,kujiale_grscene_MVUHLWYKTKJ5EAABAAAAACI8_usd__kujiale_grscene_MVUHLWYKTKJ5EAABAAAAACI8_usd__attempt_01__kujiale_grscene_MVUHLWYKTKJ5EAABAAAAACI8_usd_grscene_frontier_000000,tvars_original,milestone_060,coverage_milestone,0.6033606877686596,0.6,False,154,0.7768988402493799,0.9889217919804046,0.8701814660719602,0.2575505033668911,77.689884024938,98.89217919804047,87.01814660719603,25.755050336689113,3,1,15023,3,0,/media/echo/data/voxroom_roomseg_evaluation/grscene_union_fixed0p5_batch32_full7000_20260815_0015/grscene/kujiale_grscene_MVUHLWYKTKJ5EAABAAAAACI8_usd/attempt_01/roomseg_coverage_eval/events/milestone_060/tvars_original/roomseg_snapshots/roomseg_milestone_060_step_000154.npz,/media/echo/data/voxroom_roomseg_evaluation/grscene_all_available_gt_20260817/metrics_pr_f1_miou_excluding_training_grscenes_20260818_192125/match_visualizations/tvars_original/kujiale_grscene_MVUHLWYKTKJ5EAABAAAAACI8_usd__kujiale_grscene_MVUHLWYKTKJ5EAABAAAAACI8_usd__attempt_01__kujiale_grscene_MVUHLWYKTKJ5EAABAAAAACI8_usd_grscene_frontier_000000/milestone_060.pred_gt_match.png
grscene,kujiale_grscene_MVUHLWYKTKJ5EAABAAAAACI8_usd,kujiale_grscene_MVUHLWYKTKJ5EAABAAAAACI8_usd__kujiale_grscene_MVUHLWYKTKJ5EAABAAAAACI8_usd__attempt_01__kujiale_grscene_MVUHLWYKTKJ5EAABAAAAACI8_usd_grscene_frontier_000000,voxroom,milestone_060,coverage_milestone,0.6033606877686596,0.6,False,154,0.9061608192042975,0.9614945827687794,0.9330080033627222,0.5893539985761634,90.61608192042975,96.14945827687794,93.30080033627222,58.935399857616346,3,2,15023,3,0,/media/echo/data/voxroom_roomseg_evaluation/grscene_union_fixed0p5_batch32_full7000_20260815_0015/grscene/kujiale_grscene_MVUHLWYKTKJ5EAABAAAAACI8_usd/attempt_01/roomseg_coverage_eval/events/milestone_060/voxroom/roomseg_snapshots/roomseg_milestone_060_step_000154.npz,/media/echo/data/voxroom_roomseg_evaluation/grscene_all_available_gt_20260817/metrics_pr_f1_miou_excluding_training_grscenes_20260818_192125/match_visualizations/voxroom/kujiale_grscene_MVUHLWYKTKJ5EAABAAAAACI8_usd__kujiale_grscene_MVUHLWYKTKJ5EAABAAAAACI8_usd__attempt_01__kujiale_grscene_MVUHLWYKTKJ5EAABAAAAACI8_usd_grscene_frontier_000000/milestone_060.pred_gt_match.png
grscene,kujiale_grscene_MVUHLWYKTKJ5EAABAAAAACI8_usd,kujiale_grscene_MVUHLWYKTKJ5EAABAAAAACI8_usd__kujiale_grscene_MVUHLWYKTKJ5EAABAAAAACI8_usd__attempt_01__kujiale_grscene_MVUHLWYKTKJ5EAABAAAAACI8_usd_grscene_frontier_000000,tvars_original,milestone_070,coverage_milestone,0.7019929660023446,0.7,False,259,0.6783317078767712,0.9959005990106965,0.8069978717091282,0.11255806869240727,67.83317078767712,99.59005990106965,80.69978717091281,11.255806869240727,6,1,17521,2,0,/media/echo/data/voxroom_roomseg_evaluation/grscene_union_fixed0p5_batch32_full7000_20260815_0015/grscene/kujiale_grscene_MVUHLWYKTKJ5EAABAAAAACI8_usd/attempt_01/roomseg_coverage_eval/events/milestone_070/tvars_original/roomseg_snapshots/roomseg_milestone_070_step_000259.npz,/media/echo/data/voxroom_roomseg_evaluation/grscene_all_available_gt_20260817/metrics_pr_f1_miou_excluding_training_grscenes_20260818_192125/match_visualizations/tvars_original/kujiale_grscene_MVUHLWYKTKJ5EAABAAAAACI8_usd__kujiale_grscene_MVUHLWYKTKJ5EAABAAAAACI8_usd__attempt_01__kujiale_grscene_MVUHLWYKTKJ5EAABAAAAACI8_usd_grscene_frontier_000000/milestone_070.pred_gt_match.png
grscene,kujiale_grscene_MVUHLWYKTKJ5EAABAAAAACI8_usd,kujiale_grscene_MVUHLWYKTKJ5EAABAAAAACI8_usd__kujiale_grscene_MVUHLWYKTKJ5EAABAAAAACI8_usd__attempt_01__kujiale_grscene_MVUHLWYKTKJ5EAABAAAAACI8_usd_grscene_frontier_000000,voxroom,milestone_070,coverage_milestone,0.7019929660023446,0.7,False,259,0.9271852730756458,0.8150985401419629,0.8675364562210902,0.4525625132712312,92.71852730756459,81.50985401419629,86.75364562210902,45.256251327123124,6,3,17521,2,1,/media/echo/data/voxroom_roomseg_evaluation/grscene_union_fixed0p5_batch32_full7000_20260815_0015/grscene/kujiale_grscene_MVUHLWYKTKJ5EAABAAAAACI8_usd/attempt_01/roomseg_coverage_eval/events/milestone_070/voxroom/roomseg_snapshots/roomseg_milestone_070_step_000259.npz,/media/echo/data/voxroom_roomseg_evaluation/grscene_all_available_gt_20260817/metrics_pr_f1_miou_excluding_training_grscenes_20260818_192125/match_visualizations/voxroom/kujiale_grscene_MVUHLWYKTKJ5EAABAAAAACI8_usd__kujiale_grscene_MVUHLWYKTKJ5EAABAAAAACI8_usd__attempt_01__kujiale_grscene_MVUHLWYKTKJ5EAABAAAAACI8_usd_grscene_frontier_000000/milestone_070.pred_gt_match.png
grscene,kujiale_grscene_MVUHLWYKTKJ5EAABAAAAACI8_usd,kujiale_grscene_MVUHLWYKTKJ5EAABAAAAACI8_usd__kujiale_grscene_MVUHLWYKTKJ5EAABAAAAACI8_usd__attempt_01__kujiale_grscene_MVUHLWYKTKJ5EAABAAAAACI8_usd_grscene_frontier_000000,tvars_original,milestone_080,coverage_milestone,0.8053927315357562,0.8,False,320,0.7987664596698916,0.9902844167939526,0.8842744363226104,0.1960982373228571,79.87664596698916,99.02844167939526,88.42744363226103,19.60982373228571,8,2,20283,1,0,/media/echo/data/voxroom_roomseg_evaluation/grscene_union_fixed0p5_batch32_full7000_20260815_0015/grscene/kujiale_grscene_MVUHLWYKTKJ5EAABAAAAACI8_usd/attempt_01/roomseg_coverage_eval/events/milestone_080/tvars_original/roomseg_snapshots/roomseg_milestone_080_step_000320.npz,/media/echo/data/voxroom_roomseg_evaluation/grscene_all_available_gt_20260817/metrics_pr_f1_miou_excluding_training_grscenes_20260818_192125/match_visualizations/tvars_original/kujiale_grscene_MVUHLWYKTKJ5EAABAAAAACI8_usd__kujiale_grscene_MVUHLWYKTKJ5EAABAAAAACI8_usd__attempt_01__kujiale_grscene_MVUHLWYKTKJ5EAABAAAAACI8_usd_grscene_frontier_000000/milestone_080.pred_gt_match.png
grscene,kujiale_grscene_MVUHLWYKTKJ5EAABAAAAACI8_usd,kujiale_grscene_MVUHLWYKTKJ5EAABAAAAACI8_usd__kujiale_grscene_MVUHLWYKTKJ5EAABAAAAACI8_usd__attempt_01__kujiale_grscene_MVUHLWYKTKJ5EAABAAAAACI8_usd_grscene_frontier_000000,voxroom,milestone_080,coverage_milestone,0.8053927315357562,0.8,False,320,0.9136405571013932,0.967319680976033,0.9397141676162382,0.43823736195939883,91.36405571013933,96.7319680976033,93.97141676162381,43.82373619593988,8,4,20283,1,0,/media/echo/data/voxroom_roomseg_evaluation/grscene_union_fixed0p5_batch32_full7000_20260815_0015/grscene/kujiale_grscene_MVUHLWYKTKJ5EAABAAAAACI8_usd/attempt_01/roomseg_coverage_eval/events/milestone_080/voxroom/roomseg_snapshots/roomseg_milestone_080_step_000320.npz,/media/echo/data/voxroom_roomseg_evaluation/grscene_all_available_gt_20260817/metrics_pr_f1_miou_excluding_training_grscenes_20260818_192125/match_visualizations/voxroom/kujiale_grscene_MVUHLWYKTKJ5EAABAAAAACI8_usd__kujiale_grscene_MVUHLWYKTKJ5EAABAAAAACI8_usd__attempt_01__kujiale_grscene_MVUHLWYKTKJ5EAABAAAAACI8_usd_grscene_frontier_000000/milestone_080.pred_gt_match.png
grscene,kujiale_grscene_MVUHLWYKTKJ5EAABAAAAACI8_usd,kujiale_grscene_MVUHLWYKTKJ5EAABAAAAACI8_usd__kujiale_grscene_MVUHLWYKTKJ5EAABAAAAACI8_usd__attempt_01__kujiale_grscene_MVUHLWYKTKJ5EAABAAAAACI8_usd_grscene_frontier_000000,tvars_original,milestone_090,coverage_milestone,0.9035951543571707,0.9,False,467,0.8593466311886111,0.9443433569595417,0.89984230973274,0.2349614763926994,85.93466311886111,94.43433569595418,89.98423097327401,23.49614763926994,9,3,22735,0,0,/media/echo/data/voxroom_roomseg_evaluation/grscene_union_fixed0p5_batch32_full7000_20260815_0015/grscene/kujiale_grscene_MVUHLWYKTKJ5EAABAAAAACI8_usd/attempt_01/roomseg_coverage_eval/events/milestone_090/tvars_original/roomseg_snapshots/roomseg_milestone_090_step_000467.npz,/media/echo/data/voxroom_roomseg_evaluation/grscene_all_available_gt_20260817/metrics_pr_f1_miou_excluding_training_grscenes_20260818_192125/match_visualizations/tvars_original/kujiale_grscene_MVUHLWYKTKJ5EAABAAAAACI8_usd__kujiale_grscene_MVUHLWYKTKJ5EAABAAAAACI8_usd__attempt_01__kujiale_grscene_MVUHLWYKTKJ5EAABAAAAACI8_usd_grscene_frontier_000000/milestone_090.pred_gt_match.png
grscene,kujiale_grscene_MVUHLWYKTKJ5EAABAAAAACI8_usd,kujiale_grscene_MVUHLWYKTKJ5EAABAAAAACI8_usd__kujiale_grscene_MVUHLWYKTKJ5EAABAAAAACI8_usd__attempt_01__kujiale_grscene_MVUHLWYKTKJ5EAABAAAAACI8_usd_grscene_frontier_000000,voxroom,milestone_090,coverage_milestone,0.9035951543571707,0.9,False,467,0.9162407849340534,0.9265333862601914,0.921358341531866,0.42497029337321107,91.62407849340534,92.65333862601915,92.13583415318661,42.49702933732111,9,5,22735,0,0,/media/echo/data/voxroom_roomseg_evaluation/grscene_union_fixed0p5_batch32_full7000_20260815_0015/grscene/kujiale_grscene_MVUHLWYKTKJ5EAABAAAAACI8_usd/attempt_01/roomseg_coverage_eval/events/milestone_090/voxroom/roomseg_snapshots/roomseg_milestone_090_step_000467.npz,/media/echo/data/voxroom_roomseg_evaluation/grscene_all_available_gt_20260817/metrics_pr_f1_miou_excluding_training_grscenes_20260818_192125/match_visualizations/voxroom/kujiale_grscene_MVUHLWYKTKJ5EAABAAAAACI8_usd__kujiale_grscene_MVUHLWYKTKJ5EAABAAAAACI8_usd__attempt_01__kujiale_grscene_MVUHLWYKTKJ5EAABAAAAACI8_usd_grscene_frontier_000000/milestone_090.pred_gt_match.png
grscene,kujiale_grscene_MVUHLWYKTKJ5EAABAAAAACI8_usd,kujiale_grscene_MVUHLWYKTKJ5EAABAAAAACI8_usd__kujiale_grscene_MVUHLWYKTKJ5EAABAAAAACI8_usd__attempt_01__kujiale_grscene_MVUHLWYKTKJ5EAABAAAAACI8_usd_grscene_frontier_000000,tvars_original,final,terminal_forced,0.9992575224697148,,True,967,0.8573322833996563,0.9570273246134293,0.9044407931735414,0.24282711883036315,85.73322833996563,95.70273246134293,90.44407931735414,24.282711883036313,9,3,25021,0,0,/media/echo/data/voxroom_roomseg_evaluation/grscene_union_fixed0p5_batch32_full7000_20260815_0015/grscene/kujiale_grscene_MVUHLWYKTKJ5EAABAAAAACI8_usd/attempt_01/roomseg_coverage_eval/events/final/tvars_original/roomseg_snapshots/roomseg_final_step_000967.npz,/media/echo/data/voxroom_roomseg_evaluation/grscene_all_available_gt_20260817/metrics_pr_f1_miou_excluding_training_grscenes_20260818_192125/match_visualizations/tvars_original/kujiale_grscene_MVUHLWYKTKJ5EAABAAAAACI8_usd__kujiale_grscene_MVUHLWYKTKJ5EAABAAAAACI8_usd__attempt_01__kujiale_grscene_MVUHLWYKTKJ5EAABAAAAACI8_usd_grscene_frontier_000000/final.pred_gt_match.png
grscene,kujiale_grscene_MVUHLWYKTKJ5EAABAAAAACI8_usd,kujiale_grscene_MVUHLWYKTKJ5EAABAAAAACI8_usd__kujiale_grscene_MVUHLWYKTKJ5EAABAAAAACI8_usd__attempt_01__kujiale_grscene_MVUHLWYKTKJ5EAABAAAAACI8_usd_grscene_frontier_000000,voxroom,final,terminal_forced,0.9992575224697148,,True,967,0.9266531273416009,0.9298095848591006,0.9282286727111303,0.5249811032591207,92.66531273416008,92.98095848591007,92.82286727111303,52.49811032591207,9,6,25021,0,0,/media/echo/data/voxroom_roomseg_evaluation/grscene_union_fixed0p5_batch32_full7000_20260815_0015/grscene/kujiale_grscene_MVUHLWYKTKJ5EAABAAAAACI8_usd/attempt_01/roomseg_coverage_eval/events/final/voxroom/roomseg_snapshots/roomseg_final_step_000967.npz,/media/echo/data/voxroom_roomseg_evaluation/grscene_all_available_gt_20260817/metrics_pr_f1_miou_excluding_training_grscenes_20260818_192125/match_visualizations/voxroom/kujiale_grscene_MVUHLWYKTKJ5EAABAAAAACI8_usd__kujiale_grscene_MVUHLWYKTKJ5EAABAAAAACI8_usd__attempt_01__kujiale_grscene_MVUHLWYKTKJ5EAABAAAAACI8_usd_grscene_frontier_000000/final.pred_gt_match.png
grscene,kujiale_grscene_MVUHLWYKTKJ5EAABAAAAACQ8_usd,kujiale_grscene_MVUHLWYKTKJ5EAABAAAAACQ8_usd__kujiale_grscene_MVUHLWYKTKJ5EAABAAAAACQ8_usd__attempt_01__kujiale_grscene_MVUHLWYKTKJ5EAABAAAAACQ8_usd_grscene_frontier_000000,tvars_original,milestone_020,coverage_milestone,0.25288965584605866,0.2,False,0,1.0,0.9927555321390937,0.9963645977923193,0.9927555321390937,100.0,99.27555321390938,99.63645977923193,99.27555321390938,1,1,7592,2,0,/media/echo/data/voxroom_roomseg_evaluation/grscene_union_fixed0p5_batch32_full7000_20260815_0015/grscene/kujiale_grscene_MVUHLWYKTKJ5EAABAAAAACQ8_usd/attempt_01/roomseg_coverage_eval/events/milestone_020/tvars_original/roomseg_snapshots/roomseg_milestone_020_step_000000.npz,/media/echo/data/voxroom_roomseg_evaluation/grscene_all_available_gt_20260817/metrics_pr_f1_miou_excluding_training_grscenes_20260818_192125/match_visualizations/tvars_original/kujiale_grscene_MVUHLWYKTKJ5EAABAAAAACQ8_usd__kujiale_grscene_MVUHLWYKTKJ5EAABAAAAACQ8_usd__attempt_01__kujiale_grscene_MVUHLWYKTKJ5EAABAAAAACQ8_usd_grscene_frontier_000000/milestone_020.pred_gt_match.png
grscene,kujiale_grscene_MVUHLWYKTKJ5EAABAAAAACQ8_usd,kujiale_grscene_MVUHLWYKTKJ5EAABAAAAACQ8_usd__kujiale_grscene_MVUHLWYKTKJ5EAABAAAAACQ8_usd__attempt_01__kujiale_grscene_MVUHLWYKTKJ5EAABAAAAACQ8_usd_grscene_frontier_000000,voxroom,milestone_020,coverage_milestone,0.25288965584605866,0.2,False,0,1.0,0.9917017913593256,0.995833608888301,0.9917017913593256,100.0,99.17017913593256,99.5833608888301,99.17017913593256,1,1,7592,2,0,/media/echo/data/voxroom_roomseg_evaluation/grscene_union_fixed0p5_batch32_full7000_20260815_0015/grscene/kujiale_grscene_MVUHLWYKTKJ5EAABAAAAACQ8_usd/attempt_01/roomseg_coverage_eval/events/milestone_020/voxroom/roomseg_snapshots/roomseg_milestone_020_step_000000.npz,/media/echo/data/voxroom_roomseg_evaluation/grscene_all_available_gt_20260817/metrics_pr_f1_miou_excluding_training_grscenes_20260818_192125/match_visualizations/voxroom/kujiale_grscene_MVUHLWYKTKJ5EAABAAAAACQ8_usd__kujiale_grscene_MVUHLWYKTKJ5EAABAAAAACQ8_usd__attempt_01__kujiale_grscene_MVUHLWYKTKJ5EAABAAAAACQ8_usd_grscene_frontier_000000/milestone_020.pred_gt_match.png
grscene,kujiale_grscene_MVUHLWYKTKJ5EAABAAAAACQ8_usd,kujiale_grscene_MVUHLWYKTKJ5EAABAAAAACQ8_usd__kujiale_grscene_MVUHLWYKTKJ5EAABAAAAACQ8_usd__attempt_01__kujiale_grscene_MVUHLWYKTKJ5EAABAAAAACQ8_usd_grscene_frontier_000000,tvars_original,milestone_040,coverage_milestone,0.4008725946667535,0.4,False,54,0.746974697469747,0.9916216189808105,0.8520853884642591,0.2456447932320365,74.6974697469747,99.16216189808105,85.20853884642591,24.56447932320365,3,1,11985,3,0,/media/echo/data/voxroom_roomseg_evaluation/grscene_union_fixed0p5_batch32_full7000_20260815_0015/grscene/kujiale_grscene_MVUHLWYKTKJ5EAABAAAAACQ8_usd/attempt_01/roomseg_coverage_eval/events/milestone_040/tvars_original/roomseg_snapshots/roomseg_milestone_040_step_000054.npz,/media/echo/data/voxroom_roomseg_evaluation/grscene_all_available_gt_20260817/metrics_pr_f1_miou_excluding_training_grscenes_20260818_192125/match_visualizations/tvars_original/kujiale_grscene_MVUHLWYKTKJ5EAABAAAAACQ8_usd__kujiale_grscene_MVUHLWYKTKJ5EAABAAAAACQ8_usd__attempt_01__kujiale_grscene_MVUHLWYKTKJ5EAABAAAAACQ8_usd_grscene_frontier_000000/milestone_040.pred_gt_match.png
grscene,kujiale_grscene_MVUHLWYKTKJ5EAABAAAAACQ8_usd,kujiale_grscene_MVUHLWYKTKJ5EAABAAAAACQ8_usd__kujiale_grscene_MVUHLWYKTKJ5EAABAAAAACQ8_usd__attempt_01__kujiale_grscene_MVUHLWYKTKJ5EAABAAAAACQ8_usd_grscene_frontier_000000,voxroom,milestone_040,coverage_milestone,0.4008725946667535,0.4,False,54,0.9987468671679198,0.9876452425667949,0.9931650322741392,0.9864199563584314,99.87468671679198,98.7645242566795,99.31650322741392,98.64199563584314,3,3,11985,3,0,/media/echo/data/voxroom_roomseg_evaluation/grscene_union_fixed0p5_batch32_full7000_20260815_0015/grscene/kujiale_grscene_MVUHLWYKTKJ5EAABAAAAACQ8_usd/attempt_01/roomseg_coverage_eval/events/milestone_040/voxroom/roomseg_snapshots/roomseg_milestone_040_step_000054.npz,/media/echo/data/voxroom_roomseg_evaluation/grscene_all_available_gt_20260817/metrics_pr_f1_miou_excluding_training_grscenes_20260818_192125/match_visualizations/voxroom/kujiale_grscene_MVUHLWYKTKJ5EAABAAAAACQ8_usd__kujiale_grscene_MVUHLWYKTKJ5EAABAAAAACQ8_usd__attempt_01__kujiale_grscene_MVUHLWYKTKJ5EAABAAAAACQ8_usd_grscene_frontier_000000/milestone_040.pred_gt_match.png
grscene,kujiale_grscene_MVUHLWYKTKJ5EAABAAAAACQ8_usd,kujiale_grscene_MVUHLWYKTKJ5EAABAAAAACQ8_usd__kujiale_grscene_MVUHLWYKTKJ5EAABAAAAACQ8_usd__attempt_01__kujiale_grscene_MVUHLWYKTKJ5EAABAAAAACQ8_usd_grscene_frontier_000000,tvars_original,milestone_060,coverage_milestone,0.603815973691922,0.6,False,216,0.7939219015892846,0.9894969592417165,0.8809857569095668,0.33862746673389793,79.39219015892846,98.94969592417165,88.09857569095668,33.86274667338979,7,3,18277,0,0,/media/echo/data/voxroom_roomseg_evaluation/grscene_union_fixed0p5_batch32_full7000_20260815_0015/grscene/kujiale_grscene_MVUHLWYKTKJ5EAABAAAAACQ8_usd/attempt_01/roomseg_coverage_eval/events/milestone_060/tvars_original/roomseg_snapshots/roomseg_milestone_060_step_000216.npz,/media/echo/data/voxroom_roomseg_evaluation/grscene_all_available_gt_20260817/metrics_pr_f1_miou_excluding_training_grscenes_20260818_192125/match_visualizations/tvars_original/kujiale_grscene_MVUHLWYKTKJ5EAABAAAAACQ8_usd__kujiale_grscene_MVUHLWYKTKJ5EAABAAAAACQ8_usd__attempt_01__kujiale_grscene_MVUHLWYKTKJ5EAABAAAAACQ8_usd_grscene_frontier_000000/milestone_060.pred_gt_match.png
grscene,kujiale_grscene_MVUHLWYKTKJ5EAABAAAAACQ8_usd,kujiale_grscene_MVUHLWYKTKJ5EAABAAAAACQ8_usd__kujiale_grscene_MVUHLWYKTKJ5EAABAAAAACQ8_usd__attempt_01__kujiale_grscene_MVUHLWYKTKJ5EAABAAAAACQ8_usd_grscene_frontier_000000,voxroom,milestone_060,coverage_milestone,0.603815973691922,0.6,False,216,0.9349507375193327,0.978766606626356,0.9563570749086976,0.6494664998997157,93.49507375193326,97.8766606626356,95.63570749086976,64.94664998997158,7,5,18277,0,0,/media/echo/data/voxroom_roomseg_evaluation/grscene_union_fixed0p5_batch32_full7000_20260815_0015/grscene/kujiale_grscene_MVUHLWYKTKJ5EAABAAAAACQ8_usd/attempt_01/roomseg_coverage_eval/events/milestone_060/voxroom/roomseg_snapshots/roomseg_milestone_060_step_000216.npz,/media/echo/data/voxroom_roomseg_evaluation/grscene_all_available_gt_20260817/metrics_pr_f1_miou_excluding_training_grscenes_20260818_192125/match_visualizations/voxroom/kujiale_grscene_MVUHLWYKTKJ5EAABAAAAACQ8_usd__kujiale_grscene_MVUHLWYKTKJ5EAABAAAAACQ8_usd__attempt_01__kujiale_grscene_MVUHLWYKTKJ5EAABAAAAACQ8_usd_grscene_frontier_000000/milestone_060.pred_gt_match.png
grscene,kujiale_grscene_MVUHLWYKTKJ5EAABAAAAACQ8_usd,kujiale_grscene_MVUHLWYKTKJ5EAABAAAAACQ8_usd__kujiale_grscene_MVUHLWYKTKJ5EAABAAAAACQ8_usd__attempt_01__kujiale_grscene_MVUHLWYKTKJ5EAABAAAAACQ8_usd_grscene_frontier_000000,tvars_original,milestone_070,coverage_milestone,0.7008758506170025,0.7,False,433,0.9107087319506414,0.9803869511454717,0.944264179839778,0.6369630892830418,91.07087319506414,98.03869511454717,94.4264179839778,63.69630892830418,7,5,21220,0,0,/media/echo/data/voxroom_roomseg_evaluation/grscene_union_fixed0p5_batch32_full7000_20260815_0015/grscene/kujiale_grscene_MVUHLWYKTKJ5EAABAAAAACQ8_usd/attempt_01/roomseg_coverage_eval/events/milestone_070/tvars_original/roomseg_snapshots/roomseg_milestone_070_step_000433.npz,/media/echo/data/voxroom_roomseg_evaluation/grscene_all_available_gt_20260817/metrics_pr_f1_miou_excluding_training_grscenes_20260818_192125/match_visualizations/tvars_original/kujiale_grscene_MVUHLWYKTKJ5EAABAAAAACQ8_usd__kujiale_grscene_MVUHLWYKTKJ5EAABAAAAACQ8_usd__attempt_01__kujiale_grscene_MVUHLWYKTKJ5EAABAAAAACQ8_usd_grscene_frontier_000000/milestone_070.pred_gt_match.png
grscene,kujiale_grscene_MVUHLWYKTKJ5EAABAAAAACQ8_usd,kujiale_grscene_MVUHLWYKTKJ5EAABAAAAACQ8_usd__kujiale_grscene_MVUHLWYKTKJ5EAABAAAAACQ8_usd__attempt_01__kujiale_grscene_MVUHLWYKTKJ5EAABAAAAACQ8_usd_grscene_frontier_000000,voxroom,milestone_070,coverage_milestone,0.7008758506170025,0.7,False,433,0.9845642321067976,0.9722338765183339,0.9783602057291917,0.816746024708556,98.45642321067976,97.22338765183339,97.83602057291917,81.67460247085559,7,6,21220,0,0,/media/echo/data/voxroom_roomseg_evaluation/grscene_union_fixed0p5_batch32_full7000_20260815_0015/grscene/kujiale_grscene_MVUHLWYKTKJ5EAABAAAAACQ8_usd/attempt_01/roomseg_coverage_eval/events/milestone_070/voxroom/roomseg_snapshots/roomseg_milestone_070_step_000433.npz,/media/echo/data/voxroom_roomseg_evaluation/grscene_all_available_gt_20260817/metrics_pr_f1_miou_excluding_training_grscenes_20260818_192125/match_visualizations/voxroom/kujiale_grscene_MVUHLWYKTKJ5EAABAAAAACQ8_usd__kujiale_grscene_MVUHLWYKTKJ5EAABAAAAACQ8_usd__attempt_01__kujiale_grscene_MVUHLWYKTKJ5EAABAAAAACQ8_usd_grscene_frontier_000000/milestone_070.pred_gt_match.png
grscene,kujiale_grscene_MVUHLWYKTKJ5EAABAAAAACQ8_usd,kujiale_grscene_MVUHLWYKTKJ5EAABAAAAACQ8_usd__kujiale_grscene_MVUHLWYKTKJ5EAABAAAAACQ8_usd__attempt_01__kujiale_grscene_MVUHLWYKTKJ5EAABAAAAACQ8_usd_grscene_frontier_000000,tvars_original,milestone_080,coverage_milestone,0.801907986845961,0.8,False,683,0.9100872244952118,0.9806907086334735,0.9440707652343183,0.5572078643481996,91.00872244952119,98.06907086334735,94.40707652343183,55.720786434819956,8,5,24248,0,0,/media/echo/data/voxroom_roomseg_evaluation/grscene_union_fixed0p5_batch32_full7000_20260815_0015/grscene/kujiale_grscene_MVUHLWYKTKJ5EAABAAAAACQ8_usd/attempt_01/roomseg_coverage_eval/events/milestone_080/tvars_original/roomseg_snapshots/roomseg_milestone_080_step_000683.npz,/media/echo/data/voxroom_roomseg_evaluation/grscene_all_available_gt_20260817/metrics_pr_f1_miou_excluding_training_grscenes_20260818_192125/match_visualizations/tvars_original/kujiale_grscene_MVUHLWYKTKJ5EAABAAAAACQ8_usd__kujiale_grscene_MVUHLWYKTKJ5EAABAAAAACQ8_usd__attempt_01__kujiale_grscene_MVUHLWYKTKJ5EAABAAAAACQ8_usd_grscene_frontier_000000/milestone_080.pred_gt_match.png
grscene,kujiale_grscene_MVUHLWYKTKJ5EAABAAAAACQ8_usd,kujiale_grscene_MVUHLWYKTKJ5EAABAAAAACQ8_usd__kujiale_grscene_MVUHLWYKTKJ5EAABAAAAACQ8_usd__attempt_01__kujiale_grscene_MVUHLWYKTKJ5EAABAAAAACQ8_usd_grscene_frontier_000000,voxroom,milestone_080,coverage_milestone,0.801907986845961,0.8,False,683,0.9861045057567885,0.9713894996343762,0.9786916943767353,0.7125222281827212,98.61045057567885,97.13894996343761,97.86916943767353,71.25222281827212,8,7,24248,0,0,/media/echo/data/voxroom_roomseg_evaluation/grscene_union_fixed0p5_batch32_full7000_20260815_0015/grscene/kujiale_grscene_MVUHLWYKTKJ5EAABAAAAACQ8_usd/attempt_01/roomseg_coverage_eval/events/milestone_080/voxroom/roomseg_snapshots/roomseg_milestone_080_step_000683.npz,/media/echo/data/voxroom_roomseg_evaluation/grscene_all_available_gt_20260817/metrics_pr_f1_miou_excluding_training_grscenes_20260818_192125/match_visualizations/voxroom/kujiale_grscene_MVUHLWYKTKJ5EAABAAAAACQ8_usd__kujiale_grscene_MVUHLWYKTKJ5EAABAAAAACQ8_usd__attempt_01__kujiale_grscene_MVUHLWYKTKJ5EAABAAAAACQ8_usd_grscene_frontier_000000/milestone_080.pred_gt_match.png
grscene,kujiale_grscene_MVUHLWYKTKJ5EAABAAAAACQ8_usd,kujiale_grscene_MVUHLWYKTKJ5EAABAAAAACQ8_usd__kujiale_grscene_MVUHLWYKTKJ5EAABAAAAACQ8_usd__attempt_01__kujiale_grscene_MVUHLWYKTKJ5EAABAAAAACQ8_usd_grscene_frontier_000000,tvars_original,milestone_090,coverage_milestone,0.9065542278513984,0.9,False,1118,0.9520921255231722,0.961006503203007,0.956528545405278,0.7930562749628879,95.20921255231723,96.1006503203007,95.6528545405278,79.30562749628879,8,8,27315,0,0,/media/echo/data/voxroom_roomseg_evaluation/grscene_union_fixed0p5_batch32_full7000_20260815_0015/grscene/kujiale_grscene_MVUHLWYKTKJ5EAABAAAAACQ8_usd/attempt_01/roomseg_coverage_eval/events/milestone_090/tvars_original/roomseg_snapshots/roomseg_milestone_090_step_001118.npz,/media/echo/data/voxroom_roomseg_evaluation/grscene_all_available_gt_20260817/metrics_pr_f1_miou_excluding_training_grscenes_20260818_192125/match_visualizations/tvars_original/kujiale_grscene_MVUHLWYKTKJ5EAABAAAAACQ8_usd__kujiale_grscene_MVUHLWYKTKJ5EAABAAAAACQ8_usd__attempt_01__kujiale_grscene_MVUHLWYKTKJ5EAABAAAAACQ8_usd_grscene_frontier_000000/milestone_090.pred_gt_match.png
grscene,kujiale_grscene_MVUHLWYKTKJ5EAABAAAAACQ8_usd,kujiale_grscene_MVUHLWYKTKJ5EAABAAAAACQ8_usd__kujiale_grscene_MVUHLWYKTKJ5EAABAAAAACQ8_usd__attempt_01__kujiale_grscene_MVUHLWYKTKJ5EAABAAAAACQ8_usd_grscene_frontier_000000,voxroom,milestone_090,coverage_milestone,0.9065542278513984,0.9,False,1118,0.9817430041386785,0.9715919153187631,0.9766410831449606,0.8346151398621269,98.17430041386785,97.1591915318763,97.66410831449606,83.4615139862127,8,7,27315,0,0,/media/echo/data/voxroom_roomseg_evaluation/grscene_union_fixed0p5_batch32_full7000_20260815_0015/grscene/kujiale_grscene_MVUHLWYKTKJ5EAABAAAAACQ8_usd/attempt_01/roomseg_coverage_eval/events/milestone_090/voxroom/roomseg_snapshots/roomseg_milestone_090_step_001118.npz,/media/echo/data/voxroom_roomseg_evaluation/grscene_all_available_gt_20260817/metrics_pr_f1_miou_excluding_training_grscenes_20260818_192125/match_visualizations/voxroom/kujiale_grscene_MVUHLWYKTKJ5EAABAAAAACQ8_usd__kujiale_grscene_MVUHLWYKTKJ5EAABAAAAACQ8_usd__attempt_01__kujiale_grscene_MVUHLWYKTKJ5EAABAAAAACQ8_usd_grscene_frontier_000000/milestone_090.pred_gt_match.png
grscene,kujiale_grscene_MVUHLWYKTKJ5EAABAAAAACQ8_usd,kujiale_grscene_MVUHLWYKTKJ5EAABAAAAACQ8_usd__kujiale_grscene_MVUHLWYKTKJ5EAABAAAAACQ8_usd__attempt_01__kujiale_grscene_MVUHLWYKTKJ5EAABAAAAACQ8_usd_grscene_frontier_000000,tvars_original,final,terminal_forced,0.9982417868654967,,True,1501,0.9427124692099783,0.944865579899481,0.9437877965563315,0.880537296369938,94.27124692099783,94.4865579899481,94.37877965563315,88.05372963699381,8,9,30024,0,0,/media/echo/data/voxroom_roomseg_evaluation/grscene_union_fixed0p5_batch32_full7000_20260815_0015/grscene/kujiale_grscene_MVUHLWYKTKJ5EAABAAAAACQ8_usd/attempt_01/roomseg_coverage_eval/events/final/tvars_original/roomseg_snapshots/roomseg_final_step_001501.npz,/media/echo/data/voxroom_roomseg_evaluation/grscene_all_available_gt_20260817/metrics_pr_f1_miou_excluding_training_grscenes_20260818_192125/match_visualizations/tvars_original/kujiale_grscene_MVUHLWYKTKJ5EAABAAAAACQ8_usd__kujiale_grscene_MVUHLWYKTKJ5EAABAAAAACQ8_usd__attempt_01__kujiale_grscene_MVUHLWYKTKJ5EAABAAAAACQ8_usd_grscene_frontier_000000/final.pred_gt_match.png
grscene,kujiale_grscene_MVUHLWYKTKJ5EAABAAAAACQ8_usd,kujiale_grscene_MVUHLWYKTKJ5EAABAAAAACQ8_usd__kujiale_grscene_MVUHLWYKTKJ5EAABAAAAACQ8_usd__attempt_01__kujiale_grscene_MVUHLWYKTKJ5EAABAAAAACQ8_usd_grscene_frontier_000000,voxroom,final,terminal_forced,0.9982417868654967,,True,1501,0.9743873288707071,0.9903179108172089,0.9822880342165499,0.8430782129810415,97.43873288707071,99.03179108172088,98.22880342165499,84.30782129810414,8,7,30024,0,0,/media/echo/data/voxroom_roomseg_evaluation/grscene_union_fixed0p5_batch32_full7000_20260815_0015/grscene/kujiale_grscene_MVUHLWYKTKJ5EAABAAAAACQ8_usd/attempt_01/roomseg_coverage_eval/events/final/voxroom/roomseg_snapshots/roomseg_final_step_001501.npz,/media/echo/data/voxroom_roomseg_evaluation/grscene_all_available_gt_20260817/metrics_pr_f1_miou_excluding_training_grscenes_20260818_192125/match_visualizations/voxroom/kujiale_grscene_MVUHLWYKTKJ5EAABAAAAACQ8_usd__kujiale_grscene_MVUHLWYKTKJ5EAABAAAAACQ8_usd__attempt_01__kujiale_grscene_MVUHLWYKTKJ5EAABAAAAACQ8_usd_grscene_frontier_000000/final.pred_gt_match.png
grscene,kujiale_grscene_MVUHLWYKTKJ5EAABAAAAACY8_usd,kujiale_grscene_MVUHLWYKTKJ5EAABAAAAACY8_usd__kujiale_grscene_MVUHLWYKTKJ5EAABAAAAACY8_usd__attempt_01__kujiale_grscene_MVUHLWYKTKJ5EAABAAAAACY8_usd_grscene_frontier_000000,tvars_original,milestone_020,coverage_milestone,0.39965048331603953,0.2,False,0,0.8284219223354448,0.9981815176062159,0.9054132205964351,0.2748914781814028,82.84219223354448,99.81815176062159,90.54132205964352,27.48914781814028,3,1,7295,0,0,/media/echo/data/voxroom_roomseg_evaluation/grscene_union_fixed0p5_batch32_full7000_20260815_0015/grscene/kujiale_grscene_MVUHLWYKTKJ5EAABAAAAACY8_usd/attempt_01/roomseg_coverage_eval/events/milestone_020/tvars_original/roomseg_snapshots/roomseg_milestone_020_step_000000.npz,/media/echo/data/voxroom_roomseg_evaluation/grscene_all_available_gt_20260817/metrics_pr_f1_miou_excluding_training_grscenes_20260818_192125/match_visualizations/tvars_original/kujiale_grscene_MVUHLWYKTKJ5EAABAAAAACY8_usd__kujiale_grscene_MVUHLWYKTKJ5EAABAAAAACY8_usd__attempt_01__kujiale_grscene_MVUHLWYKTKJ5EAABAAAAACY8_usd_grscene_frontier_000000/milestone_020.pred_gt_match.png
grscene,kujiale_grscene_MVUHLWYKTKJ5EAABAAAAACY8_usd,kujiale_grscene_MVUHLWYKTKJ5EAABAAAAACY8_usd__kujiale_grscene_MVUHLWYKTKJ5EAABAAAAACY8_usd__attempt_01__kujiale_grscene_MVUHLWYKTKJ5EAABAAAAACY8_usd_grscene_frontier_000000,voxroom,milestone_020,coverage_milestone,0.39965048331603953,0.2,False,0,0.9731783408667359,0.9941037086019727,0.9835297364178232,0.9672820494687088,97.3178340866736,99.41037086019728,98.35297364178231,96.72820494687087,3,3,7295,0,0,/media/echo/data/voxroom_roomseg_evaluation/grscene_union_fixed0p5_batch32_full7000_20260815_0015/grscene/kujiale_grscene_MVUHLWYKTKJ5EAABAAAAACY8_usd/attempt_01/roomseg_coverage_eval/events/milestone_020/voxroom/roomseg_snapshots/roomseg_milestone_020_step_000000.npz,/media/echo/data/voxroom_roomseg_evaluation/grscene_all_available_gt_20260817/metrics_pr_f1_miou_excluding_training_grscenes_20260818_192125/match_visualizations/voxroom/kujiale_grscene_MVUHLWYKTKJ5EAABAAAAACY8_usd__kujiale_grscene_MVUHLWYKTKJ5EAABAAAAACY8_usd__attempt_01__kujiale_grscene_MVUHLWYKTKJ5EAABAAAAACY8_usd_grscene_frontier_000000/milestone_020.pred_gt_match.png
grscene,kujiale_grscene_MVUHLWYKTKJ5EAABAAAAACY8_usd,kujiale_grscene_MVUHLWYKTKJ5EAABAAAAACY8_usd__kujiale_grscene_MVUHLWYKTKJ5EAABAAAAACY8_usd__attempt_01__kujiale_grscene_MVUHLWYKTKJ5EAABAAAAACY8_usd_grscene_frontier_000000,tvars_original,milestone_040,coverage_milestone,0.40642236906777346,0.4,False,1,0.8272123593982924,0.9978298611111112,0.9045458613635834,0.2742507975019095,82.72123593982924,99.78298611111111,90.45458613635834,27.42507975019095,3,1,7419,0,0,/media/echo/data/voxroom_roomseg_evaluation/grscene_union_fixed0p5_batch32_full7000_20260815_0015/grscene/kujiale_grscene_MVUHLWYKTKJ5EAABAAAAACY8_usd/attempt_01/roomseg_coverage_eval/events/milestone_040/tvars_original/roomseg_snapshots/roomseg_milestone_040_step_000001.npz,/media/echo/data/voxroom_roomseg_evaluation/grscene_all_available_gt_20260817/metrics_pr_f1_miou_excluding_training_grscenes_20260818_192125/match_visualizations/tvars_original/kujiale_grscene_MVUHLWYKTKJ5EAABAAAAACY8_usd__kujiale_grscene_MVUHLWYKTKJ5EAABAAAAACY8_usd__attempt_01__kujiale_grscene_MVUHLWYKTKJ5EAABAAAAACY8_usd_grscene_frontier_000000/milestone_040.pred_gt_match.png
grscene,kujiale_grscene_MVUHLWYKTKJ5EAABAAAAACY8_usd,kujiale_grscene_MVUHLWYKTKJ5EAABAAAAACY8_usd__kujiale_grscene_MVUHLWYKTKJ5EAABAAAAACY8_usd__attempt_01__kujiale_grscene_MVUHLWYKTKJ5EAABAAAAACY8_usd_grscene_frontier_000000,voxroom,milestone_040,coverage_milestone,0.40642236906777346,0.4,False,1,0.9732932475298366,0.9938151041666666,0.9834471287200496,0.9671083516965032,97.32932475298367,99.38151041666666,98.34471287200496,96.71083516965032,3,3,7419,0,0,/media/echo/data/voxroom_roomseg_evaluation/grscene_union_fixed0p5_batch32_full7000_20260815_0015/grscene/kujiale_grscene_MVUHLWYKTKJ5EAABAAAAACY8_usd/attempt_01/roomseg_coverage_eval/events/milestone_040/voxroom/roomseg_snapshots/roomseg_milestone_040_step_000001.npz,/media/echo/data/voxroom_roomseg_evaluation/grscene_all_available_gt_20260817/metrics_pr_f1_miou_excluding_training_grscenes_20260818_192125/match_visualizations/voxroom/kujiale_grscene_MVUHLWYKTKJ5EAABAAAAACY8_usd__kujiale_grscene_MVUHLWYKTKJ5EAABAAAAACY8_usd__attempt_01__kujiale_grscene_MVUHLWYKTKJ5EAABAAAAACY8_usd_grscene_frontier_000000/milestone_040.pred_gt_match.png
grscene,kujiale_grscene_MVUHLWYKTKJ5EAABAAAAACY8_usd,kujiale_grscene_MVUHLWYKTKJ5EAABAAAAACY8_usd__kujiale_grscene_MVUHLWYKTKJ5EAABAAAAACY8_usd__attempt_01__kujiale_grscene_MVUHLWYKTKJ5EAABAAAAACY8_usd_grscene_frontier_000000,tvars_original,milestone_060,coverage_milestone,0.601387144339468,0.6,False,57,0.6602510460251046,0.9881685478960216,0.7915937420344386,0.163980232772954,66.02510460251047,98.81685478960216,79.15937420344386,16.3980232772954,4,1,10928,0,0,/media/echo/data/voxroom_roomseg_evaluation/grscene_union_fixed0p5_batch32_full7000_20260815_0015/grscene/kujiale_grscene_MVUHLWYKTKJ5EAABAAAAACY8_usd/attempt_01/roomseg_coverage_eval/events/milestone_060/tvars_original/roomseg_snapshots/roomseg_milestone_060_step_000057.npz,/media/echo/data/voxroom_roomseg_evaluation/grscene_all_available_gt_20260817/metrics_pr_f1_miou_excluding_training_grscenes_20260818_192125/match_visualizations/tvars_original/kujiale_grscene_MVUHLWYKTKJ5EAABAAAAACY8_usd__kujiale_grscene_MVUHLWYKTKJ5EAABAAAAACY8_usd__attempt_01__kujiale_grscene_MVUHLWYKTKJ5EAABAAAAACY8_usd_grscene_frontier_000000/milestone_060.pred_gt_match.png
grscene,kujiale_grscene_MVUHLWYKTKJ5EAABAAAAACY8_usd,kujiale_grscene_MVUHLWYKTKJ5EAABAAAAACY8_usd__kujiale_grscene_MVUHLWYKTKJ5EAABAAAAACY8_usd__attempt_01__kujiale_grscene_MVUHLWYKTKJ5EAABAAAAACY8_usd_grscene_frontier_000000,voxroom,milestone_060,coverage_milestone,0.601387144339468,0.6,False,57,0.9806330436115877,0.9842664635340386,0.9824463941795502,0.9649075077005289,98.06330436115877,98.42664635340385,98.24463941795501,96.4907507700529,4,4,10928,0,0,/media/echo/data/voxroom_roomseg_evaluation/grscene_union_fixed0p5_batch32_full7000_20260815_0015/grscene/kujiale_grscene_MVUHLWYKTKJ5EAABAAAAACY8_usd/attempt_01/roomseg_coverage_eval/events/milestone_060/voxroom/roomseg_snapshots/roomseg_milestone_060_step_000057.npz,/media/echo/data/voxroom_roomseg_evaluation/grscene_all_available_gt_20260817/metrics_pr_f1_miou_excluding_training_grscenes_20260818_192125/match_visualizations/voxroom/kujiale_grscene_MVUHLWYKTKJ5EAABAAAAACY8_usd__kujiale_grscene_MVUHLWYKTKJ5EAABAAAAACY8_usd__attempt_01__kujiale_grscene_MVUHLWYKTKJ5EAABAAAAACY8_usd_grscene_frontier_000000/milestone_060.pred_gt_match.png
grscene,kujiale_grscene_MVUHLWYKTKJ5EAABAAAAACY8_usd,kujiale_grscene_MVUHLWYKTKJ5EAABAAAAACY8_usd__kujiale_grscene_MVUHLWYKTKJ5EAABAAAAACY8_usd__attempt_01__kujiale_grscene_MVUHLWYKTKJ5EAABAAAAACY8_usd_grscene_frontier_000000,tvars_original,milestone_070,coverage_milestone,0.7074436131287204,0.7,False,73,0.7116704805491991,0.9883637315511036,0.8275001606248538,0.17675995609909062,71.16704805491992,98.83637315511035,82.75001606248537,17.675995609909062,4,1,12858,0,0,/media/echo/data/voxroom_roomseg_evaluation/grscene_union_fixed0p5_batch32_full7000_20260815_0015/grscene/kujiale_grscene_MVUHLWYKTKJ5EAABAAAAACY8_usd/attempt_01/roomseg_coverage_eval/events/milestone_070/tvars_original/roomseg_snapshots/roomseg_milestone_070_step_000073.npz,/media/echo/data/voxroom_roomseg_evaluation/grscene_all_available_gt_20260817/metrics_pr_f1_miou_excluding_training_grscenes_20260818_192125/match_visualizations/tvars_original/kujiale_grscene_MVUHLWYKTKJ5EAABAAAAACY8_usd__kujiale_grscene_MVUHLWYKTKJ5EAABAAAAACY8_usd__attempt_01__kujiale_grscene_MVUHLWYKTKJ5EAABAAAAACY8_usd_grscene_frontier_000000/milestone_070.pred_gt_match.png
grscene,kujiale_grscene_MVUHLWYKTKJ5EAABAAAAACY8_usd,kujiale_grscene_MVUHLWYKTKJ5EAABAAAAACY8_usd__kujiale_grscene_MVUHLWYKTKJ5EAABAAAAACY8_usd__attempt_01__kujiale_grscene_MVUHLWYKTKJ5EAABAAAAACY8_usd_grscene_frontier_000000,voxroom,milestone_070,coverage_milestone,0.7074436131287204,0.7,False,73,0.9806330436115877,0.9851416458116597,0.9828821743597242,0.9657826899781501,98.06330436115877,98.51416458116597,98.28821743597243,96.578268997815,4,4,12858,0,0,/media/echo/data/voxroom_roomseg_evaluation/grscene_union_fixed0p5_batch32_full7000_20260815_0015/grscene/kujiale_grscene_MVUHLWYKTKJ5EAABAAAAACY8_usd/attempt_01/roomseg_coverage_eval/events/milestone_070/voxroom/roomseg_snapshots/roomseg_milestone_070_step_000073.npz,/media/echo/data/voxroom_roomseg_evaluation/grscene_all_available_gt_20260817/metrics_pr_f1_miou_excluding_training_grscenes_20260818_192125/match_visualizations/voxroom/kujiale_grscene_MVUHLWYKTKJ5EAABAAAAACY8_usd__kujiale_grscene_MVUHLWYKTKJ5EAABAAAAACY8_usd__attempt_01__kujiale_grscene_MVUHLWYKTKJ5EAABAAAAACY8_usd_grscene_frontier_000000/milestone_070.pred_gt_match.png
grscene,kujiale_grscene_MVUHLWYKTKJ5EAABAAAAACY8_usd,kujiale_grscene_MVUHLWYKTKJ5EAABAAAAACY8_usd__kujiale_grscene_MVUHLWYKTKJ5EAABAAAAACY8_usd__attempt_01__kujiale_grscene_MVUHLWYKTKJ5EAABAAAAACY8_usd_grscene_frontier_000000,tvars_original,milestone_080,coverage_milestone,0.8023046256348643,0.8,False,128,0.7135608535483422,0.9885186676015578,0.8288311038789787,0.17730569948186528,71.35608535483422,98.85186676015579,82.88311038789787,17.730569948186528,4,1,14577,0,0,/media/echo/data/voxroom_roomseg_evaluation/grscene_union_fixed0p5_batch32_full7000_20260815_0015/grscene/kujiale_grscene_MVUHLWYKTKJ5EAABAAAAACY8_usd/attempt_01/roomseg_coverage_eval/events/milestone_080/tvars_original/roomseg_snapshots/roomseg_milestone_080_step_000128.npz,/media/echo/data/voxroom_roomseg_evaluation/grscene_all_available_gt_20260817/metrics_pr_f1_miou_excluding_training_grscenes_20260818_192125/match_visualizations/tvars_original/kujiale_grscene_MVUHLWYKTKJ5EAABAAAAACY8_usd__kujiale_grscene_MVUHLWYKTKJ5EAABAAAAACY8_usd__attempt_01__kujiale_grscene_MVUHLWYKTKJ5EAABAAAAACY8_usd_grscene_frontier_000000/milestone_080.pred_gt_match.png
grscene,kujiale_grscene_MVUHLWYKTKJ5EAABAAAAACY8_usd,kujiale_grscene_MVUHLWYKTKJ5EAABAAAAACY8_usd__kujiale_grscene_MVUHLWYKTKJ5EAABAAAAACY8_usd__attempt_01__kujiale_grscene_MVUHLWYKTKJ5EAABAAAAACY8_usd_grscene_frontier_000000,voxroom,milestone_080,coverage_milestone,0.8023046256348643,0.8,False,128,0.9924638544738491,0.9862973038773932,0.9893709705510284,0.978818645733764,99.24638544738491,98.62973038773933,98.93709705510284,97.8818645733764,4,4,14577,0,0,/media/echo/data/voxroom_roomseg_evaluation/grscene_union_fixed0p5_batch32_full7000_20260815_0015/grscene/kujiale_grscene_MVUHLWYKTKJ5EAABAAAAACY8_usd/attempt_01/roomseg_coverage_eval/events/milestone_080/voxroom/roomseg_snapshots/roomseg_milestone_080_step_000128.npz,/media/echo/data/voxroom_roomseg_evaluation/grscene_all_available_gt_20260817/metrics_pr_f1_miou_excluding_training_grscenes_20260818_192125/match_visualizations/voxroom/kujiale_grscene_MVUHLWYKTKJ5EAABAAAAACY8_usd__kujiale_grscene_MVUHLWYKTKJ5EAABAAAAACY8_usd__attempt_01__kujiale_grscene_MVUHLWYKTKJ5EAABAAAAACY8_usd_grscene_frontier_000000/milestone_080.pred_gt_match.png
grscene,kujiale_grscene_MVUHLWYKTKJ5EAABAAAAACY8_usd,kujiale_grscene_MVUHLWYKTKJ5EAABAAAAACY8_usd__kujiale_grscene_MVUHLWYKTKJ5EAABAAAAACY8_usd__attempt_01__kujiale_grscene_MVUHLWYKTKJ5EAABAAAAACY8_usd_grscene_frontier_000000,tvars_original,milestone_090,coverage_milestone,0.9062858391131015,0.9,False,224,0.6736932938856016,0.9880562126584853,0.8011398129846443,0.16746338174909603,67.36932938856016,98.80562126584853,80.11398129846444,16.746338174909603,4,1,16423,0,0,/media/echo/data/voxroom_roomseg_evaluation/grscene_union_fixed0p5_batch32_full7000_20260815_0015/grscene/kujiale_grscene_MVUHLWYKTKJ5EAABAAAAACY8_usd/attempt_01/roomseg_coverage_eval/events/milestone_090/tvars_original/roomseg_snapshots/roomseg_milestone_090_step_000224.npz,/media/echo/data/voxroom_roomseg_evaluation/grscene_all_available_gt_20260817/metrics_pr_f1_miou_excluding_training_grscenes_20260818_192125/match_visualizations/tvars_original/kujiale_grscene_MVUHLWYKTKJ5EAABAAAAACY8_usd__kujiale_grscene_MVUHLWYKTKJ5EAABAAAAACY8_usd__attempt_01__kujiale_grscene_MVUHLWYKTKJ5EAABAAAAACY8_usd_grscene_frontier_000000/milestone_090.pred_gt_match.png
grscene,kujiale_grscene_MVUHLWYKTKJ5EAABAAAAACY8_usd,kujiale_grscene_MVUHLWYKTKJ5EAABAAAAACY8_usd__kujiale_grscene_MVUHLWYKTKJ5EAABAAAAACY8_usd__attempt_01__kujiale_grscene_MVUHLWYKTKJ5EAABAAAAACY8_usd_grscene_frontier_000000,voxroom,milestone_090,coverage_milestone,0.9062858391131015,0.9,False,224,0.9962360939605037,0.9652176024797681,0.9804815845120283,0.960578781343467,99.62360939605037,96.5217602479768,98.04815845120282,96.0578781343467,4,5,16423,0,0,/media/echo/data/voxroom_roomseg_evaluation/grscene_union_fixed0p5_batch32_full7000_20260815_0015/grscene/kujiale_grscene_MVUHLWYKTKJ5EAABAAAAACY8_usd/attempt_01/roomseg_coverage_eval/events/milestone_090/voxroom/roomseg_snapshots/roomseg_milestone_090_step_000224.npz,/media/echo/data/voxroom_roomseg_evaluation/grscene_all_available_gt_20260817/metrics_pr_f1_miou_excluding_training_grscenes_20260818_192125/match_visualizations/voxroom/kujiale_grscene_MVUHLWYKTKJ5EAABAAAAACY8_usd__kujiale_grscene_MVUHLWYKTKJ5EAABAAAAACY8_usd__attempt_01__kujiale_grscene_MVUHLWYKTKJ5EAABAAAAACY8_usd_grscene_frontier_000000/milestone_090.pred_gt_match.png
grscene,kujiale_grscene_MVUHLWYKTKJ5EAABAAAAACY8_usd,kujiale_grscene_MVUHLWYKTKJ5EAABAAAAACY8_usd__kujiale_grscene_MVUHLWYKTKJ5EAABAAAAACY8_usd__attempt_01__kujiale_grscene_MVUHLWYKTKJ5EAABAAAAACY8_usd_grscene_frontier_000000,tvars_original,final,terminal_forced,0.9967232810878707,,True,578,0.8806137416909846,0.9770960627345779,0.9263494413889802,0.4040676563093575,88.06137416909846,97.7096062734578,92.63494413889802,40.40676563093575,4,3,17975,0,0,/media/echo/data/voxroom_roomseg_evaluation/grscene_union_fixed0p5_batch32_full7000_20260815_0015/grscene/kujiale_grscene_MVUHLWYKTKJ5EAABAAAAACY8_usd/attempt_01/roomseg_coverage_eval/events/final/tvars_original/roomseg_snapshots/roomseg_final_step_000578.npz,/media/echo/data/voxroom_roomseg_evaluation/grscene_all_available_gt_20260817/metrics_pr_f1_miou_excluding_training_grscenes_20260818_192125/match_visualizations/tvars_original/kujiale_grscene_MVUHLWYKTKJ5EAABAAAAACY8_usd__kujiale_grscene_MVUHLWYKTKJ5EAABAAAAACY8_usd__attempt_01__kujiale_grscene_MVUHLWYKTKJ5EAABAAAAACY8_usd_grscene_frontier_000000/final.pred_gt_match.png
grscene,kujiale_grscene_MVUHLWYKTKJ5EAABAAAAACY8_usd,kujiale_grscene_MVUHLWYKTKJ5EAABAAAAACY8_usd__kujiale_grscene_MVUHLWYKTKJ5EAABAAAAACY8_usd__attempt_01__kujiale_grscene_MVUHLWYKTKJ5EAABAAAAACY8_usd_grscene_frontier_000000,voxroom,final,terminal_forced,0.9967232810878707,,True,578,1.0,0.9456436987556135,0.9720625614653128,0.9456436987556135,100.0,94.56436987556135,97.20625614653127,94.56436987556135,4,6,17975,0,0,/media/echo/data/voxroom_roomseg_evaluation/grscene_union_fixed0p5_batch32_full7000_20260815_0015/grscene/kujiale_grscene_MVUHLWYKTKJ5EAABAAAAACY8_usd/attempt_01/roomseg_coverage_eval/events/final/voxroom/roomseg_snapshots/roomseg_final_step_000578.npz,/media/echo/data/voxroom_roomseg_evaluation/grscene_all_available_gt_20260817/metrics_pr_f1_miou_excluding_training_grscenes_20260818_192125/match_visualizations/voxroom/kujiale_grscene_MVUHLWYKTKJ5EAABAAAAACY8_usd__kujiale_grscene_MVUHLWYKTKJ5EAABAAAAACY8_usd__attempt_01__kujiale_grscene_MVUHLWYKTKJ5EAABAAAAACY8_usd_grscene_frontier_000000/final.pred_gt_match.png
grscene,kujiale_grscene_MVUHLWYKTKJ5EAABAAAAADI8_usd,kujiale_grscene_MVUHLWYKTKJ5EAABAAAAADI8_usd__kujiale_grscene_MVUHLWYKTKJ5EAABAAAAADI8_usd__attempt_01__kujiale_grscene_MVUHLWYKTKJ5EAABAAAAADI8_usd_grscene_frontier_000000,tvars_original,milestone_020,coverage_milestone,0.7982076637824475,0.2,False,0,0.6114905584572118,0.9948658717829739,0.7574297659898928,0.3044,61.14905584572118,99.4865871782974,75.74297659898927,30.44,2,1,2503,0,0,/media/echo/data/voxroom_roomseg_evaluation/grscene_union_fixed0p5_batch32_full7000_20260815_0015/grscene/kujiale_grscene_MVUHLWYKTKJ5EAABAAAAADI8_usd/attempt_01/roomseg_coverage_eval/events/milestone_020/tvars_original/roomseg_snapshots/roomseg_milestone_020_step_000000.npz,/media/echo/data/voxroom_roomseg_evaluation/grscene_all_available_gt_20260817/metrics_pr_f1_miou_excluding_training_grscenes_20260818_192125/match_visualizations/tvars_original/kujiale_grscene_MVUHLWYKTKJ5EAABAAAAADI8_usd__kujiale_grscene_MVUHLWYKTKJ5EAABAAAAADI8_usd__attempt_01__kujiale_grscene_MVUHLWYKTKJ5EAABAAAAADI8_usd_grscene_frontier_000000/milestone_020.pred_gt_match.png
grscene,kujiale_grscene_MVUHLWYKTKJ5EAABAAAAADI8_usd,kujiale_grscene_MVUHLWYKTKJ5EAABAAAAADI8_usd__kujiale_grscene_MVUHLWYKTKJ5EAABAAAAADI8_usd__attempt_01__kujiale_grscene_MVUHLWYKTKJ5EAABAAAAADI8_usd_grscene_frontier_000000,voxroom,milestone_020,coverage_milestone,0.7982076637824475,0.2,False,0,0.6114905584572118,0.9948658717829739,0.7574297659898928,0.3044,61.14905584572118,99.4865871782974,75.74297659898927,30.44,2,1,2503,0,0,/media/echo/data/voxroom_roomseg_evaluation/grscene_union_fixed0p5_batch32_full7000_20260815_0015/grscene/kujiale_grscene_MVUHLWYKTKJ5EAABAAAAADI8_usd/attempt_01/roomseg_coverage_eval/events/milestone_020/voxroom/roomseg_snapshots/roomseg_milestone_020_step_000000.npz,/media/echo/data/voxroom_roomseg_evaluation/grscene_all_available_gt_20260817/metrics_pr_f1_miou_excluding_training_grscenes_20260818_192125/match_visualizations/voxroom/kujiale_grscene_MVUHLWYKTKJ5EAABAAAAADI8_usd__kujiale_grscene_MVUHLWYKTKJ5EAABAAAAADI8_usd__attempt_01__kujiale_grscene_MVUHLWYKTKJ5EAABAAAAADI8_usd_grscene_frontier_000000/milestone_020.pred_gt_match.png
grscene,kujiale_grscene_MVUHLWYKTKJ5EAABAAAAADI8_usd,kujiale_grscene_MVUHLWYKTKJ5EAABAAAAADI8_usd__kujiale_grscene_MVUHLWYKTKJ5EAABAAAAADI8_usd__attempt_01__kujiale_grscene_MVUHLWYKTKJ5EAABAAAAADI8_usd_grscene_frontier_000000,tvars_original,milestone_040,coverage_milestone,0.7982076637824475,0.4,False,0,0.6114905584572118,0.9948658717829739,0.7574297659898928,0.3044,61.14905584572118,99.4865871782974,75.74297659898927,30.44,2,1,2503,0,0,/media/echo/data/voxroom_roomseg_evaluation/grscene_union_fixed0p5_batch32_full7000_20260815_0015/grscene/kujiale_grscene_MVUHLWYKTKJ5EAABAAAAADI8_usd/attempt_01/roomseg_coverage_eval/events/milestone_040/tvars_original/roomseg_snapshots/roomseg_milestone_040_step_000000.npz,/media/echo/data/voxroom_roomseg_evaluation/grscene_all_available_gt_20260817/metrics_pr_f1_miou_excluding_training_grscenes_20260818_192125/match_visualizations/tvars_original/kujiale_grscene_MVUHLWYKTKJ5EAABAAAAADI8_usd__kujiale_grscene_MVUHLWYKTKJ5EAABAAAAADI8_usd__attempt_01__kujiale_grscene_MVUHLWYKTKJ5EAABAAAAADI8_usd_grscene_frontier_000000/milestone_040.pred_gt_match.png
grscene,kujiale_grscene_MVUHLWYKTKJ5EAABAAAAADI8_usd,kujiale_grscene_MVUHLWYKTKJ5EAABAAAAADI8_usd__kujiale_grscene_MVUHLWYKTKJ5EAABAAAAADI8_usd__attempt_01__kujiale_grscene_MVUHLWYKTKJ5EAABAAAAADI8_usd_grscene_frontier_000000,voxroom,milestone_040,coverage_milestone,0.7982076637824475,0.4,False,0,0.6114905584572118,0.9948658717829739,0.7574297659898928,0.3044,61.14905584572118,99.4865871782974,75.74297659898927,30.44,2,1,2503,0,0,/media/echo/data/voxroom_roomseg_evaluation/grscene_union_fixed0p5_batch32_full7000_20260815_0015/grscene/kujiale_grscene_MVUHLWYKTKJ5EAABAAAAADI8_usd/attempt_01/roomseg_coverage_eval/events/milestone_040/voxroom/roomseg_snapshots/roomseg_milestone_040_step_000000.npz,/media/echo/data/voxroom_roomseg_evaluation/grscene_all_available_gt_20260817/metrics_pr_f1_miou_excluding_training_grscenes_20260818_192125/match_visualizations/voxroom/kujiale_grscene_MVUHLWYKTKJ5EAABAAAAADI8_usd__kujiale_grscene_MVUHLWYKTKJ5EAABAAAAADI8_usd__attempt_01__kujiale_grscene_MVUHLWYKTKJ5EAABAAAAADI8_usd_grscene_frontier_000000/milestone_040.pred_gt_match.png
grscene,kujiale_grscene_MVUHLWYKTKJ5EAABAAAAADI8_usd,kujiale_grscene_MVUHLWYKTKJ5EAABAAAAADI8_usd__kujiale_grscene_MVUHLWYKTKJ5EAABAAAAADI8_usd__attempt_01__kujiale_grscene_MVUHLWYKTKJ5EAABAAAAADI8_usd_grscene_frontier_000000,tvars_original,milestone_060,coverage_milestone,0.7982076637824475,0.6,False,0,0.6114905584572118,0.9948658717829739,0.7574297659898928,0.3044,61.14905584572118,99.4865871782974,75.74297659898927,30.44,2,1,2503,0,0,/media/echo/data/voxroom_roomseg_evaluation/grscene_union_fixed0p5_batch32_full7000_20260815_0015/grscene/kujiale_grscene_MVUHLWYKTKJ5EAABAAAAADI8_usd/attempt_01/roomseg_coverage_eval/events/milestone_060/tvars_original/roomseg_snapshots/roomseg_milestone_060_step_000000.npz,/media/echo/data/voxroom_roomseg_evaluation/grscene_all_available_gt_20260817/metrics_pr_f1_miou_excluding_training_grscenes_20260818_192125/match_visualizations/tvars_original/kujiale_grscene_MVUHLWYKTKJ5EAABAAAAADI8_usd__kujiale_grscene_MVUHLWYKTKJ5EAABAAAAADI8_usd__attempt_01__kujiale_grscene_MVUHLWYKTKJ5EAABAAAAADI8_usd_grscene_frontier_000000/milestone_060.pred_gt_match.png
grscene,kujiale_grscene_MVUHLWYKTKJ5EAABAAAAADI8_usd,kujiale_grscene_MVUHLWYKTKJ5EAABAAAAADI8_usd__kujiale_grscene_MVUHLWYKTKJ5EAABAAAAADI8_usd__attempt_01__kujiale_grscene_MVUHLWYKTKJ5EAABAAAAADI8_usd_grscene_frontier_000000,voxroom,milestone_060,coverage_milestone,0.7982076637824475,0.6,False,0,0.6114905584572118,0.9948658717829739,0.7574297659898928,0.3044,61.14905584572118,99.4865871782974,75.74297659898927,30.44,2,1,2503,0,0,/media/echo/data/voxroom_roomseg_evaluation/grscene_union_fixed0p5_batch32_full7000_20260815_0015/grscene/kujiale_grscene_MVUHLWYKTKJ5EAABAAAAADI8_usd/attempt_01/roomseg_coverage_eval/events/milestone_060/voxroom/roomseg_snapshots/roomseg_milestone_060_step_000000.npz,/media/echo/data/voxroom_roomseg_evaluation/grscene_all_available_gt_20260817/metrics_pr_f1_miou_excluding_training_grscenes_20260818_192125/match_visualizations/voxroom/kujiale_grscene_MVUHLWYKTKJ5EAABAAAAADI8_usd__kujiale_grscene_MVUHLWYKTKJ5EAABAAAAADI8_usd__attempt_01__kujiale_grscene_MVUHLWYKTKJ5EAABAAAAADI8_usd_grscene_frontier_000000/milestone_060.pred_gt_match.png
grscene,kujiale_grscene_MVUHLWYKTKJ5EAABAAAAADI8_usd,kujiale_grscene_MVUHLWYKTKJ5EAABAAAAADI8_usd__kujiale_grscene_MVUHLWYKTKJ5EAABAAAAADI8_usd__attempt_01__kujiale_grscene_MVUHLWYKTKJ5EAABAAAAADI8_usd_grscene_frontier_000000,tvars_original,milestone_070,coverage_milestone,0.7982076637824475,0.7,False,0,0.6114905584572118,0.9948658717829739,0.7574297659898928,0.3044,61.14905584572118,99.4865871782974,75.74297659898927,30.44,2,1,2503,0,0,/media/echo/data/voxroom_roomseg_evaluation/grscene_union_fixed0p5_batch32_full7000_20260815_0015/grscene/kujiale_grscene_MVUHLWYKTKJ5EAABAAAAADI8_usd/attempt_01/roomseg_coverage_eval/events/milestone_070/tvars_original/roomseg_snapshots/roomseg_milestone_070_step_000000.npz,/media/echo/data/voxroom_roomseg_evaluation/grscene_all_available_gt_20260817/metrics_pr_f1_miou_excluding_training_grscenes_20260818_192125/match_visualizations/tvars_original/kujiale_grscene_MVUHLWYKTKJ5EAABAAAAADI8_usd__kujiale_grscene_MVUHLWYKTKJ5EAABAAAAADI8_usd__attempt_01__kujiale_grscene_MVUHLWYKTKJ5EAABAAAAADI8_usd_grscene_frontier_000000/milestone_070.pred_gt_match.png
grscene,kujiale_grscene_MVUHLWYKTKJ5EAABAAAAADI8_usd,kujiale_grscene_MVUHLWYKTKJ5EAABAAAAADI8_usd__kujiale_grscene_MVUHLWYKTKJ5EAABAAAAADI8_usd__attempt_01__kujiale_grscene_MVUHLWYKTKJ5EAABAAAAADI8_usd_grscene_frontier_000000,voxroom,milestone_070,coverage_milestone,0.7982076637824475,0.7,False,0,0.6114905584572118,0.9948658717829739,0.7574297659898928,0.3044,61.14905584572118,99.4865871782974,75.74297659898927,30.44,2,1,2503,0,0,/media/echo/data/voxroom_roomseg_evaluation/grscene_union_fixed0p5_batch32_full7000_20260815_0015/grscene/kujiale_grscene_MVUHLWYKTKJ5EAABAAAAADI8_usd/attempt_01/roomseg_coverage_eval/events/milestone_070/voxroom/roomseg_snapshots/roomseg_milestone_070_step_000000.npz,/media/echo/data/voxroom_roomseg_evaluation/grscene_all_available_gt_20260817/metrics_pr_f1_miou_excluding_training_grscenes_20260818_192125/match_visualizations/voxroom/kujiale_grscene_MVUHLWYKTKJ5EAABAAAAADI8_usd__kujiale_grscene_MVUHLWYKTKJ5EAABAAAAADI8_usd__attempt_01__kujiale_grscene_MVUHLWYKTKJ5EAABAAAAADI8_usd_grscene_frontier_000000/milestone_070.pred_gt_match.png
grscene,kujiale_grscene_MVUHLWYKTKJ5EAABAAAAADI8_usd,kujiale_grscene_MVUHLWYKTKJ5EAABAAAAADI8_usd__kujiale_grscene_MVUHLWYKTKJ5EAABAAAAADI8_usd__attempt_01__kujiale_grscene_MVUHLWYKTKJ5EAABAAAAADI8_usd_grscene_frontier_000000,tvars_original,milestone_080,coverage_milestone,0.8300370828182941,0.8,False,1,0.6264967168791039,0.9941748796410657,0.7686286344946806,0.31156358048405686,62.64967168791039,99.41748796410657,76.86286344946805,31.156358048405686,2,1,2606,0,0,/media/echo/data/voxroom_roomseg_evaluation/grscene_union_fixed0p5_batch32_full7000_20260815_0015/grscene/kujiale_grscene_MVUHLWYKTKJ5EAABAAAAADI8_usd/attempt_01/roomseg_coverage_eval/events/milestone_080/tvars_original/roomseg_snapshots/roomseg_milestone_080_step_000001.npz,/media/echo/data/voxroom_roomseg_evaluation/grscene_all_available_gt_20260817/metrics_pr_f1_miou_excluding_training_grscenes_20260818_192125/match_visualizations/tvars_original/kujiale_grscene_MVUHLWYKTKJ5EAABAAAAADI8_usd__kujiale_grscene_MVUHLWYKTKJ5EAABAAAAADI8_usd__attempt_01__kujiale_grscene_MVUHLWYKTKJ5EAABAAAAADI8_usd_grscene_frontier_000000/milestone_080.pred_gt_match.png
grscene,kujiale_grscene_MVUHLWYKTKJ5EAABAAAAADI8_usd,kujiale_grscene_MVUHLWYKTKJ5EAABAAAAADI8_usd__kujiale_grscene_MVUHLWYKTKJ5EAABAAAAADI8_usd__attempt_01__kujiale_grscene_MVUHLWYKTKJ5EAABAAAAADI8_usd_grscene_frontier_000000,voxroom,milestone_080,coverage_milestone,0.8300370828182941,0.8,False,1,0.6264967168791039,0.9941748796410657,0.7686286344946806,0.31156358048405686,62.64967168791039,99.41748796410657,76.86286344946805,31.156358048405686,2,1,2606,0,0,/media/echo/data/voxroom_roomseg_evaluation/grscene_union_fixed0p5_batch32_full7000_20260815_0015/grscene/kujiale_grscene_MVUHLWYKTKJ5EAABAAAAADI8_usd/attempt_01/roomseg_coverage_eval/events/milestone_080/voxroom/roomseg_snapshots/roomseg_milestone_080_step_000001.npz,/media/echo/data/voxroom_roomseg_evaluation/grscene_all_available_gt_20260817/metrics_pr_f1_miou_excluding_training_grscenes_20260818_192125/match_visualizations/voxroom/kujiale_grscene_MVUHLWYKTKJ5EAABAAAAADI8_usd__kujiale_grscene_MVUHLWYKTKJ5EAABAAAAADI8_usd__attempt_01__kujiale_grscene_MVUHLWYKTKJ5EAABAAAAADI8_usd_grscene_frontier_000000/milestone_080.pred_gt_match.png
grscene,kujiale_grscene_MVUHLWYKTKJ5EAABAAAAADI8_usd,kujiale_grscene_MVUHLWYKTKJ5EAABAAAAADI8_usd__kujiale_grscene_MVUHLWYKTKJ5EAABAAAAADI8_usd__attempt_01__kujiale_grscene_MVUHLWYKTKJ5EAABAAAAADI8_usd_grscene_frontier_000000,tvars_original,milestone_090,coverage_milestone,0.9017305315203955,0.9,False,7,0.6451376146788991,0.992829311284543,0.7820811562341643,0.32021857923497266,64.5137614678899,99.2829311284543,78.20811562341643,32.021857923497265,2,1,2748,1,0,/media/echo/data/voxroom_roomseg_evaluation/grscene_union_fixed0p5_batch32_full7000_20260815_0015/grscene/kujiale_grscene_MVUHLWYKTKJ5EAABAAAAADI8_usd/attempt_01/roomseg_coverage_eval/events/milestone_090/tvars_original/roomseg_snapshots/roomseg_milestone_090_step_000007.npz,/media/echo/data/voxroom_roomseg_evaluation/grscene_all_available_gt_20260817/metrics_pr_f1_miou_excluding_training_grscenes_20260818_192125/match_visualizations/tvars_original/kujiale_grscene_MVUHLWYKTKJ5EAABAAAAADI8_usd__kujiale_grscene_MVUHLWYKTKJ5EAABAAAAADI8_usd__attempt_01__kujiale_grscene_MVUHLWYKTKJ5EAABAAAAADI8_usd_grscene_frontier_000000/milestone_090.pred_gt_match.png
grscene,kujiale_grscene_MVUHLWYKTKJ5EAABAAAAADI8_usd,kujiale_grscene_MVUHLWYKTKJ5EAABAAAAADI8_usd__kujiale_grscene_MVUHLWYKTKJ5EAABAAAAADI8_usd__attempt_01__kujiale_grscene_MVUHLWYKTKJ5EAABAAAAADI8_usd_grscene_frontier_000000,voxroom,milestone_090,coverage_milestone,0.9017305315203955,0.9,False,7,0.6422493525712172,0.9866425846253755,0.7780387964660438,0.3162112932604736,64.22493525712171,98.66425846253755,77.80387964660437,31.62112932604736,2,1,2748,1,0,/media/echo/data/voxroom_roomseg_evaluation/grscene_union_fixed0p5_batch32_full7000_20260815_0015/grscene/kujiale_grscene_MVUHLWYKTKJ5EAABAAAAADI8_usd/attempt_01/roomseg_coverage_eval/events/milestone_090/voxroom/roomseg_snapshots/roomseg_milestone_090_step_000007.npz,/media/echo/data/voxroom_roomseg_evaluation/grscene_all_available_gt_20260817/metrics_pr_f1_miou_excluding_training_grscenes_20260818_192125/match_visualizations/voxroom/kujiale_grscene_MVUHLWYKTKJ5EAABAAAAADI8_usd__kujiale_grscene_MVUHLWYKTKJ5EAABAAAAADI8_usd__attempt_01__kujiale_grscene_MVUHLWYKTKJ5EAABAAAAADI8_usd_grscene_frontier_000000/milestone_090.pred_gt_match.png
grscene,kujiale_grscene_MVUHLWYKTKJ5EAABAAAAADI8_usd,kujiale_grscene_MVUHLWYKTKJ5EAABAAAAADI8_usd__kujiale_grscene_MVUHLWYKTKJ5EAABAAAAADI8_usd__attempt_01__kujiale_grscene_MVUHLWYKTKJ5EAABAAAAADI8_usd_grscene_frontier_000000,tvars_original,final,terminal_forced,0.9990729295426453,,True,459,0.56928958266964,1.0,0.7255379618351604,0.18976319422321333,56.928958266964,100.0,72.55379618351604,18.976319422321332,3,1,3139,0,0,/media/echo/data/voxroom_roomseg_evaluation/grscene_union_fixed0p5_batch32_full7000_20260815_0015/grscene/kujiale_grscene_MVUHLWYKTKJ5EAABAAAAADI8_usd/attempt_01/roomseg_coverage_eval/events/final/tvars_original/roomseg_snapshots/roomseg_final_step_000459.npz,/media/echo/data/voxroom_roomseg_evaluation/grscene_all_available_gt_20260817/metrics_pr_f1_miou_excluding_training_grscenes_20260818_192125/match_visualizations/tvars_original/kujiale_grscene_MVUHLWYKTKJ5EAABAAAAADI8_usd__kujiale_grscene_MVUHLWYKTKJ5EAABAAAAADI8_usd__attempt_01__kujiale_grscene_MVUHLWYKTKJ5EAABAAAAADI8_usd_grscene_frontier_000000/final.pred_gt_match.png
grscene,kujiale_grscene_MVUHLWYKTKJ5EAABAAAAADI8_usd,kujiale_grscene_MVUHLWYKTKJ5EAABAAAAADI8_usd__kujiale_grscene_MVUHLWYKTKJ5EAABAAAAADI8_usd__attempt_01__kujiale_grscene_MVUHLWYKTKJ5EAABAAAAADI8_usd_grscene_frontier_000000,voxroom,final,terminal_forced,0.9990729295426453,,True,459,1.0,0.9647774201340801,0.9820729923374647,0.9647774201340801,100.0,96.477742013408,98.20729923374647,96.477742013408,3,3,3139,0,0,/media/echo/data/voxroom_roomseg_evaluation/grscene_union_fixed0p5_batch32_full7000_20260815_0015/grscene/kujiale_grscene_MVUHLWYKTKJ5EAABAAAAADI8_usd/attempt_01/roomseg_coverage_eval/events/final/voxroom/roomseg_snapshots/roomseg_final_step_000459.npz,/media/echo/data/voxroom_roomseg_evaluation/grscene_all_available_gt_20260817/metrics_pr_f1_miou_excluding_training_grscenes_20260818_192125/match_visualizations/voxroom/kujiale_grscene_MVUHLWYKTKJ5EAABAAAAADI8_usd__kujiale_grscene_MVUHLWYKTKJ5EAABAAAAADI8_usd__attempt_01__kujiale_grscene_MVUHLWYKTKJ5EAABAAAAADI8_usd_grscene_frontier_000000/final.pred_gt_match.png
grscene,kujiale_grscene_MVUHLWYKTKJ5EAABAAAAADQ8_usd,kujiale_grscene_MVUHLWYKTKJ5EAABAAAAADQ8_usd__kujiale_grscene_MVUHLWYKTKJ5EAABAAAAADQ8_usd__attempt_01__kujiale_grscene_MVUHLWYKTKJ5EAABAAAAADQ8_usd_grscene_frontier_000000,tvars_original,milestone_020,coverage_milestone,0.20209831810069764,0.2,False,19,0.46017947279865395,0.9894999536513032,0.6282044963839015,0.1515655306178997,46.017947279865396,98.94999536513032,62.82044963839015,15.156553061789971,3,1,3617,1,0,/media/echo/data/voxroom_roomseg_evaluation/grscene_union_fixed0p5_batch32_full7000_20260815_0015/grscene/kujiale_grscene_MVUHLWYKTKJ5EAABAAAAADQ8_usd/attempt_01/roomseg_coverage_eval/events/milestone_020/tvars_original/roomseg_snapshots/roomseg_milestone_020_step_000019.npz,/media/echo/data/voxroom_roomseg_evaluation/grscene_all_available_gt_20260817/metrics_pr_f1_miou_excluding_training_grscenes_20260818_192125/match_visualizations/tvars_original/kujiale_grscene_MVUHLWYKTKJ5EAABAAAAADQ8_usd__kujiale_grscene_MVUHLWYKTKJ5EAABAAAAADQ8_usd__attempt_01__kujiale_grscene_MVUHLWYKTKJ5EAABAAAAADQ8_usd_grscene_frontier_000000/milestone_020.pred_gt_match.png
grscene,kujiale_grscene_MVUHLWYKTKJ5EAABAAAAADQ8_usd,kujiale_grscene_MVUHLWYKTKJ5EAABAAAAADQ8_usd__kujiale_grscene_MVUHLWYKTKJ5EAABAAAAADQ8_usd__attempt_01__kujiale_grscene_MVUHLWYKTKJ5EAABAAAAADQ8_usd_grscene_frontier_000000,voxroom,milestone_020,coverage_milestone,0.20209831810069764,0.2,False,19,0.9913999652757682,0.8965096511008289,0.9415701146505062,0.8901928956952897,99.13999652757683,89.6509651100829,94.15701146505062,89.01928956952896,3,3,3617,1,0,/media/echo/data/voxroom_roomseg_evaluation/grscene_union_fixed0p5_batch32_full7000_20260815_0015/grscene/kujiale_grscene_MVUHLWYKTKJ5EAABAAAAADQ8_usd/attempt_01/roomseg_coverage_eval/events/milestone_020/voxroom/roomseg_snapshots/roomseg_milestone_020_step_000019.npz,/media/echo/data/voxroom_roomseg_evaluation/grscene_all_available_gt_20260817/metrics_pr_f1_miou_excluding_training_grscenes_20260818_192125/match_visualizations/voxroom/kujiale_grscene_MVUHLWYKTKJ5EAABAAAAADQ8_usd__kujiale_grscene_MVUHLWYKTKJ5EAABAAAAADQ8_usd__attempt_01__kujiale_grscene_MVUHLWYKTKJ5EAABAAAAADQ8_usd_grscene_frontier_000000/milestone_020.pred_gt_match.png
grscene,kujiale_grscene_MVUHLWYKTKJ5EAABAAAAADQ8_usd,kujiale_grscene_MVUHLWYKTKJ5EAABAAAAADQ8_usd__kujiale_grscene_MVUHLWYKTKJ5EAABAAAAADQ8_usd__attempt_01__kujiale_grscene_MVUHLWYKTKJ5EAABAAAAADQ8_usd_grscene_frontier_000000,tvars_original,milestone_040,coverage_milestone,0.4010058947596128,0.4,False,294,0.8580698758376023,0.9375630049279352,0.8960568497559035,0.6715654523902339,85.80698758376023,93.75630049279351,89.60568497559035,67.15654523902339,6,5,6994,2,0,/media/echo/data/voxroom_roomseg_evaluation/grscene_union_fixed0p5_batch32_full7000_20260815_0015/grscene/kujiale_grscene_MVUHLWYKTKJ5EAABAAAAADQ8_usd/attempt_01/roomseg_coverage_eval/events/milestone_040/tvars_original/roomseg_snapshots/roomseg_milestone_040_step_000294.npz,/media/echo/data/voxroom_roomseg_evaluation/grscene_all_available_gt_20260817/metrics_pr_f1_miou_excluding_training_grscenes_20260818_192125/match_visualizations/tvars_original/kujiale_grscene_MVUHLWYKTKJ5EAABAAAAADQ8_usd__kujiale_grscene_MVUHLWYKTKJ5EAABAAAAADQ8_usd__attempt_01__kujiale_grscene_MVUHLWYKTKJ5EAABAAAAADQ8_usd_grscene_frontier_000000/milestone_040.pred_gt_match.png
grscene,kujiale_grscene_MVUHLWYKTKJ5EAABAAAAADQ8_usd,kujiale_grscene_MVUHLWYKTKJ5EAABAAAAADQ8_usd__kujiale_grscene_MVUHLWYKTKJ5EAABAAAAADQ8_usd__attempt_01__kujiale_grscene_MVUHLWYKTKJ5EAABAAAAADQ8_usd_grscene_frontier_000000,voxroom,milestone_040,coverage_milestone,0.4010058947596128,0.4,False,294,0.9171548039632462,0.8662148957623098,0.8909573298628815,0.7731697588979802,91.71548039632462,86.62148957623099,89.09573298628814,77.31697588979802,6,7,6994,2,0,/media/echo/data/voxroom_roomseg_evaluation/grscene_union_fixed0p5_batch32_full7000_20260815_0015/grscene/kujiale_grscene_MVUHLWYKTKJ5EAABAAAAADQ8_usd/attempt_01/roomseg_coverage_eval/events/milestone_040/voxroom/roomseg_snapshots/roomseg_milestone_040_step_000294.npz,/media/echo/data/voxroom_roomseg_evaluation/grscene_all_available_gt_20260817/metrics_pr_f1_miou_excluding_training_grscenes_20260818_192125/match_visualizations/voxroom/kujiale_grscene_MVUHLWYKTKJ5EAABAAAAADQ8_usd__kujiale_grscene_MVUHLWYKTKJ5EAABAAAAADQ8_usd__attempt_01__kujiale_grscene_MVUHLWYKTKJ5EAABAAAAADQ8_usd_grscene_frontier_000000/milestone_040.pred_gt_match.png
grscene,kujiale_grscene_MVUHLWYKTKJ5EAABAAAAADQ8_usd,kujiale_grscene_MVUHLWYKTKJ5EAABAAAAADQ8_usd__kujiale_grscene_MVUHLWYKTKJ5EAABAAAAADQ8_usd__attempt_01__kujiale_grscene_MVUHLWYKTKJ5EAABAAAAADQ8_usd_grscene_frontier_000000,tvars_original,milestone_060,coverage_milestone,0.6007246768698286,0.6,False,329,0.7959699752855018,0.9452817455663064,0.8642241424900615,0.4378793539014168,79.59699752855019,94.52817455663065,86.42241424900615,43.78793539014168,9,5,10680,0,0,/media/echo/data/voxroom_roomseg_evaluation/grscene_union_fixed0p5_batch32_full7000_20260815_0015/grscene/kujiale_grscene_MVUHLWYKTKJ5EAABAAAAADQ8_usd/attempt_01/roomseg_coverage_eval/events/milestone_060/tvars_original/roomseg_snapshots/roomseg_milestone_060_step_000329.npz,/media/echo/data/voxroom_roomseg_evaluation/grscene_all_available_gt_20260817/metrics_pr_f1_miou_excluding_training_grscenes_20260818_192125/match_visualizations/tvars_original/kujiale_grscene_MVUHLWYKTKJ5EAABAAAAADQ8_usd__kujiale_grscene_MVUHLWYKTKJ5EAABAAAAADQ8_usd__attempt_01__kujiale_grscene_MVUHLWYKTKJ5EAABAAAAADQ8_usd_grscene_frontier_000000/milestone_060.pred_gt_match.png
grscene,kujiale_grscene_MVUHLWYKTKJ5EAABAAAAADQ8_usd,kujiale_grscene_MVUHLWYKTKJ5EAABAAAAADQ8_usd__kujiale_grscene_MVUHLWYKTKJ5EAABAAAAADQ8_usd__attempt_01__kujiale_grscene_MVUHLWYKTKJ5EAABAAAAADQ8_usd_grscene_frontier_000000,voxroom,milestone_060,coverage_milestone,0.6007246768698286,0.6,False,329,0.9361774253186744,0.7851373552198386,0.8540307398060787,0.7244214775504374,93.61774253186745,78.51373552198386,85.40307398060787,72.44214775504373,9,9,10680,0,1,/media/echo/data/voxroom_roomseg_evaluation/grscene_union_fixed0p5_batch32_full7000_20260815_0015/grscene/kujiale_grscene_MVUHLWYKTKJ5EAABAAAAADQ8_usd/attempt_01/roomseg_coverage_eval/events/milestone_060/voxroom/roomseg_snapshots/roomseg_milestone_060_step_000329.npz,/media/echo/data/voxroom_roomseg_evaluation/grscene_all_available_gt_20260817/metrics_pr_f1_miou_excluding_training_grscenes_20260818_192125/match_visualizations/voxroom/kujiale_grscene_MVUHLWYKTKJ5EAABAAAAADQ8_usd__kujiale_grscene_MVUHLWYKTKJ5EAABAAAAADQ8_usd__attempt_01__kujiale_grscene_MVUHLWYKTKJ5EAABAAAAADQ8_usd_grscene_frontier_000000/milestone_060.pred_gt_match.png
grscene,kujiale_grscene_MVUHLWYKTKJ5EAABAAAAADQ8_usd,kujiale_grscene_MVUHLWYKTKJ5EAABAAAAADQ8_usd__kujiale_grscene_MVUHLWYKTKJ5EAABAAAAADQ8_usd__attempt_01__kujiale_grscene_MVUHLWYKTKJ5EAABAAAAADQ8_usd_grscene_frontier_000000,tvars_original,milestone_070,coverage_milestone,0.70509977827051,0.7,False,361,0.8505666202186557,0.9443050820297274,0.8949880719286929,0.5547873247905177,85.05666202186558,94.43050820297275,89.4988071928693,55.47873247905177,9,6,12556,0,0,/media/echo/data/voxroom_roomseg_evaluation/grscene_union_fixed0p5_batch32_full7000_20260815_0015/grscene/kujiale_grscene_MVUHLWYKTKJ5EAABAAAAADQ8_usd/attempt_01/roomseg_coverage_eval/events/milestone_070/tvars_original/roomseg_snapshots/roomseg_milestone_070_step_000361.npz,/media/echo/data/voxroom_roomseg_evaluation/grscene_all_available_gt_20260817/metrics_pr_f1_miou_excluding_training_grscenes_20260818_192125/match_visualizations/tvars_original/kujiale_grscene_MVUHLWYKTKJ5EAABAAAAADQ8_usd__kujiale_grscene_MVUHLWYKTKJ5EAABAAAAADQ8_usd__attempt_01__kujiale_grscene_MVUHLWYKTKJ5EAABAAAAADQ8_usd_grscene_frontier_000000/milestone_070.pred_gt_match.png
grscene,kujiale_grscene_MVUHLWYKTKJ5EAABAAAAADQ8_usd,kujiale_grscene_MVUHLWYKTKJ5EAABAAAAADQ8_usd__kujiale_grscene_MVUHLWYKTKJ5EAABAAAAADQ8_usd__attempt_01__kujiale_grscene_MVUHLWYKTKJ5EAABAAAAADQ8_usd_grscene_frontier_000000,voxroom,milestone_070,coverage_milestone,0.70509977827051,0.7,False,361,0.936827458727641,0.784530041235541,0.8539414791429479,0.7244642277862572,93.6827458727641,78.45300412355411,85.39414791429479,72.44642277862572,9,9,12556,0,1,/media/echo/data/voxroom_roomseg_evaluation/grscene_union_fixed0p5_batch32_full7000_20260815_0015/grscene/kujiale_grscene_MVUHLWYKTKJ5EAABAAAAADQ8_usd/attempt_01/roomseg_coverage_eval/events/milestone_070/voxroom/roomseg_snapshots/roomseg_milestone_070_step_000361.npz,/media/echo/data/voxroom_roomseg_evaluation/grscene_all_available_gt_20260817/metrics_pr_f1_miou_excluding_training_grscenes_20260818_192125/match_visualizations/voxroom/kujiale_grscene_MVUHLWYKTKJ5EAABAAAAADQ8_usd__kujiale_grscene_MVUHLWYKTKJ5EAABAAAAADQ8_usd__attempt_01__kujiale_grscene_MVUHLWYKTKJ5EAABAAAAADQ8_usd_grscene_frontier_000000/milestone_070.pred_gt_match.png
grscene,kujiale_grscene_MVUHLWYKTKJ5EAABAAAAADQ8_usd,kujiale_grscene_MVUHLWYKTKJ5EAABAAAAADQ8_usd__kujiale_grscene_MVUHLWYKTKJ5EAABAAAAADQ8_usd__attempt_01__kujiale_grscene_MVUHLWYKTKJ5EAABAAAAADQ8_usd_grscene_frontier_000000,tvars_original,milestone_080,coverage_milestone,0.801416905521605,0.8,False,383,0.8615886263865687,0.9450299037005205,0.9013823372932109,0.5623284931439736,86.15886263865687,94.50299037005206,90.13823372932109,56.232849314397356,9,6,14297,0,0,/media/echo/data/voxroom_roomseg_evaluation/grscene_union_fixed0p5_batch32_full7000_20260815_0015/grscene/kujiale_grscene_MVUHLWYKTKJ5EAABAAAAADQ8_usd/attempt_01/roomseg_coverage_eval/events/milestone_080/tvars_original/roomseg_snapshots/roomseg_milestone_080_step_000383.npz,/media/echo/data/voxroom_roomseg_evaluation/grscene_all_available_gt_20260817/metrics_pr_f1_miou_excluding_training_grscenes_20260818_192125/match_visualizations/tvars_original/kujiale_grscene_MVUHLWYKTKJ5EAABAAAAADQ8_usd__kujiale_grscene_MVUHLWYKTKJ5EAABAAAAADQ8_usd__attempt_01__kujiale_grscene_MVUHLWYKTKJ5EAABAAAAADQ8_usd_grscene_frontier_000000/milestone_080.pred_gt_match.png
grscene,kujiale_grscene_MVUHLWYKTKJ5EAABAAAAADQ8_usd,kujiale_grscene_MVUHLWYKTKJ5EAABAAAAADQ8_usd__kujiale_grscene_MVUHLWYKTKJ5EAABAAAAADQ8_usd__attempt_01__kujiale_grscene_MVUHLWYKTKJ5EAABAAAAADQ8_usd_grscene_frontier_000000,voxroom,milestone_080,coverage_milestone,0.801416905521605,0.8,False,383,0.9394380518365814,0.7858174188214077,0.8557883717421682,0.7280035325524532,93.94380518365814,78.58174188214076,85.57883717421682,72.80035325524533,9,9,14297,0,1,/media/echo/data/voxroom_roomseg_evaluation/grscene_union_fixed0p5_batch32_full7000_20260815_0015/grscene/kujiale_grscene_MVUHLWYKTKJ5EAABAAAAADQ8_usd/attempt_01/roomseg_coverage_eval/events/milestone_080/voxroom/roomseg_snapshots/roomseg_milestone_080_step_000383.npz,/media/echo/data/voxroom_roomseg_evaluation/grscene_all_available_gt_20260817/metrics_pr_f1_miou_excluding_training_grscenes_20260818_192125/match_visualizations/voxroom/kujiale_grscene_MVUHLWYKTKJ5EAABAAAAADQ8_usd__kujiale_grscene_MVUHLWYKTKJ5EAABAAAAADQ8_usd__attempt_01__kujiale_grscene_MVUHLWYKTKJ5EAABAAAAADQ8_usd_grscene_frontier_000000/milestone_080.pred_gt_match.png
grscene,kujiale_grscene_MVUHLWYKTKJ5EAABAAAAADQ8_usd,kujiale_grscene_MVUHLWYKTKJ5EAABAAAAADQ8_usd__kujiale_grscene_MVUHLWYKTKJ5EAABAAAAADQ8_usd__attempt_01__kujiale_grscene_MVUHLWYKTKJ5EAABAAAAADQ8_usd_grscene_frontier_000000,tvars_original,milestone_090,coverage_milestone,0.9024390243902439,0.9,False,514,0.851138425990977,0.9518194779326392,0.8986678285855995,0.5594654959719166,85.1138425990977,95.18194779326392,89.86678285855994,55.94654959719166,9,6,16115,0,0,/media/echo/data/voxroom_roomseg_evaluation/grscene_union_fixed0p5_batch32_full7000_20260815_0015/grscene/kujiale_grscene_MVUHLWYKTKJ5EAABAAAAADQ8_usd/attempt_01/roomseg_coverage_eval/events/milestone_090/tvars_original/roomseg_snapshots/roomseg_milestone_090_step_000514.npz,/media/echo/data/voxroom_roomseg_evaluation/grscene_all_available_gt_20260817/metrics_pr_f1_miou_excluding_training_grscenes_20260818_192125/match_visualizations/tvars_original/kujiale_grscene_MVUHLWYKTKJ5EAABAAAAADQ8_usd__kujiale_grscene_MVUHLWYKTKJ5EAABAAAAADQ8_usd__attempt_01__kujiale_grscene_MVUHLWYKTKJ5EAABAAAAADQ8_usd_grscene_frontier_000000/milestone_090.pred_gt_match.png
grscene,kujiale_grscene_MVUHLWYKTKJ5EAABAAAAADQ8_usd,kujiale_grscene_MVUHLWYKTKJ5EAABAAAAADQ8_usd__kujiale_grscene_MVUHLWYKTKJ5EAABAAAAADQ8_usd__attempt_01__kujiale_grscene_MVUHLWYKTKJ5EAABAAAAADQ8_usd_grscene_frontier_000000,voxroom,milestone_090,coverage_milestone,0.9024390243902439,0.9,False,514,0.9452808078839279,0.9025890147624744,0.9234417518003851,0.8443971646513068,94.52808078839278,90.25890147624744,92.34417518003852,84.43971646513067,9,10,16115,0,0,/media/echo/data/voxroom_roomseg_evaluation/grscene_union_fixed0p5_batch32_full7000_20260815_0015/grscene/kujiale_grscene_MVUHLWYKTKJ5EAABAAAAADQ8_usd/attempt_01/roomseg_coverage_eval/events/milestone_090/voxroom/roomseg_snapshots/roomseg_milestone_090_step_000514.npz,/media/echo/data/voxroom_roomseg_evaluation/grscene_all_available_gt_20260817/metrics_pr_f1_miou_excluding_training_grscenes_20260818_192125/match_visualizations/voxroom/kujiale_grscene_MVUHLWYKTKJ5EAABAAAAADQ8_usd__kujiale_grscene_MVUHLWYKTKJ5EAABAAAAADQ8_usd__attempt_01__kujiale_grscene_MVUHLWYKTKJ5EAABAAAAADQ8_usd_grscene_frontier_000000/milestone_090.pred_gt_match.png
grscene,kujiale_grscene_MVUHLWYKTKJ5EAABAAAAADQ8_usd,kujiale_grscene_MVUHLWYKTKJ5EAABAAAAADQ8_usd__kujiale_grscene_MVUHLWYKTKJ5EAABAAAAADQ8_usd__attempt_01__kujiale_grscene_MVUHLWYKTKJ5EAABAAAAADQ8_usd_grscene_frontier_000000,tvars_original,final,terminal_forced,0.9253150181169217,,True,685,0.847730936753622,0.9606987061982419,0.9006864240668787,0.5630924683953934,84.7730936753622,96.0698706198242,90.06864240668787,56.30924683953934,9,6,16486,0,0,/media/echo/data/voxroom_roomseg_evaluation/grscene_union_fixed0p5_batch32_full7000_20260815_0015/grscene/kujiale_grscene_MVUHLWYKTKJ5EAABAAAAADQ8_usd/attempt_01/roomseg_coverage_eval/events/final/tvars_original/roomseg_snapshots/roomseg_final_step_000685.npz,/media/echo/data/voxroom_roomseg_evaluation/grscene_all_available_gt_20260817/metrics_pr_f1_miou_excluding_training_grscenes_20260818_192125/match_visualizations/tvars_original/kujiale_grscene_MVUHLWYKTKJ5EAABAAAAADQ8_usd__kujiale_grscene_MVUHLWYKTKJ5EAABAAAAADQ8_usd__attempt_01__kujiale_grscene_MVUHLWYKTKJ5EAABAAAAADQ8_usd_grscene_frontier_000000/final.pred_gt_match.png
grscene,kujiale_grscene_MVUHLWYKTKJ5EAABAAAAADQ8_usd,kujiale_grscene_MVUHLWYKTKJ5EAABAAAAADQ8_usd__kujiale_grscene_MVUHLWYKTKJ5EAABAAAAADQ8_usd__attempt_01__kujiale_grscene_MVUHLWYKTKJ5EAABAAAAADQ8_usd_grscene_frontier_000000,voxroom,final,terminal_forced,0.9253150181169217,,True,685,0.9459110234065339,0.910486132959681,0.9278605786179637,0.8521759750988858,94.59110234065339,91.0486132959681,92.78605786179637,85.21759750988858,9,10,16486,0,0,/media/echo/data/voxroom_roomseg_evaluation/grscene_union_fixed0p5_batch32_full7000_20260815_0015/grscene/kujiale_grscene_MVUHLWYKTKJ5EAABAAAAADQ8_usd/attempt_01/roomseg_coverage_eval/events/final/voxroom/roomseg_snapshots/roomseg_final_step_000685.npz,/media/echo/data/voxroom_roomseg_evaluation/grscene_all_available_gt_20260817/metrics_pr_f1_miou_excluding_training_grscenes_20260818_192125/match_visualizations/voxroom/kujiale_grscene_MVUHLWYKTKJ5EAABAAAAADQ8_usd__kujiale_grscene_MVUHLWYKTKJ5EAABAAAAADQ8_usd__attempt_01__kujiale_grscene_MVUHLWYKTKJ5EAABAAAAADQ8_usd_grscene_frontier_000000/final.pred_gt_match.png
grscene,kujiale_grscene_MVUHLWYKTKJ5EAABAAAAAEA8_usd,kujiale_grscene_MVUHLWYKTKJ5EAABAAAAAEA8_usd__kujiale_grscene_MVUHLWYKTKJ5EAABAAAAAEA8_usd__attempt_01__kujiale_grscene_MVUHLWYKTKJ5EAABAAAAAEA8_usd_grscene_frontier_000000,tvars_original,milestone_020,coverage_milestone,0.20101468979009848,0.2,False,26,0.9330050842290802,0.9627095963340675,0.9476246159036804,0.6635621918445045,93.30050842290802,96.27095963340675,94.76246159036805,66.35621918445045,4,3,5834,2,0,/media/echo/data/voxroom_roomseg_evaluation/grscene_union_fixed0p5_batch32_full7000_20260815_0015/grscene/kujiale_grscene_MVUHLWYKTKJ5EAABAAAAAEA8_usd/attempt_01/roomseg_coverage_eval/events/milestone_020/tvars_original/roomseg_snapshots/roomseg_milestone_020_step_000026.npz,/media/echo/data/voxroom_roomseg_evaluation/grscene_all_available_gt_20260817/metrics_pr_f1_miou_excluding_training_grscenes_20260818_192125/match_visualizations/tvars_original/kujiale_grscene_MVUHLWYKTKJ5EAABAAAAAEA8_usd__kujiale_grscene_MVUHLWYKTKJ5EAABAAAAAEA8_usd__attempt_01__kujiale_grscene_MVUHLWYKTKJ5EAABAAAAAEA8_usd_grscene_frontier_000000/milestone_020.pred_gt_match.png
grscene,kujiale_grscene_MVUHLWYKTKJ5EAABAAAAAEA8_usd,kujiale_grscene_MVUHLWYKTKJ5EAABAAAAAEA8_usd__kujiale_grscene_MVUHLWYKTKJ5EAABAAAAAEA8_usd__attempt_01__kujiale_grscene_MVUHLWYKTKJ5EAABAAAAAEA8_usd_grscene_frontier_000000,voxroom,milestone_020,coverage_milestone,0.20101468979009848,0.2,False,26,0.9944019274376417,0.9365811588447311,0.9646258594113741,0.9311616588204651,99.44019274376417,93.65811588447312,96.46258594113742,93.1161658820465,4,4,5834,2,0,/media/echo/data/voxroom_roomseg_evaluation/grscene_union_fixed0p5_batch32_full7000_20260815_0015/grscene/kujiale_grscene_MVUHLWYKTKJ5EAABAAAAAEA8_usd/attempt_01/roomseg_coverage_eval/events/milestone_020/voxroom/roomseg_snapshots/roomseg_milestone_020_step_000026.npz,/media/echo/data/voxroom_roomseg_evaluation/grscene_all_available_gt_20260817/metrics_pr_f1_miou_excluding_training_grscenes_20260818_192125/match_visualizations/voxroom/kujiale_grscene_MVUHLWYKTKJ5EAABAAAAAEA8_usd__kujiale_grscene_MVUHLWYKTKJ5EAABAAAAAEA8_usd__attempt_01__kujiale_grscene_MVUHLWYKTKJ5EAABAAAAAEA8_usd_grscene_frontier_000000/milestone_020.pred_gt_match.png
grscene,kujiale_grscene_MVUHLWYKTKJ5EAABAAAAAEA8_usd,kujiale_grscene_MVUHLWYKTKJ5EAABAAAAAEA8_usd__kujiale_grscene_MVUHLWYKTKJ5EAABAAAAAEA8_usd__attempt_01__kujiale_grscene_MVUHLWYKTKJ5EAABAAAAAEA8_usd_grscene_frontier_000000,tvars_original,milestone_040,coverage_milestone,0.40272573531849987,0.4,False,75,0.835198693752453,0.96386797687988,0.8949321205055151,0.33026423607370586,83.5198693752453,96.38679768798801,89.4932120505515,33.02642360737059,7,3,11792,4,0,/media/echo/data/voxroom_roomseg_evaluation/grscene_union_fixed0p5_batch32_full7000_20260815_0015/grscene/kujiale_grscene_MVUHLWYKTKJ5EAABAAAAAEA8_usd/attempt_01/roomseg_coverage_eval/events/milestone_040/tvars_original/roomseg_snapshots/roomseg_milestone_040_step_000075.npz,/media/echo/data/voxroom_roomseg_evaluation/grscene_all_available_gt_20260817/metrics_pr_f1_miou_excluding_training_grscenes_20260818_192125/match_visualizations/tvars_original/kujiale_grscene_MVUHLWYKTKJ5EAABAAAAAEA8_usd__kujiale_grscene_MVUHLWYKTKJ5EAABAAAAAEA8_usd__attempt_01__kujiale_grscene_MVUHLWYKTKJ5EAABAAAAAEA8_usd_grscene_frontier_000000/milestone_040.pred_gt_match.png
grscene,kujiale_grscene_MVUHLWYKTKJ5EAABAAAAAEA8_usd,kujiale_grscene_MVUHLWYKTKJ5EAABAAAAAEA8_usd__kujiale_grscene_MVUHLWYKTKJ5EAABAAAAAEA8_usd__attempt_01__kujiale_grscene_MVUHLWYKTKJ5EAABAAAAAEA8_usd_grscene_frontier_000000,voxroom,milestone_040,coverage_milestone,0.40272573531849987,0.4,False,75,0.9240088612725758,0.9408354439645922,0.9323462390733361,0.7376290554086229,92.40088612725758,94.08354439645922,93.23462390733361,73.76290554086229,7,6,11792,4,0,/media/echo/data/voxroom_roomseg_evaluation/grscene_union_fixed0p5_batch32_full7000_20260815_0015/grscene/kujiale_grscene_MVUHLWYKTKJ5EAABAAAAAEA8_usd/attempt_01/roomseg_coverage_eval/events/milestone_040/voxroom/roomseg_snapshots/roomseg_milestone_040_step_000075.npz,/media/echo/data/voxroom_roomseg_evaluation/grscene_all_available_gt_20260817/metrics_pr_f1_miou_excluding_training_grscenes_20260818_192125/match_visualizations/voxroom/kujiale_grscene_MVUHLWYKTKJ5EAABAAAAAEA8_usd__kujiale_grscene_MVUHLWYKTKJ5EAABAAAAAEA8_usd__attempt_01__kujiale_grscene_MVUHLWYKTKJ5EAABAAAAAEA8_usd_grscene_frontier_000000/milestone_040.pred_gt_match.png
grscene,kujiale_grscene_MVUHLWYKTKJ5EAABAAAAAEA8_usd,kujiale_grscene_MVUHLWYKTKJ5EAABAAAAAEA8_usd__kujiale_grscene_MVUHLWYKTKJ5EAABAAAAAEA8_usd__attempt_01__kujiale_grscene_MVUHLWYKTKJ5EAABAAAAAEA8_usd_grscene_frontier_000000,tvars_original,milestone_060,coverage_milestone,0.6008886825612627,0.6,False,176,0.7725935277044327,0.9681630866233328,0.859392436979353,0.2659751921697807,77.25935277044327,96.81630866233328,85.9392436979353,26.59751921697807,8,3,17634,3,0,/media/echo/data/voxroom_roomseg_evaluation/grscene_union_fixed0p5_batch32_full7000_20260815_0015/grscene/kujiale_grscene_MVUHLWYKTKJ5EAABAAAAAEA8_usd/attempt_01/roomseg_coverage_eval/events/milestone_060/tvars_original/roomseg_snapshots/roomseg_milestone_060_step_000176.npz,/media/echo/data/voxroom_roomseg_evaluation/grscene_all_available_gt_20260817/metrics_pr_f1_miou_excluding_training_grscenes_20260818_192125/match_visualizations/tvars_original/kujiale_grscene_MVUHLWYKTKJ5EAABAAAAAEA8_usd__kujiale_grscene_MVUHLWYKTKJ5EAABAAAAAEA8_usd__attempt_01__kujiale_grscene_MVUHLWYKTKJ5EAABAAAAAEA8_usd_grscene_frontier_000000/milestone_060.pred_gt_match.png
grscene,kujiale_grscene_MVUHLWYKTKJ5EAABAAAAAEA8_usd,kujiale_grscene_MVUHLWYKTKJ5EAABAAAAAEA8_usd__kujiale_grscene_MVUHLWYKTKJ5EAABAAAAAEA8_usd__attempt_01__kujiale_grscene_MVUHLWYKTKJ5EAABAAAAAEA8_usd_grscene_frontier_000000,voxroom,milestone_060,coverage_milestone,0.6008886825612627,0.6,False,176,0.886007968664483,0.9477839983062186,0.9158554407446711,0.6177283879078496,88.60079686644829,94.77839983062186,91.58554407446711,61.77283879078496,8,6,17634,3,0,/media/echo/data/voxroom_roomseg_evaluation/grscene_union_fixed0p5_batch32_full7000_20260815_0015/grscene/kujiale_grscene_MVUHLWYKTKJ5EAABAAAAAEA8_usd/attempt_01/roomseg_coverage_eval/events/milestone_060/voxroom/roomseg_snapshots/roomseg_milestone_060_step_000176.npz,/media/echo/data/voxroom_roomseg_evaluation/grscene_all_available_gt_20260817/metrics_pr_f1_miou_excluding_training_grscenes_20260818_192125/match_visualizations/voxroom/kujiale_grscene_MVUHLWYKTKJ5EAABAAAAAEA8_usd__kujiale_grscene_MVUHLWYKTKJ5EAABAAAAAEA8_usd__attempt_01__kujiale_grscene_MVUHLWYKTKJ5EAABAAAAAEA8_usd_grscene_frontier_000000/milestone_060.pred_gt_match.png
grscene,kujiale_grscene_MVUHLWYKTKJ5EAABAAAAAEA8_usd,kujiale_grscene_MVUHLWYKTKJ5EAABAAAAAEA8_usd__kujiale_grscene_MVUHLWYKTKJ5EAABAAAAAEA8_usd__attempt_01__kujiale_grscene_MVUHLWYKTKJ5EAABAAAAAEA8_usd_grscene_frontier_000000,tvars_original,milestone_070,coverage_milestone,0.706171038233246,0.7,False,335,0.791067184813758,0.9727845214714037,0.8725653183753204,0.29585283829634257,79.10671848137581,97.27845214714037,87.25653183753204,29.585283829634257,10,4,20909,1,0,/media/echo/data/voxroom_roomseg_evaluation/grscene_union_fixed0p5_batch32_full7000_20260815_0015/grscene/kujiale_grscene_MVUHLWYKTKJ5EAABAAAAAEA8_usd/attempt_01/roomseg_coverage_eval/events/milestone_070/tvars_original/roomseg_snapshots/roomseg_milestone_070_step_000335.npz,/media/echo/data/voxroom_roomseg_evaluation/grscene_all_available_gt_20260817/metrics_pr_f1_miou_excluding_training_grscenes_20260818_192125/match_visualizations/tvars_original/kujiale_grscene_MVUHLWYKTKJ5EAABAAAAAEA8_usd__kujiale_grscene_MVUHLWYKTKJ5EAABAAAAAEA8_usd__attempt_01__kujiale_grscene_MVUHLWYKTKJ5EAABAAAAAEA8_usd_grscene_frontier_000000/milestone_070.pred_gt_match.png
grscene,kujiale_grscene_MVUHLWYKTKJ5EAABAAAAAEA8_usd,kujiale_grscene_MVUHLWYKTKJ5EAABAAAAAEA8_usd__kujiale_grscene_MVUHLWYKTKJ5EAABAAAAAEA8_usd__attempt_01__kujiale_grscene_MVUHLWYKTKJ5EAABAAAAAEA8_usd_grscene_frontier_000000,voxroom,milestone_070,coverage_milestone,0.706171038233246,0.7,False,335,0.8898112584839446,0.9544859878876377,0.9210146355296066,0.5823183996435927,88.98112584839446,95.44859878876377,92.10146355296067,58.23183996435927,10,7,20909,1,0,/media/echo/data/voxroom_roomseg_evaluation/grscene_union_fixed0p5_batch32_full7000_20260815_0015/grscene/kujiale_grscene_MVUHLWYKTKJ5EAABAAAAAEA8_usd/attempt_01/roomseg_coverage_eval/events/milestone_070/voxroom/roomseg_snapshots/roomseg_milestone_070_step_000335.npz,/media/echo/data/voxroom_roomseg_evaluation/grscene_all_available_gt_20260817/metrics_pr_f1_miou_excluding_training_grscenes_20260818_192125/match_visualizations/voxroom/kujiale_grscene_MVUHLWYKTKJ5EAABAAAAAEA8_usd__kujiale_grscene_MVUHLWYKTKJ5EAABAAAAAEA8_usd__attempt_01__kujiale_grscene_MVUHLWYKTKJ5EAABAAAAAEA8_usd_grscene_frontier_000000/milestone_070.pred_gt_match.png
grscene,kujiale_grscene_MVUHLWYKTKJ5EAABAAAAAEA8_usd,kujiale_grscene_MVUHLWYKTKJ5EAABAAAAAEA8_usd__kujiale_grscene_MVUHLWYKTKJ5EAABAAAAAEA8_usd__attempt_01__kujiale_grscene_MVUHLWYKTKJ5EAABAAAAAEA8_usd_grscene_frontier_000000,tvars_original,milestone_080,coverage_milestone,0.8011406970189342,0.8,False,433,0.8344785243421521,0.9740615440746108,0.8988835294419463,0.39778283184430185,83.4478524342152,97.40615440746107,89.88835294419462,39.77828318443019,10,5,23682,1,0,/media/echo/data/voxroom_roomseg_evaluation/grscene_union_fixed0p5_batch32_full7000_20260815_0015/grscene/kujiale_grscene_MVUHLWYKTKJ5EAABAAAAAEA8_usd/attempt_01/roomseg_coverage_eval/events/milestone_080/tvars_original/roomseg_snapshots/roomseg_milestone_080_step_000433.npz,/media/echo/data/voxroom_roomseg_evaluation/grscene_all_available_gt_20260817/metrics_pr_f1_miou_excluding_training_grscenes_20260818_192125/match_visualizations/tvars_original/kujiale_grscene_MVUHLWYKTKJ5EAABAAAAAEA8_usd__kujiale_grscene_MVUHLWYKTKJ5EAABAAAAAEA8_usd__attempt_01__kujiale_grscene_MVUHLWYKTKJ5EAABAAAAAEA8_usd_grscene_frontier_000000/milestone_080.pred_gt_match.png
grscene,kujiale_grscene_MVUHLWYKTKJ5EAABAAAAAEA8_usd,kujiale_grscene_MVUHLWYKTKJ5EAABAAAAAEA8_usd__kujiale_grscene_MVUHLWYKTKJ5EAABAAAAAEA8_usd__attempt_01__kujiale_grscene_MVUHLWYKTKJ5EAABAAAAAEA8_usd_grscene_frontier_000000,voxroom,milestone_080,coverage_milestone,0.8011406970189342,0.8,False,433,0.9035261520219903,0.960188961966707,0.9309961930426556,0.686599499417637,90.35261520219903,96.0188961966707,93.09961930426556,68.6599499417637,10,8,23682,1,0,/media/echo/data/voxroom_roomseg_evaluation/grscene_union_fixed0p5_batch32_full7000_20260815_0015/grscene/kujiale_grscene_MVUHLWYKTKJ5EAABAAAAAEA8_usd/attempt_01/roomseg_coverage_eval/events/milestone_080/voxroom/roomseg_snapshots/roomseg_milestone_080_step_000433.npz,/media/echo/data/voxroom_roomseg_evaluation/grscene_all_available_gt_20260817/metrics_pr_f1_miou_excluding_training_grscenes_20260818_192125/match_visualizations/voxroom/kujiale_grscene_MVUHLWYKTKJ5EAABAAAAAEA8_usd__kujiale_grscene_MVUHLWYKTKJ5EAABAAAAAEA8_usd__attempt_01__kujiale_grscene_MVUHLWYKTKJ5EAABAAAAAEA8_usd_grscene_frontier_000000/milestone_080.pred_gt_match.png
grscene,kujiale_grscene_MVUHLWYKTKJ5EAABAAAAAEA8_usd,kujiale_grscene_MVUHLWYKTKJ5EAABAAAAAEA8_usd__kujiale_grscene_MVUHLWYKTKJ5EAABAAAAAEA8_usd__attempt_01__kujiale_grscene_MVUHLWYKTKJ5EAABAAAAAEA8_usd_grscene_frontier_000000,tvars_original,milestone_090,coverage_milestone,0.9012169645521769,0.9,False,618,0.8259867202071973,0.9851479331945119,0.8985738401392636,0.33677482652117846,82.59867202071973,98.51479331945119,89.85738401392635,33.677482652117845,12,5,26637,0,0,/media/echo/data/voxroom_roomseg_evaluation/grscene_union_fixed0p5_batch32_full7000_20260815_0015/grscene/kujiale_grscene_MVUHLWYKTKJ5EAABAAAAAEA8_usd/attempt_01/roomseg_coverage_eval/events/milestone_090/tvars_original/roomseg_snapshots/roomseg_milestone_090_step_000618.npz,/media/echo/data/voxroom_roomseg_evaluation/grscene_all_available_gt_20260817/metrics_pr_f1_miou_excluding_training_grscenes_20260818_192125/match_visualizations/tvars_original/kujiale_grscene_MVUHLWYKTKJ5EAABAAAAAEA8_usd__kujiale_grscene_MVUHLWYKTKJ5EAABAAAAAEA8_usd__attempt_01__kujiale_grscene_MVUHLWYKTKJ5EAABAAAAAEA8_usd_grscene_frontier_000000/milestone_090.pred_gt_match.png
grscene,kujiale_grscene_MVUHLWYKTKJ5EAABAAAAAEA8_usd,kujiale_grscene_MVUHLWYKTKJ5EAABAAAAAEA8_usd__kujiale_grscene_MVUHLWYKTKJ5EAABAAAAAEA8_usd__attempt_01__kujiale_grscene_MVUHLWYKTKJ5EAABAAAAAEA8_usd_grscene_frontier_000000,voxroom,milestone_090,coverage_milestone,0.9012169645521769,0.9,False,618,0.9222061738665758,0.9673875217685084,0.9442566909036639,0.7387504426829122,92.22061738665758,96.73875217685084,94.4256690903664,73.87504426829122,12,10,26637,0,0,/media/echo/data/voxroom_roomseg_evaluation/grscene_union_fixed0p5_batch32_full7000_20260815_0015/grscene/kujiale_grscene_MVUHLWYKTKJ5EAABAAAAAEA8_usd/attempt_01/roomseg_coverage_eval/events/milestone_090/voxroom/roomseg_snapshots/roomseg_milestone_090_step_000618.npz,/media/echo/data/voxroom_roomseg_evaluation/grscene_all_available_gt_20260817/metrics_pr_f1_miou_excluding_training_grscenes_20260818_192125/match_visualizations/voxroom/kujiale_grscene_MVUHLWYKTKJ5EAABAAAAAEA8_usd__kujiale_grscene_MVUHLWYKTKJ5EAABAAAAAEA8_usd__attempt_01__kujiale_grscene_MVUHLWYKTKJ5EAABAAAAAEA8_usd_grscene_frontier_000000/milestone_090.pred_gt_match.png
grscene,kujiale_grscene_MVUHLWYKTKJ5EAABAAAAAEA8_usd,kujiale_grscene_MVUHLWYKTKJ5EAABAAAAAEA8_usd__kujiale_grscene_MVUHLWYKTKJ5EAABAAAAAEA8_usd__attempt_01__kujiale_grscene_MVUHLWYKTKJ5EAABAAAAAEA8_usd_grscene_frontier_000000,tvars_original,final,terminal_forced,0.9494976290745101,,True,1005,0.8850778854542048,0.9920137695819773,0.9354998166098043,0.5845432453974398,88.50778854542048,99.20137695819773,93.54998166098044,58.454324539743986,12,8,27998,0,0,/media/echo/data/voxroom_roomseg_evaluation/grscene_union_fixed0p5_batch32_full7000_20260815_0015/grscene/kujiale_grscene_MVUHLWYKTKJ5EAABAAAAAEA8_usd/attempt_01/roomseg_coverage_eval/events/final/tvars_original/roomseg_snapshots/roomseg_final_step_001005.npz,/media/echo/data/voxroom_roomseg_evaluation/grscene_all_available_gt_20260817/metrics_pr_f1_miou_excluding_training_grscenes_20260818_192125/match_visualizations/tvars_original/kujiale_grscene_MVUHLWYKTKJ5EAABAAAAAEA8_usd__kujiale_grscene_MVUHLWYKTKJ5EAABAAAAAEA8_usd__attempt_01__kujiale_grscene_MVUHLWYKTKJ5EAABAAAAAEA8_usd_grscene_frontier_000000/final.pred_gt_match.png
grscene,kujiale_grscene_MVUHLWYKTKJ5EAABAAAAAEA8_usd,kujiale_grscene_MVUHLWYKTKJ5EAABAAAAAEA8_usd__kujiale_grscene_MVUHLWYKTKJ5EAABAAAAAEA8_usd__attempt_01__kujiale_grscene_MVUHLWYKTKJ5EAABAAAAAEA8_usd_grscene_frontier_000000,voxroom,final,terminal_forced,0.9494976290745101,,True,1005,0.9230519637854673,0.9759366865244182,0.9487579347877019,0.7476081672657986,92.30519637854673,97.59366865244182,94.87579347877019,74.76081672657986,12,10,27998,0,0,/media/echo/data/voxroom_roomseg_evaluation/grscene_union_fixed0p5_batch32_full7000_20260815_0015/grscene/kujiale_grscene_MVUHLWYKTKJ5EAABAAAAAEA8_usd/attempt_01/roomseg_coverage_eval/events/final/voxroom/roomseg_snapshots/roomseg_final_step_001005.npz,/media/echo/data/voxroom_roomseg_evaluation/grscene_all_available_gt_20260817/metrics_pr_f1_miou_excluding_training_grscenes_20260818_192125/match_visualizations/voxroom/kujiale_grscene_MVUHLWYKTKJ5EAABAAAAAEA8_usd__kujiale_grscene_MVUHLWYKTKJ5EAABAAAAAEA8_usd__attempt_01__kujiale_grscene_MVUHLWYKTKJ5EAABAAAAAEA8_usd_grscene_frontier_000000/final.pred_gt_match.png
grscene,kujiale_grscene_MVUHLWYKTKJ5EAABAAAAAEI8_usd,kujiale_grscene_MVUHLWYKTKJ5EAABAAAAAEI8_usd__kujiale_grscene_MVUHLWYKTKJ5EAABAAAAAEI8_usd__attempt_01__kujiale_grscene_MVUHLWYKTKJ5EAABAAAAAEI8_usd_grscene_frontier_000000,tvars_original,milestone_020,coverage_milestone,0.20461150016673813,0.2,False,20,0.4905705996131528,0.9861413503177783,0.6552015151652882,0.09634377967711301,49.05705996131528,98.61413503177783,65.52015151652883,9.6343779677113,5,1,4231,0,0,/media/echo/data/voxroom_roomseg_evaluation/grscene_remaining25_union_fixed0p5_batch32_dual_clean_20260816_0120/grscene/kujiale_grscene_MVUHLWYKTKJ5EAABAAAAAEI8_usd/attempt_01/roomseg_coverage_eval/events/milestone_020/tvars_original/roomseg_snapshots/roomseg_milestone_020_step_000020.npz,/media/echo/data/voxroom_roomseg_evaluation/grscene_all_available_gt_20260817/metrics_pr_f1_miou_excluding_training_grscenes_20260818_192125/match_visualizations/tvars_original/kujiale_grscene_MVUHLWYKTKJ5EAABAAAAAEI8_usd__kujiale_grscene_MVUHLWYKTKJ5EAABAAAAAEI8_usd__attempt_01__kujiale_grscene_MVUHLWYKTKJ5EAABAAAAAEI8_usd_grscene_frontier_000000/milestone_020.pred_gt_match.png
grscene,kujiale_grscene_MVUHLWYKTKJ5EAABAAAAAEI8_usd,kujiale_grscene_MVUHLWYKTKJ5EAABAAAAAEI8_usd__kujiale_grscene_MVUHLWYKTKJ5EAABAAAAAEI8_usd__attempt_01__kujiale_grscene_MVUHLWYKTKJ5EAABAAAAAEI8_usd_grscene_frontier_000000,voxroom,milestone_020,coverage_milestone,0.20461150016673813,0.2,False,20,0.9528037340989319,0.9472816182814899,0.9500346518761813,0.9025524898120791,95.28037340989319,94.728161828149,95.00346518761813,90.25524898120791,5,5,4231,0,0,/media/echo/data/voxroom_roomseg_evaluation/grscene_remaining25_union_fixed0p5_batch32_dual_clean_20260816_0120/grscene/kujiale_grscene_MVUHLWYKTKJ5EAABAAAAAEI8_usd/attempt_01/roomseg_coverage_eval/events/milestone_020/voxroom/roomseg_snapshots/roomseg_milestone_020_step_000020.npz,/media/echo/data/voxroom_roomseg_evaluation/grscene_all_available_gt_20260817/metrics_pr_f1_miou_excluding_training_grscenes_20260818_192125/match_visualizations/voxroom/kujiale_grscene_MVUHLWYKTKJ5EAABAAAAAEI8_usd__kujiale_grscene_MVUHLWYKTKJ5EAABAAAAAEI8_usd__attempt_01__kujiale_grscene_MVUHLWYKTKJ5EAABAAAAAEI8_usd_grscene_frontier_000000/milestone_020.pred_gt_match.png
grscene,kujiale_grscene_MVUHLWYKTKJ5EAABAAAAAEI8_usd,kujiale_grscene_MVUHLWYKTKJ5EAABAAAAAEI8_usd__kujiale_grscene_MVUHLWYKTKJ5EAABAAAAAEI8_usd__attempt_01__kujiale_grscene_MVUHLWYKTKJ5EAABAAAAAEI8_usd_grscene_frontier_000000,tvars_original,milestone_040,coverage_milestone,0.4002667810013815,0.4,False,86,0.8985940093367806,0.9360818418241059,0.9169549321531005,0.6563226198082576,89.85940093367806,93.6081841824106,91.69549321531005,65.63226198082576,5,4,8272,2,0,/media/echo/data/voxroom_roomseg_evaluation/grscene_remaining25_union_fixed0p5_batch32_dual_clean_20260816_0120/grscene/kujiale_grscene_MVUHLWYKTKJ5EAABAAAAAEI8_usd/attempt_01/roomseg_coverage_eval/events/milestone_040/tvars_original/roomseg_snapshots/roomseg_milestone_040_step_000086.npz,/media/echo/data/voxroom_roomseg_evaluation/grscene_all_available_gt_20260817/metrics_pr_f1_miou_excluding_training_grscenes_20260818_192125/match_visualizations/tvars_original/kujiale_grscene_MVUHLWYKTKJ5EAABAAAAAEI8_usd__kujiale_grscene_MVUHLWYKTKJ5EAABAAAAAEI8_usd__attempt_01__kujiale_grscene_MVUHLWYKTKJ5EAABAAAAAEI8_usd_grscene_frontier_000000/milestone_040.pred_gt_match.png
grscene,kujiale_grscene_MVUHLWYKTKJ5EAABAAAAAEI8_usd,kujiale_grscene_MVUHLWYKTKJ5EAABAAAAAEI8_usd__kujiale_grscene_MVUHLWYKTKJ5EAABAAAAAEI8_usd__attempt_01__kujiale_grscene_MVUHLWYKTKJ5EAABAAAAAEI8_usd_grscene_frontier_000000,voxroom,milestone_040,coverage_milestone,0.4002667810013815,0.4,False,86,0.9737610294357,0.9329712022906577,0.952929817055502,0.9080690381614899,97.37610294357,93.29712022906577,95.29298170555019,90.80690381614899,5,5,8272,2,0,/media/echo/data/voxroom_roomseg_evaluation/grscene_remaining25_union_fixed0p5_batch32_dual_clean_20260816_0120/grscene/kujiale_grscene_MVUHLWYKTKJ5EAABAAAAAEI8_usd/attempt_01/roomseg_coverage_eval/events/milestone_040/voxroom/roomseg_snapshots/roomseg_milestone_040_step_000086.npz,/media/echo/data/voxroom_roomseg_evaluation/grscene_all_available_gt_20260817/metrics_pr_f1_miou_excluding_training_grscenes_20260818_192125/match_visualizations/voxroom/kujiale_grscene_MVUHLWYKTKJ5EAABAAAAAEI8_usd__kujiale_grscene_MVUHLWYKTKJ5EAABAAAAAEI8_usd__attempt_01__kujiale_grscene_MVUHLWYKTKJ5EAABAAAAAEI8_usd_grscene_frontier_000000/milestone_040.pred_gt_match.png
grscene,kujiale_grscene_MVUHLWYKTKJ5EAABAAAAAEI8_usd,kujiale_grscene_MVUHLWYKTKJ5EAABAAAAAEI8_usd__kujiale_grscene_MVUHLWYKTKJ5EAABAAAAAEI8_usd__attempt_01__kujiale_grscene_MVUHLWYKTKJ5EAABAAAAAEI8_usd_grscene_frontier_000000,tvars_original,milestone_060,coverage_milestone,0.6029250631222905,0.6,False,149,0.8989495709867574,0.9366855941723091,0.9174297039114601,0.6569120475427394,89.89495709867575,93.66855941723091,91.742970391146,65.69120475427394,5,4,12347,2,0,/media/echo/data/voxroom_roomseg_evaluation/grscene_remaining25_union_fixed0p5_batch32_dual_clean_20260816_0120/grscene/kujiale_grscene_MVUHLWYKTKJ5EAABAAAAAEI8_usd/attempt_01/roomseg_coverage_eval/events/milestone_060/tvars_original/roomseg_snapshots/roomseg_milestone_060_step_000149.npz,/media/echo/data/voxroom_roomseg_evaluation/grscene_all_available_gt_20260817/metrics_pr_f1_miou_excluding_training_grscenes_20260818_192125/match_visualizations/tvars_original/kujiale_grscene_MVUHLWYKTKJ5EAABAAAAAEI8_usd__kujiale_grscene_MVUHLWYKTKJ5EAABAAAAAEI8_usd__attempt_01__kujiale_grscene_MVUHLWYKTKJ5EAABAAAAAEI8_usd_grscene_frontier_000000/milestone_060.pred_gt_match.png
grscene,kujiale_grscene_MVUHLWYKTKJ5EAABAAAAAEI8_usd,kujiale_grscene_MVUHLWYKTKJ5EAABAAAAAEI8_usd__kujiale_grscene_MVUHLWYKTKJ5EAABAAAAAEI8_usd__attempt_01__kujiale_grscene_MVUHLWYKTKJ5EAABAAAAAEI8_usd_grscene_frontier_000000,voxroom,milestone_060,coverage_milestone,0.6029250631222905,0.6,False,149,0.9737610294357,0.9332585231712303,0.9530796671807085,0.9083563590420622,97.37610294357,93.32585231712302,95.30796671807084,90.83563590420623,5,5,12347,2,0,/media/echo/data/voxroom_roomseg_evaluation/grscene_remaining25_union_fixed0p5_batch32_dual_clean_20260816_0120/grscene/kujiale_grscene_MVUHLWYKTKJ5EAABAAAAAEI8_usd/attempt_01/roomseg_coverage_eval/events/milestone_060/voxroom/roomseg_snapshots/roomseg_milestone_060_step_000149.npz,/media/echo/data/voxroom_roomseg_evaluation/grscene_all_available_gt_20260817/metrics_pr_f1_miou_excluding_training_grscenes_20260818_192125/match_visualizations/voxroom/kujiale_grscene_MVUHLWYKTKJ5EAABAAAAAEI8_usd__kujiale_grscene_MVUHLWYKTKJ5EAABAAAAAEI8_usd__attempt_01__kujiale_grscene_MVUHLWYKTKJ5EAABAAAAAEI8_usd_grscene_frontier_000000/milestone_060.pred_gt_match.png
grscene,kujiale_grscene_MVUHLWYKTKJ5EAABAAAAAEI8_usd,kujiale_grscene_MVUHLWYKTKJ5EAABAAAAAEI8_usd__kujiale_grscene_MVUHLWYKTKJ5EAABAAAAAEI8_usd__attempt_01__kujiale_grscene_MVUHLWYKTKJ5EAABAAAAAEI8_usd_grscene_frontier_000000,tvars_original,milestone_070,coverage_milestone,0.7001095707684246,0.7,False,247,0.8989636774910594,0.9390978066291357,0.9185925770869484,0.6593341696647036,89.89636774910595,93.90978066291356,91.85925770869484,65.93341696647036,5,4,14294,2,0,/media/echo/data/voxroom_roomseg_evaluation/grscene_remaining25_union_fixed0p5_batch32_dual_clean_20260816_0120/grscene/kujiale_grscene_MVUHLWYKTKJ5EAABAAAAAEI8_usd/attempt_01/roomseg_coverage_eval/events/milestone_070/tvars_original/roomseg_snapshots/roomseg_milestone_070_step_000247.npz,/media/echo/data/voxroom_roomseg_evaluation/grscene_all_available_gt_20260817/metrics_pr_f1_miou_excluding_training_grscenes_20260818_192125/match_visualizations/tvars_original/kujiale_grscene_MVUHLWYKTKJ5EAABAAAAAEI8_usd__kujiale_grscene_MVUHLWYKTKJ5EAABAAAAAEI8_usd__attempt_01__kujiale_grscene_MVUHLWYKTKJ5EAABAAAAAEI8_usd_grscene_frontier_000000/milestone_070.pred_gt_match.png
grscene,kujiale_grscene_MVUHLWYKTKJ5EAABAAAAAEI8_usd,kujiale_grscene_MVUHLWYKTKJ5EAABAAAAAEI8_usd__kujiale_grscene_MVUHLWYKTKJ5EAABAAAAAEI8_usd__attempt_01__kujiale_grscene_MVUHLWYKTKJ5EAABAAAAAEI8_usd_grscene_frontier_000000,voxroom,milestone_070,coverage_milestone,0.7001095707684246,0.7,False,247,0.9737610294357,0.9359938965850262,0.9545040233861668,0.9110917324558582,97.37610294357,93.59938965850262,95.45040233861668,91.10917324558582,5,5,14294,2,0,/media/echo/data/voxroom_roomseg_evaluation/grscene_remaining25_union_fixed0p5_batch32_dual_clean_20260816_0120/grscene/kujiale_grscene_MVUHLWYKTKJ5EAABAAAAAEI8_usd/attempt_01/roomseg_coverage_eval/events/milestone_070/voxroom/roomseg_snapshots/roomseg_milestone_070_step_000247.npz,/media/echo/data/voxroom_roomseg_evaluation/grscene_all_available_gt_20260817/metrics_pr_f1_miou_excluding_training_grscenes_20260818_192125/match_visualizations/voxroom/kujiale_grscene_MVUHLWYKTKJ5EAABAAAAAEI8_usd__kujiale_grscene_MVUHLWYKTKJ5EAABAAAAAEI8_usd__attempt_01__kujiale_grscene_MVUHLWYKTKJ5EAABAAAAAEI8_usd_grscene_frontier_000000/milestone_070.pred_gt_match.png
grscene,kujiale_grscene_MVUHLWYKTKJ5EAABAAAAAEI8_usd,kujiale_grscene_MVUHLWYKTKJ5EAABAAAAAEI8_usd__kujiale_grscene_MVUHLWYKTKJ5EAABAAAAAEI8_usd__attempt_01__kujiale_grscene_MVUHLWYKTKJ5EAABAAAAAEI8_usd_grscene_frontier_000000,tvars_original,milestone_080,coverage_milestone,0.8028202563003192,0.8,False,288,0.8680872085743356,0.9436948724875426,0.9043134449408939,0.5286978633152489,86.80872085743357,94.36948724875425,90.43134449408939,52.86978633152489,6,4,16585,1,0,/media/echo/data/voxroom_roomseg_evaluation/grscene_remaining25_union_fixed0p5_batch32_dual_clean_20260816_0120/grscene/kujiale_grscene_MVUHLWYKTKJ5EAABAAAAAEI8_usd/attempt_01/roomseg_coverage_eval/events/milestone_080/tvars_original/roomseg_snapshots/roomseg_milestone_080_step_000288.npz,/media/echo/data/voxroom_roomseg_evaluation/grscene_all_available_gt_20260817/metrics_pr_f1_miou_excluding_training_grscenes_20260818_192125/match_visualizations/tvars_original/kujiale_grscene_MVUHLWYKTKJ5EAABAAAAAEI8_usd__kujiale_grscene_MVUHLWYKTKJ5EAABAAAAAEI8_usd__attempt_01__kujiale_grscene_MVUHLWYKTKJ5EAABAAAAAEI8_usd_grscene_frontier_000000/milestone_080.pred_gt_match.png
grscene,kujiale_grscene_MVUHLWYKTKJ5EAABAAAAAEI8_usd,kujiale_grscene_MVUHLWYKTKJ5EAABAAAAAEI8_usd__kujiale_grscene_MVUHLWYKTKJ5EAABAAAAAEI8_usd__attempt_01__kujiale_grscene_MVUHLWYKTKJ5EAABAAAAAEI8_usd_grscene_frontier_000000,voxroom,milestone_080,coverage_milestone,0.8028202563003192,0.8,False,288,0.975805793006813,0.943341284032083,0.9592989518669762,0.9211813945269421,97.58057930068131,94.3341284032083,95.92989518669762,92.11813945269421,6,6,16585,1,0,/media/echo/data/voxroom_roomseg_evaluation/grscene_remaining25_union_fixed0p5_batch32_dual_clean_20260816_0120/grscene/kujiale_grscene_MVUHLWYKTKJ5EAABAAAAAEI8_usd/attempt_01/roomseg_coverage_eval/events/milestone_080/voxroom/roomseg_snapshots/roomseg_milestone_080_step_000288.npz,/media/echo/data/voxroom_roomseg_evaluation/grscene_all_available_gt_20260817/metrics_pr_f1_miou_excluding_training_grscenes_20260818_192125/match_visualizations/voxroom/kujiale_grscene_MVUHLWYKTKJ5EAABAAAAAEI8_usd__kujiale_grscene_MVUHLWYKTKJ5EAABAAAAAEI8_usd__attempt_01__kujiale_grscene_MVUHLWYKTKJ5EAABAAAAAEI8_usd_grscene_frontier_000000/milestone_080.pred_gt_match.png
grscene,kujiale_grscene_MVUHLWYKTKJ5EAABAAAAAEI8_usd,kujiale_grscene_MVUHLWYKTKJ5EAABAAAAAEI8_usd__kujiale_grscene_MVUHLWYKTKJ5EAABAAAAAEI8_usd__attempt_01__kujiale_grscene_MVUHLWYKTKJ5EAABAAAAAEI8_usd_grscene_frontier_000000,tvars_original,milestone_090,coverage_milestone,0.9103901672145205,0.9,False,677,0.841749442717085,0.9784948885245927,0.9049856801973851,0.5170576985438917,84.1749442717085,97.84948885245926,90.49856801973851,51.705769854389175,8,5,18758,1,0,/media/echo/data/voxroom_roomseg_evaluation/grscene_remaining25_union_fixed0p5_batch32_dual_clean_20260816_0120/grscene/kujiale_grscene_MVUHLWYKTKJ5EAABAAAAAEI8_usd/attempt_01/roomseg_coverage_eval/events/milestone_090/tvars_original/roomseg_snapshots/roomseg_milestone_090_step_000677.npz,/media/echo/data/voxroom_roomseg_evaluation/grscene_all_available_gt_20260817/metrics_pr_f1_miou_excluding_training_grscenes_20260818_192125/match_visualizations/tvars_original/kujiale_grscene_MVUHLWYKTKJ5EAABAAAAAEI8_usd__kujiale_grscene_MVUHLWYKTKJ5EAABAAAAAEI8_usd__attempt_01__kujiale_grscene_MVUHLWYKTKJ5EAABAAAAAEI8_usd_grscene_frontier_000000/milestone_090.pred_gt_match.png
grscene,kujiale_grscene_MVUHLWYKTKJ5EAABAAAAAEI8_usd,kujiale_grscene_MVUHLWYKTKJ5EAABAAAAAEI8_usd__kujiale_grscene_MVUHLWYKTKJ5EAABAAAAAEI8_usd__attempt_01__kujiale_grscene_MVUHLWYKTKJ5EAABAAAAAEI8_usd_grscene_frontier_000000,voxroom,milestone_090,coverage_milestone,0.9103901672145205,0.9,False,677,0.9449838321598094,0.9726051098608509,0.958595540216269,0.8015677860622203,94.49838321598094,97.2605109860851,95.8595540216269,80.15677860622203,8,7,18758,1,0,/media/echo/data/voxroom_roomseg_evaluation/grscene_remaining25_union_fixed0p5_batch32_dual_clean_20260816_0120/grscene/kujiale_grscene_MVUHLWYKTKJ5EAABAAAAAEI8_usd/attempt_01/roomseg_coverage_eval/events/milestone_090/voxroom/roomseg_snapshots/roomseg_milestone_090_step_000677.npz,/media/echo/data/voxroom_roomseg_evaluation/grscene_all_available_gt_20260817/metrics_pr_f1_miou_excluding_training_grscenes_20260818_192125/match_visualizations/voxroom/kujiale_grscene_MVUHLWYKTKJ5EAABAAAAAEI8_usd__kujiale_grscene_MVUHLWYKTKJ5EAABAAAAAEI8_usd__attempt_01__kujiale_grscene_MVUHLWYKTKJ5EAABAAAAAEI8_usd_grscene_frontier_000000/milestone_090.pred_gt_match.png
grscene,kujiale_grscene_MVUHLWYKTKJ5EAABAAAAAEI8_usd,kujiale_grscene_MVUHLWYKTKJ5EAABAAAAAEI8_usd__kujiale_grscene_MVUHLWYKTKJ5EAABAAAAAEI8_usd__attempt_01__kujiale_grscene_MVUHLWYKTKJ5EAABAAAAAEI8_usd_grscene_frontier_000000,tvars_original,final,terminal_forced,0.9993806869610785,,True,822,0.8479945593484136,0.9432509269992256,0.8930899313266483,0.6359163314458858,84.79945593484136,94.32509269992256,89.30899313266482,63.59163314458858,9,7,20538,0,0,/media/echo/data/voxroom_roomseg_evaluation/grscene_remaining25_union_fixed0p5_batch32_dual_clean_20260816_0120/grscene/kujiale_grscene_MVUHLWYKTKJ5EAABAAAAAEI8_usd/attempt_01/roomseg_coverage_eval/events/final/tvars_original/roomseg_snapshots/roomseg_final_step_000822.npz,/media/echo/data/voxroom_roomseg_evaluation/grscene_all_available_gt_20260817/metrics_pr_f1_miou_excluding_training_grscenes_20260818_192125/match_visualizations/tvars_original/kujiale_grscene_MVUHLWYKTKJ5EAABAAAAAEI8_usd__kujiale_grscene_MVUHLWYKTKJ5EAABAAAAAEI8_usd__attempt_01__kujiale_grscene_MVUHLWYKTKJ5EAABAAAAAEI8_usd_grscene_frontier_000000/final.pred_gt_match.png
grscene,kujiale_grscene_MVUHLWYKTKJ5EAABAAAAAEI8_usd,kujiale_grscene_MVUHLWYKTKJ5EAABAAAAAEI8_usd__kujiale_grscene_MVUHLWYKTKJ5EAABAAAAAEI8_usd__attempt_01__kujiale_grscene_MVUHLWYKTKJ5EAABAAAAAEI8_usd_grscene_frontier_000000,voxroom,final,terminal_forced,0.9993806869610785,,True,822,0.8889198867025456,0.9761522875343778,0.9304960878465839,0.6719105746306323,88.89198867025456,97.61522875343778,93.04960878465839,67.19105746306323,9,7,20538,0,0,/media/echo/data/voxroom_roomseg_evaluation/grscene_remaining25_union_fixed0p5_batch32_dual_clean_20260816_0120/grscene/kujiale_grscene_MVUHLWYKTKJ5EAABAAAAAEI8_usd/attempt_01/roomseg_coverage_eval/events/final/voxroom/roomseg_snapshots/roomseg_final_step_000822.npz,/media/echo/data/voxroom_roomseg_evaluation/grscene_all_available_gt_20260817/metrics_pr_f1_miou_excluding_training_grscenes_20260818_192125/match_visualizations/voxroom/kujiale_grscene_MVUHLWYKTKJ5EAABAAAAAEI8_usd__kujiale_grscene_MVUHLWYKTKJ5EAABAAAAAEI8_usd__attempt_01__kujiale_grscene_MVUHLWYKTKJ5EAABAAAAAEI8_usd_grscene_frontier_000000/final.pred_gt_match.png
grscene,kujiale_grscene_MWAX5JYKTKJZ2AABAAAAAAI8_usd,kujiale_grscene_MWAX5JYKTKJZ2AABAAAAAAI8_usd__kujiale_grscene_MWAX5JYKTKJZ2AABAAAAAAI8_usd__attempt_02__kujiale_grscene_MWAX5JYKTKJZ2AABAAAAAAI8_usd_grscene_frontier_000000,tvars_original,milestone_020,coverage_milestone,0.6745781568700167,0.2,False,0,0.7258624554390622,0.9903027158402842,0.8377090655113815,0.3621598375451694,72.58624554390623,99.03027158402841,83.77090655113815,36.21598375451694,4,2,3559,0,0,/media/echo/data/voxroom_roomseg_evaluation/grscene_remaining25_union_fixed0p5_batch32_dual_clean_20260816_0120/grscene/kujiale_grscene_MWAX5JYKTKJZ2AABAAAAAAI8_usd/attempt_02/roomseg_coverage_eval/events/milestone_020/tvars_original/roomseg_snapshots/roomseg_milestone_020_step_000000.npz,/media/echo/data/voxroom_roomseg_evaluation/grscene_all_available_gt_20260817/metrics_pr_f1_miou_excluding_training_grscenes_20260818_192125/match_visualizations/tvars_original/kujiale_grscene_MWAX5JYKTKJZ2AABAAAAAAI8_usd__kujiale_grscene_MWAX5JYKTKJZ2AABAAAAAAI8_usd__attempt_02__kujiale_grscene_MWAX5JYKTKJZ2AABAAAAAAI8_usd_grscene_frontier_000000/milestone_020.pred_gt_match.png
grscene,kujiale_grscene_MWAX5JYKTKJZ2AABAAAAAAI8_usd,kujiale_grscene_MWAX5JYKTKJZ2AABAAAAAAI8_usd__kujiale_grscene_MWAX5JYKTKJZ2AABAAAAAAI8_usd__attempt_02__kujiale_grscene_MWAX5JYKTKJZ2AABAAAAAAI8_usd_grscene_frontier_000000,voxroom,milestone_020,coverage_milestone,0.6745781568700167,0.2,False,0,0.73828125,0.9884720217452716,0.8452514574552155,0.3618321855303823,73.828125,98.84720217452715,84.52514574552154,36.18321855303823,4,2,3559,0,0,/media/echo/data/voxroom_roomseg_evaluation/grscene_remaining25_union_fixed0p5_batch32_dual_clean_20260816_0120/grscene/kujiale_grscene_MWAX5JYKTKJZ2AABAAAAAAI8_usd/attempt_02/roomseg_coverage_eval/events/milestone_020/voxroom/roomseg_snapshots/roomseg_milestone_020_step_000000.npz,/media/echo/data/voxroom_roomseg_evaluation/grscene_all_available_gt_20260817/metrics_pr_f1_miou_excluding_training_grscenes_20260818_192125/match_visualizations/voxroom/kujiale_grscene_MWAX5JYKTKJZ2AABAAAAAAI8_usd__kujiale_grscene_MWAX5JYKTKJZ2AABAAAAAAI8_usd__attempt_02__kujiale_grscene_MWAX5JYKTKJZ2AABAAAAAAI8_usd_grscene_frontier_000000/milestone_020.pred_gt_match.png
grscene,kujiale_grscene_MWAX5JYKTKJZ2AABAAAAAAI8_usd,kujiale_grscene_MWAX5JYKTKJZ2AABAAAAAAI8_usd__kujiale_grscene_MWAX5JYKTKJZ2AABAAAAAAI8_usd__attempt_02__kujiale_grscene_MWAX5JYKTKJZ2AABAAAAAAI8_usd_grscene_frontier_000000,tvars_original,milestone_040,coverage_milestone,0.6745781568700167,0.4,False,0,0.7258624554390622,0.9903027158402842,0.8377090655113815,0.3621598375451694,72.58624554390623,99.03027158402841,83.77090655113815,36.21598375451694,4,2,3559,0,0,/media/echo/data/voxroom_roomseg_evaluation/grscene_remaining25_union_fixed0p5_batch32_dual_clean_20260816_0120/grscene/kujiale_grscene_MWAX5JYKTKJZ2AABAAAAAAI8_usd/attempt_02/roomseg_coverage_eval/events/milestone_040/tvars_original/roomseg_snapshots/roomseg_milestone_040_step_000000.npz,/media/echo/data/voxroom_roomseg_evaluation/grscene_all_available_gt_20260817/metrics_pr_f1_miou_excluding_training_grscenes_20260818_192125/match_visualizations/tvars_original/kujiale_grscene_MWAX5JYKTKJZ2AABAAAAAAI8_usd__kujiale_grscene_MWAX5JYKTKJZ2AABAAAAAAI8_usd__attempt_02__kujiale_grscene_MWAX5JYKTKJZ2AABAAAAAAI8_usd_grscene_frontier_000000/milestone_040.pred_gt_match.png
grscene,kujiale_grscene_MWAX5JYKTKJZ2AABAAAAAAI8_usd,kujiale_grscene_MWAX5JYKTKJZ2AABAAAAAAI8_usd__kujiale_grscene_MWAX5JYKTKJZ2AABAAAAAAI8_usd__attempt_02__kujiale_grscene_MWAX5JYKTKJZ2AABAAAAAAI8_usd_grscene_frontier_000000,voxroom,milestone_040,coverage_milestone,0.6745781568700167,0.4,False,0,0.73828125,0.9884720217452716,0.8452514574552155,0.3618321855303823,73.828125,98.84720217452715,84.52514574552154,36.18321855303823,4,2,3559,0,0,/media/echo/data/voxroom_roomseg_evaluation/grscene_remaining25_union_fixed0p5_batch32_dual_clean_20260816_0120/grscene/kujiale_grscene_MWAX5JYKTKJZ2AABAAAAAAI8_usd/attempt_02/roomseg_coverage_eval/events/milestone_040/voxroom/roomseg_snapshots/roomseg_milestone_040_step_000000.npz,/media/echo/data/voxroom_roomseg_evaluation/grscene_all_available_gt_20260817/metrics_pr_f1_miou_excluding_training_grscenes_20260818_192125/match_visualizations/voxroom/kujiale_grscene_MWAX5JYKTKJZ2AABAAAAAAI8_usd__kujiale_grscene_MWAX5JYKTKJZ2AABAAAAAAI8_usd__attempt_02__kujiale_grscene_MWAX5JYKTKJZ2AABAAAAAAI8_usd_grscene_frontier_000000/milestone_040.pred_gt_match.png
grscene,kujiale_grscene_MWAX5JYKTKJZ2AABAAAAAAI8_usd,kujiale_grscene_MWAX5JYKTKJZ2AABAAAAAAI8_usd__kujiale_grscene_MWAX5JYKTKJZ2AABAAAAAAI8_usd__attempt_02__kujiale_grscene_MWAX5JYKTKJZ2AABAAAAAAI8_usd_grscene_frontier_000000,tvars_original,milestone_060,coverage_milestone,0.6745781568700167,0.6,False,0,0.7258624554390622,0.9903027158402842,0.8377090655113815,0.3621598375451694,72.58624554390623,99.03027158402841,83.77090655113815,36.21598375451694,4,2,3559,0,0,/media/echo/data/voxroom_roomseg_evaluation/grscene_remaining25_union_fixed0p5_batch32_dual_clean_20260816_0120/grscene/kujiale_grscene_MWAX5JYKTKJZ2AABAAAAAAI8_usd/attempt_02/roomseg_coverage_eval/events/milestone_060/tvars_original/roomseg_snapshots/roomseg_milestone_060_step_000000.npz,/media/echo/data/voxroom_roomseg_evaluation/grscene_all_available_gt_20260817/metrics_pr_f1_miou_excluding_training_grscenes_20260818_192125/match_visualizations/tvars_original/kujiale_grscene_MWAX5JYKTKJZ2AABAAAAAAI8_usd__kujiale_grscene_MWAX5JYKTKJZ2AABAAAAAAI8_usd__attempt_02__kujiale_grscene_MWAX5JYKTKJZ2AABAAAAAAI8_usd_grscene_frontier_000000/milestone_060.pred_gt_match.png
grscene,kujiale_grscene_MWAX5JYKTKJZ2AABAAAAAAI8_usd,kujiale_grscene_MWAX5JYKTKJZ2AABAAAAAAI8_usd__kujiale_grscene_MWAX5JYKTKJZ2AABAAAAAAI8_usd__attempt_02__kujiale_grscene_MWAX5JYKTKJZ2AABAAAAAAI8_usd_grscene_frontier_000000,voxroom,milestone_060,coverage_milestone,0.6745781568700167,0.6,False,0,0.73828125,0.9884720217452716,0.8452514574552155,0.3618321855303823,73.828125,98.84720217452715,84.52514574552154,36.18321855303823,4,2,3559,0,0,/media/echo/data/voxroom_roomseg_evaluation/grscene_remaining25_union_fixed0p5_batch32_dual_clean_20260816_0120/grscene/kujiale_grscene_MWAX5JYKTKJZ2AABAAAAAAI8_usd/attempt_02/roomseg_coverage_eval/events/milestone_060/voxroom/roomseg_snapshots/roomseg_milestone_060_step_000000.npz,/media/echo/data/voxroom_roomseg_evaluation/grscene_all_available_gt_20260817/metrics_pr_f1_miou_excluding_training_grscenes_20260818_192125/match_visualizations/voxroom/kujiale_grscene_MWAX5JYKTKJZ2AABAAAAAAI8_usd__kujiale_grscene_MWAX5JYKTKJZ2AABAAAAAAI8_usd__attempt_02__kujiale_grscene_MWAX5JYKTKJZ2AABAAAAAAI8_usd_grscene_frontier_000000/milestone_060.pred_gt_match.png
grscene,kujiale_grscene_MWAX5JYKTKJZ2AABAAAAAAI8_usd,kujiale_grscene_MWAX5JYKTKJZ2AABAAAAAAI8_usd__kujiale_grscene_MWAX5JYKTKJZ2AABAAAAAAI8_usd__attempt_02__kujiale_grscene_MWAX5JYKTKJZ2AABAAAAAAI8_usd_grscene_frontier_000000,tvars_original,milestone_070,coverage_milestone,0.7192657148155016,0.7,False,20,0.7182293569091085,0.9868787596520507,0.8313904438173232,0.35496597667809326,71.82293569091085,98.68787596520508,83.13904438173232,35.496597667809326,4,2,3789,0,0,/media/echo/data/voxroom_roomseg_evaluation/grscene_remaining25_union_fixed0p5_batch32_dual_clean_20260816_0120/grscene/kujiale_grscene_MWAX5JYKTKJZ2AABAAAAAAI8_usd/attempt_02/roomseg_coverage_eval/events/milestone_070/tvars_original/roomseg_snapshots/roomseg_milestone_070_step_000020.npz,/media/echo/data/voxroom_roomseg_evaluation/grscene_all_available_gt_20260817/metrics_pr_f1_miou_excluding_training_grscenes_20260818_192125/match_visualizations/tvars_original/kujiale_grscene_MWAX5JYKTKJZ2AABAAAAAAI8_usd__kujiale_grscene_MWAX5JYKTKJZ2AABAAAAAAI8_usd__attempt_02__kujiale_grscene_MWAX5JYKTKJZ2AABAAAAAAI8_usd_grscene_frontier_000000/milestone_070.pred_gt_match.png
grscene,kujiale_grscene_MWAX5JYKTKJZ2AABAAAAAAI8_usd,kujiale_grscene_MWAX5JYKTKJZ2AABAAAAAAI8_usd__kujiale_grscene_MWAX5JYKTKJZ2AABAAAAAAI8_usd__attempt_02__kujiale_grscene_MWAX5JYKTKJZ2AABAAAAAAI8_usd_grscene_frontier_000000,voxroom,milestone_070,coverage_milestone,0.7192657148155016,0.7,False,20,0.729483282674772,0.9857433715576601,0.8384703080311806,0.3545414923111007,72.94832826747721,98.57433715576602,83.84703080311806,35.45414923111007,4,2,3789,0,0,/media/echo/data/voxroom_roomseg_evaluation/grscene_remaining25_union_fixed0p5_batch32_dual_clean_20260816_0120/grscene/kujiale_grscene_MWAX5JYKTKJZ2AABAAAAAAI8_usd/attempt_02/roomseg_coverage_eval/events/milestone_070/voxroom/roomseg_snapshots/roomseg_milestone_070_step_000020.npz,/media/echo/data/voxroom_roomseg_evaluation/grscene_all_available_gt_20260817/metrics_pr_f1_miou_excluding_training_grscenes_20260818_192125/match_visualizations/voxroom/kujiale_grscene_MWAX5JYKTKJZ2AABAAAAAAI8_usd__kujiale_grscene_MWAX5JYKTKJZ2AABAAAAAAI8_usd__attempt_02__kujiale_grscene_MWAX5JYKTKJZ2AABAAAAAAI8_usd_grscene_frontier_000000/milestone_070.pred_gt_match.png
grscene,kujiale_grscene_MWAX5JYKTKJZ2AABAAAAAAI8_usd,kujiale_grscene_MWAX5JYKTKJZ2AABAAAAAAI8_usd__kujiale_grscene_MWAX5JYKTKJZ2AABAAAAAAI8_usd__attempt_02__kujiale_grscene_MWAX5JYKTKJZ2AABAAAAAAI8_usd_grscene_frontier_000000,tvars_original,milestone_080,coverage_milestone,0.8106805117745225,0.8,False,344,0.8138133835155098,0.9793243479107133,0.8889303338661346,0.6096560482320783,81.38133835155098,97.93243479107133,88.89303338661347,60.96560482320783,4,3,4226,0,0,/media/echo/data/voxroom_roomseg_evaluation/grscene_remaining25_union_fixed0p5_batch32_dual_clean_20260816_0120/grscene/kujiale_grscene_MWAX5JYKTKJZ2AABAAAAAAI8_usd/attempt_02/roomseg_coverage_eval/events/milestone_080/tvars_original/roomseg_snapshots/roomseg_milestone_080_step_000344.npz,/media/echo/data/voxroom_roomseg_evaluation/grscene_all_available_gt_20260817/metrics_pr_f1_miou_excluding_training_grscenes_20260818_192125/match_visualizations/tvars_original/kujiale_grscene_MWAX5JYKTKJZ2AABAAAAAAI8_usd__kujiale_grscene_MWAX5JYKTKJZ2AABAAAAAAI8_usd__attempt_02__kujiale_grscene_MWAX5JYKTKJZ2AABAAAAAAI8_usd_grscene_frontier_000000/milestone_080.pred_gt_match.png
grscene,kujiale_grscene_MWAX5JYKTKJZ2AABAAAAAAI8_usd,kujiale_grscene_MWAX5JYKTKJZ2AABAAAAAAI8_usd__kujiale_grscene_MWAX5JYKTKJZ2AABAAAAAAI8_usd__attempt_02__kujiale_grscene_MWAX5JYKTKJZ2AABAAAAAAI8_usd_grscene_frontier_000000,voxroom,milestone_080,coverage_milestone,0.8106805117745225,0.8,False,344,0.9184657872157872,0.8864016104912847,0.9021488825201238,0.670877192252096,91.84657872157872,88.64016104912848,90.21488825201239,67.0877192252096,4,3,4226,0,1,/media/echo/data/voxroom_roomseg_evaluation/grscene_remaining25_union_fixed0p5_batch32_dual_clean_20260816_0120/grscene/kujiale_grscene_MWAX5JYKTKJZ2AABAAAAAAI8_usd/attempt_02/roomseg_coverage_eval/events/milestone_080/voxroom/roomseg_snapshots/roomseg_milestone_080_step_000344.npz,/media/echo/data/voxroom_roomseg_evaluation/grscene_all_available_gt_20260817/metrics_pr_f1_miou_excluding_training_grscenes_20260818_192125/match_visualizations/voxroom/kujiale_grscene_MWAX5JYKTKJZ2AABAAAAAAI8_usd__kujiale_grscene_MWAX5JYKTKJZ2AABAAAAAAI8_usd__attempt_02__kujiale_grscene_MWAX5JYKTKJZ2AABAAAAAAI8_usd_grscene_frontier_000000/milestone_080.pred_gt_match.png
grscene,kujiale_grscene_MWAX5JYKTKJZ2AABAAAAAAI8_usd,kujiale_grscene_MWAX5JYKTKJZ2AABAAAAAAI8_usd__kujiale_grscene_MWAX5JYKTKJZ2AABAAAAAAI8_usd__attempt_02__kujiale_grscene_MWAX5JYKTKJZ2AABAAAAAAI8_usd_grscene_frontier_000000,tvars_original,milestone_090,coverage_milestone,0.9089560541442611,0.9,False,354,0.8159363238527647,0.9783075641045584,0.8897749997204536,0.6103764964683959,81.59363238527646,97.83075641045585,88.97749997204536,61.03764964683959,4,3,4738,0,0,/media/echo/data/voxroom_roomseg_evaluation/grscene_remaining25_union_fixed0p5_batch32_dual_clean_20260816_0120/grscene/kujiale_grscene_MWAX5JYKTKJZ2AABAAAAAAI8_usd/attempt_02/roomseg_coverage_eval/events/milestone_090/tvars_original/roomseg_snapshots/roomseg_milestone_090_step_000354.npz,/media/echo/data/voxroom_roomseg_evaluation/grscene_all_available_gt_20260817/metrics_pr_f1_miou_excluding_training_grscenes_20260818_192125/match_visualizations/tvars_original/kujiale_grscene_MWAX5JYKTKJZ2AABAAAAAAI8_usd__kujiale_grscene_MWAX5JYKTKJZ2AABAAAAAAI8_usd__attempt_02__kujiale_grscene_MWAX5JYKTKJZ2AABAAAAAAI8_usd_grscene_frontier_000000/milestone_090.pred_gt_match.png
grscene,kujiale_grscene_MWAX5JYKTKJZ2AABAAAAAAI8_usd,kujiale_grscene_MWAX5JYKTKJZ2AABAAAAAAI8_usd__kujiale_grscene_MWAX5JYKTKJZ2AABAAAAAAI8_usd__attempt_02__kujiale_grscene_MWAX5JYKTKJZ2AABAAAAAAI8_usd_grscene_frontier_000000,voxroom,milestone_090,coverage_milestone,0.9089560541442611,0.9,False,354,0.9184713109546072,0.887574872704285,0.9027588156705103,0.6720568462840553,91.84713109546072,88.7574872704285,90.27588156705103,67.20568462840552,4,3,4738,0,1,/media/echo/data/voxroom_roomseg_evaluation/grscene_remaining25_union_fixed0p5_batch32_dual_clean_20260816_0120/grscene/kujiale_grscene_MWAX5JYKTKJZ2AABAAAAAAI8_usd/attempt_02/roomseg_coverage_eval/events/milestone_090/voxroom/roomseg_snapshots/roomseg_milestone_090_step_000354.npz,/media/echo/data/voxroom_roomseg_evaluation/grscene_all_available_gt_20260817/metrics_pr_f1_miou_excluding_training_grscenes_20260818_192125/match_visualizations/voxroom/kujiale_grscene_MWAX5JYKTKJZ2AABAAAAAAI8_usd__kujiale_grscene_MWAX5JYKTKJZ2AABAAAAAAI8_usd__attempt_02__kujiale_grscene_MWAX5JYKTKJZ2AABAAAAAAI8_usd_grscene_frontier_000000/milestone_090.pred_gt_match.png
grscene,kujiale_grscene_MWAX5JYKTKJZ2AABAAAAAAI8_usd,kujiale_grscene_MWAX5JYKTKJZ2AABAAAAAAI8_usd__kujiale_grscene_MWAX5JYKTKJZ2AABAAAAAAI8_usd__attempt_02__kujiale_grscene_MWAX5JYKTKJZ2AABAAAAAAI8_usd_grscene_frontier_000000,tvars_original,final,terminal_forced,1.0,,True,667,0.8148159918890885,0.9820506034477001,0.8906510239660114,0.6108727916948831,81.48159918890885,98.20506034477002,89.06510239660113,61.087279169488305,4,3,5117,0,0,/media/echo/data/voxroom_roomseg_evaluation/grscene_remaining25_union_fixed0p5_batch32_dual_clean_20260816_0120/grscene/kujiale_grscene_MWAX5JYKTKJZ2AABAAAAAAI8_usd/attempt_02/roomseg_coverage_eval/events/final/tvars_original/roomseg_snapshots/roomseg_final_step_000667.npz,/media/echo/data/voxroom_roomseg_evaluation/grscene_all_available_gt_20260817/metrics_pr_f1_miou_excluding_training_grscenes_20260818_192125/match_visualizations/tvars_original/kujiale_grscene_MWAX5JYKTKJZ2AABAAAAAAI8_usd__kujiale_grscene_MWAX5JYKTKJZ2AABAAAAAAI8_usd__attempt_02__kujiale_grscene_MWAX5JYKTKJZ2AABAAAAAAI8_usd_grscene_frontier_000000/final.pred_gt_match.png
grscene,kujiale_grscene_MWAX5JYKTKJZ2AABAAAAAAI8_usd,kujiale_grscene_MWAX5JYKTKJZ2AABAAAAAAI8_usd__kujiale_grscene_MWAX5JYKTKJZ2AABAAAAAAI8_usd__attempt_02__kujiale_grscene_MWAX5JYKTKJZ2AABAAAAAAI8_usd_grscene_frontier_000000,voxroom,final,terminal_forced,1.0,,True,667,0.9214110292475999,0.8926995287229399,0.906828073907069,0.6777762075512475,92.14110292475999,89.26995287229398,90.6828073907069,67.77762075512474,4,3,5117,0,1,/media/echo/data/voxroom_roomseg_evaluation/grscene_remaining25_union_fixed0p5_batch32_dual_clean_20260816_0120/grscene/kujiale_grscene_MWAX5JYKTKJZ2AABAAAAAAI8_usd/attempt_02/roomseg_coverage_eval/events/final/voxroom/roomseg_snapshots/roomseg_final_step_000667.npz,/media/echo/data/voxroom_roomseg_evaluation/grscene_all_available_gt_20260817/metrics_pr_f1_miou_excluding_training_grscenes_20260818_192125/match_visualizations/voxroom/kujiale_grscene_MWAX5JYKTKJZ2AABAAAAAAI8_usd__kujiale_grscene_MWAX5JYKTKJZ2AABAAAAAAI8_usd__attempt_02__kujiale_grscene_MWAX5JYKTKJZ2AABAAAAAAI8_usd_grscene_frontier_000000/final.pred_gt_match.png
grscene,kujiale_grscene_MWAX5JYKTKJZ2AABAAAAAAQ8_usd,kujiale_grscene_MWAX5JYKTKJZ2AABAAAAAAQ8_usd__kujiale_grscene_MWAX5JYKTKJZ2AABAAAAAAQ8_usd__attempt_01__kujiale_grscene_MWAX5JYKTKJZ2AABAAAAAAQ8_usd_grscene_frontier_000000,tvars_original,milestone_020,coverage_milestone,0.30218287427393664,0.2,False,0,1.0,0.9897627559311017,0.9948550428746428,0.9897627559311017,100.0,98.97627559311017,99.48550428746428,98.97627559311017,1,1,6154,2,0,/media/echo/data/voxroom_roomseg_evaluation/grscene_remaining25_union_fixed0p5_batch32_dual_clean_20260816_0120/grscene/kujiale_grscene_MWAX5JYKTKJZ2AABAAAAAAQ8_usd/attempt_01/roomseg_coverage_eval/events/milestone_020/tvars_original/roomseg_snapshots/roomseg_milestone_020_step_000000.npz,/media/echo/data/voxroom_roomseg_evaluation/grscene_all_available_gt_20260817/metrics_pr_f1_miou_excluding_training_grscenes_20260818_192125/match_visualizations/tvars_original/kujiale_grscene_MWAX5JYKTKJZ2AABAAAAAAQ8_usd__kujiale_grscene_MWAX5JYKTKJZ2AABAAAAAAQ8_usd__attempt_01__kujiale_grscene_MWAX5JYKTKJZ2AABAAAAAAQ8_usd_grscene_frontier_000000/milestone_020.pred_gt_match.png
grscene,kujiale_grscene_MWAX5JYKTKJZ2AABAAAAAAQ8_usd,kujiale_grscene_MWAX5JYKTKJZ2AABAAAAAAQ8_usd__kujiale_grscene_MWAX5JYKTKJZ2AABAAAAAAQ8_usd__attempt_01__kujiale_grscene_MWAX5JYKTKJZ2AABAAAAAAQ8_usd_grscene_frontier_000000,voxroom,milestone_020,coverage_milestone,0.30218287427393664,0.2,False,0,1.0,0.9351641208969775,0.9664959274498278,0.9351641208969775,100.0,93.51641208969775,96.64959274498278,93.51641208969775,1,2,6154,2,0,/media/echo/data/voxroom_roomseg_evaluation/grscene_remaining25_union_fixed0p5_batch32_dual_clean_20260816_0120/grscene/kujiale_grscene_MWAX5JYKTKJZ2AABAAAAAAQ8_usd/attempt_01/roomseg_coverage_eval/events/milestone_020/voxroom/roomseg_snapshots/roomseg_milestone_020_step_000000.npz,/media/echo/data/voxroom_roomseg_evaluation/grscene_all_available_gt_20260817/metrics_pr_f1_miou_excluding_training_grscenes_20260818_192125/match_visualizations/voxroom/kujiale_grscene_MWAX5JYKTKJZ2AABAAAAAAQ8_usd__kujiale_grscene_MWAX5JYKTKJZ2AABAAAAAAQ8_usd__attempt_01__kujiale_grscene_MWAX5JYKTKJZ2AABAAAAAAQ8_usd_grscene_frontier_000000/milestone_020.pred_gt_match.png
grscene,kujiale_grscene_MWAX5JYKTKJZ2AABAAAAAAQ8_usd,kujiale_grscene_MWAX5JYKTKJZ2AABAAAAAAQ8_usd__kujiale_grscene_MWAX5JYKTKJZ2AABAAAAAAQ8_usd__attempt_01__kujiale_grscene_MWAX5JYKTKJZ2AABAAAAAAQ8_usd_grscene_frontier_000000,tvars_original,milestone_040,coverage_milestone,0.40158328649053776,0.4,False,15,0.9399853622834837,0.9946243292805754,0.9665332646389371,0.467030303030303,93.99853622834837,99.46243292805754,96.6533264638937,46.7030303030303,2,1,8252,2,0,/media/echo/data/voxroom_roomseg_evaluation/grscene_remaining25_union_fixed0p5_batch32_dual_clean_20260816_0120/grscene/kujiale_grscene_MWAX5JYKTKJZ2AABAAAAAAQ8_usd/attempt_01/roomseg_coverage_eval/events/milestone_040/tvars_original/roomseg_snapshots/roomseg_milestone_040_step_000015.npz,/media/echo/data/voxroom_roomseg_evaluation/grscene_all_available_gt_20260817/metrics_pr_f1_miou_excluding_training_grscenes_20260818_192125/match_visualizations/tvars_original/kujiale_grscene_MWAX5JYKTKJZ2AABAAAAAAQ8_usd__kujiale_grscene_MWAX5JYKTKJZ2AABAAAAAAQ8_usd__attempt_01__kujiale_grscene_MWAX5JYKTKJZ2AABAAAAAAQ8_usd_grscene_frontier_000000/milestone_040.pred_gt_match.png
grscene,kujiale_grscene_MWAX5JYKTKJZ2AABAAAAAAQ8_usd,kujiale_grscene_MWAX5JYKTKJZ2AABAAAAAAQ8_usd__kujiale_grscene_MWAX5JYKTKJZ2AABAAAAAAQ8_usd__attempt_01__kujiale_grscene_MWAX5JYKTKJZ2AABAAAAAAQ8_usd_grscene_frontier_000000,voxroom,milestone_040,coverage_milestone,0.40158328649053776,0.4,False,15,1.0,0.9544385683108361,0.9766882252387491,0.9544385683108361,100.0,95.44385683108361,97.66882252387491,95.44385683108361,2,3,8252,2,0,/media/echo/data/voxroom_roomseg_evaluation/grscene_remaining25_union_fixed0p5_batch32_dual_clean_20260816_0120/grscene/kujiale_grscene_MWAX5JYKTKJZ2AABAAAAAAQ8_usd/attempt_01/roomseg_coverage_eval/events/milestone_040/voxroom/roomseg_snapshots/roomseg_milestone_040_step_000015.npz,/media/echo/data/voxroom_roomseg_evaluation/grscene_all_available_gt_20260817/metrics_pr_f1_miou_excluding_training_grscenes_20260818_192125/match_visualizations/voxroom/kujiale_grscene_MWAX5JYKTKJZ2AABAAAAAAQ8_usd__kujiale_grscene_MWAX5JYKTKJZ2AABAAAAAAQ8_usd__attempt_01__kujiale_grscene_MWAX5JYKTKJZ2AABAAAAAAQ8_usd_grscene_frontier_000000/milestone_040.pred_gt_match.png
grscene,kujiale_grscene_MWAX5JYKTKJZ2AABAAAAAAQ8_usd,kujiale_grscene_MWAX5JYKTKJZ2AABAAAAAAQ8_usd__kujiale_grscene_MWAX5JYKTKJZ2AABAAAAAAQ8_usd__attempt_01__kujiale_grscene_MWAX5JYKTKJZ2AABAAAAAAQ8_usd_grscene_frontier_000000,tvars_original,milestone_060,coverage_milestone,0.6000093685591156,0.6,False,243,0.9785687524625432,0.9820258076216626,0.9802942321834033,0.712307426948852,97.85687524625432,98.20258076216626,98.02942321834033,71.2307426948852,4,4,12591,2,0,/media/echo/data/voxroom_roomseg_evaluation/grscene_remaining25_union_fixed0p5_batch32_dual_clean_20260816_0120/grscene/kujiale_grscene_MWAX5JYKTKJZ2AABAAAAAAQ8_usd/attempt_01/roomseg_coverage_eval/events/milestone_060/tvars_original/roomseg_snapshots/roomseg_milestone_060_step_000243.npz,/media/echo/data/voxroom_roomseg_evaluation/grscene_all_available_gt_20260817/metrics_pr_f1_miou_excluding_training_grscenes_20260818_192125/match_visualizations/tvars_original/kujiale_grscene_MWAX5JYKTKJZ2AABAAAAAAQ8_usd__kujiale_grscene_MWAX5JYKTKJZ2AABAAAAAAQ8_usd__attempt_01__kujiale_grscene_MWAX5JYKTKJZ2AABAAAAAAQ8_usd_grscene_frontier_000000/milestone_060.pred_gt_match.png
grscene,kujiale_grscene_MWAX5JYKTKJZ2AABAAAAAAQ8_usd,kujiale_grscene_MWAX5JYKTKJZ2AABAAAAAAQ8_usd__kujiale_grscene_MWAX5JYKTKJZ2AABAAAAAAQ8_usd__attempt_01__kujiale_grscene_MWAX5JYKTKJZ2AABAAAAAAQ8_usd_grscene_frontier_000000,voxroom,milestone_060,coverage_milestone,0.6000093685591156,0.6,False,243,0.9516514333194849,0.9665355048487511,0.9590357229956424,0.4318762699090697,95.16514333194849,96.65355048487511,95.90357229956425,43.18762699090697,4,4,12591,2,0,/media/echo/data/voxroom_roomseg_evaluation/grscene_remaining25_union_fixed0p5_batch32_dual_clean_20260816_0120/grscene/kujiale_grscene_MWAX5JYKTKJZ2AABAAAAAAQ8_usd/attempt_01/roomseg_coverage_eval/events/milestone_060/voxroom/roomseg_snapshots/roomseg_milestone_060_step_000243.npz,/media/echo/data/voxroom_roomseg_evaluation/grscene_all_available_gt_20260817/metrics_pr_f1_miou_excluding_training_grscenes_20260818_192125/match_visualizations/voxroom/kujiale_grscene_MWAX5JYKTKJZ2AABAAAAAAQ8_usd__kujiale_grscene_MWAX5JYKTKJZ2AABAAAAAAQ8_usd__attempt_01__kujiale_grscene_MWAX5JYKTKJZ2AABAAAAAAQ8_usd_grscene_frontier_000000/milestone_060.pred_gt_match.png
grscene,kujiale_grscene_MWAX5JYKTKJZ2AABAAAAAAQ8_usd,kujiale_grscene_MWAX5JYKTKJZ2AABAAAAAAQ8_usd__kujiale_grscene_MWAX5JYKTKJZ2AABAAAAAAQ8_usd__attempt_01__kujiale_grscene_MWAX5JYKTKJZ2AABAAAAAAQ8_usd_grscene_frontier_000000,tvars_original,milestone_070,coverage_milestone,0.714914746112048,0.7,False,306,0.9368696326790078,0.9855751895118775,0.9606054281685422,0.5398439166241161,93.68696326790078,98.55751895118775,96.06054281685422,53.98439166241161,5,4,14779,2,0,/media/echo/data/voxroom_roomseg_evaluation/grscene_remaining25_union_fixed0p5_batch32_dual_clean_20260816_0120/grscene/kujiale_grscene_MWAX5JYKTKJZ2AABAAAAAAQ8_usd/attempt_01/roomseg_coverage_eval/events/milestone_070/tvars_original/roomseg_snapshots/roomseg_milestone_070_step_000306.npz,/media/echo/data/voxroom_roomseg_evaluation/grscene_all_available_gt_20260817/metrics_pr_f1_miou_excluding_training_grscenes_20260818_192125/match_visualizations/tvars_original/kujiale_grscene_MWAX5JYKTKJZ2AABAAAAAAQ8_usd__kujiale_grscene_MWAX5JYKTKJZ2AABAAAAAAQ8_usd__attempt_01__kujiale_grscene_MWAX5JYKTKJZ2AABAAAAAAQ8_usd_grscene_frontier_000000/milestone_070.pred_gt_match.png
grscene,kujiale_grscene_MWAX5JYKTKJZ2AABAAAAAAQ8_usd,kujiale_grscene_MWAX5JYKTKJZ2AABAAAAAAQ8_usd__kujiale_grscene_MWAX5JYKTKJZ2AABAAAAAAQ8_usd__attempt_01__kujiale_grscene_MWAX5JYKTKJZ2AABAAAAAAQ8_usd_grscene_frontier_000000,voxroom,milestone_070,coverage_milestone,0.714914746112048,0.7,False,306,0.8100756611874791,0.9693547441931033,0.8825865658505473,0.42109436762613156,81.0075661187479,96.93547441931032,88.25865658505472,42.10943676261316,5,4,14779,2,0,/media/echo/data/voxroom_roomseg_evaluation/grscene_remaining25_union_fixed0p5_batch32_dual_clean_20260816_0120/grscene/kujiale_grscene_MWAX5JYKTKJZ2AABAAAAAAQ8_usd/attempt_01/roomseg_coverage_eval/events/milestone_070/voxroom/roomseg_snapshots/roomseg_milestone_070_step_000306.npz,/media/echo/data/voxroom_roomseg_evaluation/grscene_all_available_gt_20260817/metrics_pr_f1_miou_excluding_training_grscenes_20260818_192125/match_visualizations/voxroom/kujiale_grscene_MWAX5JYKTKJZ2AABAAAAAAQ8_usd__kujiale_grscene_MWAX5JYKTKJZ2AABAAAAAAQ8_usd__attempt_01__kujiale_grscene_MWAX5JYKTKJZ2AABAAAAAAQ8_usd_grscene_frontier_000000/milestone_070.pred_gt_match.png
grscene,kujiale_grscene_MWAX5JYKTKJZ2AABAAAAAAQ8_usd,kujiale_grscene_MWAX5JYKTKJZ2AABAAAAAAQ8_usd__kujiale_grscene_MWAX5JYKTKJZ2AABAAAAAAQ8_usd__attempt_01__kujiale_grscene_MWAX5JYKTKJZ2AABAAAAAAQ8_usd_grscene_frontier_000000,tvars_original,milestone_080,coverage_milestone,0.8156735994004122,0.8,False,339,0.9280972951711604,0.9712754675133274,0.9491955997001572,0.5866722953349841,92.80972951711604,97.12754675133274,94.91955997001573,58.667229533498414,6,5,16972,1,0,/media/echo/data/voxroom_roomseg_evaluation/grscene_remaining25_union_fixed0p5_batch32_dual_clean_20260816_0120/grscene/kujiale_grscene_MWAX5JYKTKJZ2AABAAAAAAQ8_usd/attempt_01/roomseg_coverage_eval/events/milestone_080/tvars_original/roomseg_snapshots/roomseg_milestone_080_step_000339.npz,/media/echo/data/voxroom_roomseg_evaluation/grscene_all_available_gt_20260817/metrics_pr_f1_miou_excluding_training_grscenes_20260818_192125/match_visualizations/tvars_original/kujiale_grscene_MWAX5JYKTKJZ2AABAAAAAAQ8_usd__kujiale_grscene_MWAX5JYKTKJZ2AABAAAAAAQ8_usd__attempt_01__kujiale_grscene_MWAX5JYKTKJZ2AABAAAAAAQ8_usd_grscene_frontier_000000/milestone_080.pred_gt_match.png
grscene,kujiale_grscene_MWAX5JYKTKJZ2AABAAAAAAQ8_usd,kujiale_grscene_MWAX5JYKTKJZ2AABAAAAAAQ8_usd__kujiale_grscene_MWAX5JYKTKJZ2AABAAAAAAQ8_usd__attempt_01__kujiale_grscene_MWAX5JYKTKJZ2AABAAAAAAQ8_usd_grscene_frontier_000000,voxroom,milestone_080,coverage_milestone,0.8156735994004122,0.8,False,339,0.7817001676187167,0.9647222180485177,0.8636209954053098,0.33531065752123856,78.17001676187168,96.47222180485177,86.36209954053098,33.53106575212386,6,4,16972,1,0,/media/echo/data/voxroom_roomseg_evaluation/grscene_remaining25_union_fixed0p5_batch32_dual_clean_20260816_0120/grscene/kujiale_grscene_MWAX5JYKTKJZ2AABAAAAAAQ8_usd/attempt_01/roomseg_coverage_eval/events/milestone_080/voxroom/roomseg_snapshots/roomseg_milestone_080_step_000339.npz,/media/echo/data/voxroom_roomseg_evaluation/grscene_all_available_gt_20260817/metrics_pr_f1_miou_excluding_training_grscenes_20260818_192125/match_visualizations/voxroom/kujiale_grscene_MWAX5JYKTKJZ2AABAAAAAAQ8_usd__kujiale_grscene_MWAX5JYKTKJZ2AABAAAAAAQ8_usd__attempt_01__kujiale_grscene_MWAX5JYKTKJZ2AABAAAAAAQ8_usd_grscene_frontier_000000/milestone_080.pred_gt_match.png
grscene,kujiale_grscene_MWAX5JYKTKJZ2AABAAAAAAQ8_usd,kujiale_grscene_MWAX5JYKTKJZ2AABAAAAAAQ8_usd__kujiale_grscene_MWAX5JYKTKJZ2AABAAAAAAQ8_usd__attempt_01__kujiale_grscene_MWAX5JYKTKJZ2AABAAAAAAQ8_usd_grscene_frontier_000000,tvars_original,milestone_090,coverage_milestone,0.9011617013303354,0.9,False,554,0.9857925731465106,0.9706573764721563,0.9781664314823202,0.9557075478318333,98.57925731465106,97.06573764721563,97.81664314823202,95.57075478318333,7,8,18811,0,0,/media/echo/data/voxroom_roomseg_evaluation/grscene_remaining25_union_fixed0p5_batch32_dual_clean_20260816_0120/grscene/kujiale_grscene_MWAX5JYKTKJZ2AABAAAAAAQ8_usd/attempt_01/roomseg_coverage_eval/events/milestone_090/tvars_original/roomseg_snapshots/roomseg_milestone_090_step_000554.npz,/media/echo/data/voxroom_roomseg_evaluation/grscene_all_available_gt_20260817/metrics_pr_f1_miou_excluding_training_grscenes_20260818_192125/match_visualizations/tvars_original/kujiale_grscene_MWAX5JYKTKJZ2AABAAAAAAQ8_usd__kujiale_grscene_MWAX5JYKTKJZ2AABAAAAAAQ8_usd__attempt_01__kujiale_grscene_MWAX5JYKTKJZ2AABAAAAAAQ8_usd_grscene_frontier_000000/milestone_090.pred_gt_match.png
grscene,kujiale_grscene_MWAX5JYKTKJZ2AABAAAAAAQ8_usd,kujiale_grscene_MWAX5JYKTKJZ2AABAAAAAAQ8_usd__kujiale_grscene_MWAX5JYKTKJZ2AABAAAAAAQ8_usd__attempt_01__kujiale_grscene_MWAX5JYKTKJZ2AABAAAAAAQ8_usd_grscene_frontier_000000,voxroom,milestone_090,coverage_milestone,0.9011617013303354,0.9,False,554,0.8526232771984397,0.9651097545390898,0.9053860246845302,0.45038276033360025,85.26232771984397,96.51097545390897,90.53860246845302,45.03827603336003,7,5,18811,0,0,/media/echo/data/voxroom_roomseg_evaluation/grscene_remaining25_union_fixed0p5_batch32_dual_clean_20260816_0120/grscene/kujiale_grscene_MWAX5JYKTKJZ2AABAAAAAAQ8_usd/attempt_01/roomseg_coverage_eval/events/milestone_090/voxroom/roomseg_snapshots/roomseg_milestone_090_step_000554.npz,/media/echo/data/voxroom_roomseg_evaluation/grscene_all_available_gt_20260817/metrics_pr_f1_miou_excluding_training_grscenes_20260818_192125/match_visualizations/voxroom/kujiale_grscene_MWAX5JYKTKJZ2AABAAAAAAQ8_usd__kujiale_grscene_MWAX5JYKTKJZ2AABAAAAAAQ8_usd__attempt_01__kujiale_grscene_MWAX5JYKTKJZ2AABAAAAAAQ8_usd_grscene_frontier_000000/milestone_090.pred_gt_match.png
grscene,kujiale_grscene_MWAX5JYKTKJZ2AABAAAAAAQ8_usd,kujiale_grscene_MWAX5JYKTKJZ2AABAAAAAAQ8_usd__kujiale_grscene_MWAX5JYKTKJZ2AABAAAAAAQ8_usd__attempt_01__kujiale_grscene_MWAX5JYKTKJZ2AABAAAAAAQ8_usd_grscene_frontier_000000,tvars_original,final,terminal_forced,0.9891324714258947,,True,832,0.9881495030467391,0.9856340046822728,0.9868901509197057,0.9721179048239861,98.81495030467391,98.56340046822729,98.68901509197056,97.21179048239861,7,8,20644,0,0,/media/echo/data/voxroom_roomseg_evaluation/grscene_remaining25_union_fixed0p5_batch32_dual_clean_20260816_0120/grscene/kujiale_grscene_MWAX5JYKTKJZ2AABAAAAAAQ8_usd/attempt_01/roomseg_coverage_eval/events/final/tvars_original/roomseg_snapshots/roomseg_final_step_000832.npz,/media/echo/data/voxroom_roomseg_evaluation/grscene_all_available_gt_20260817/metrics_pr_f1_miou_excluding_training_grscenes_20260818_192125/match_visualizations/tvars_original/kujiale_grscene_MWAX5JYKTKJZ2AABAAAAAAQ8_usd__kujiale_grscene_MWAX5JYKTKJZ2AABAAAAAAQ8_usd__attempt_01__kujiale_grscene_MWAX5JYKTKJZ2AABAAAAAAQ8_usd_grscene_frontier_000000/final.pred_gt_match.png
grscene,kujiale_grscene_MWAX5JYKTKJZ2AABAAAAAAQ8_usd,kujiale_grscene_MWAX5JYKTKJZ2AABAAAAAAQ8_usd__kujiale_grscene_MWAX5JYKTKJZ2AABAAAAAAQ8_usd__attempt_01__kujiale_grscene_MWAX5JYKTKJZ2AABAAAAAAQ8_usd_grscene_frontier_000000,voxroom,final,terminal_forced,0.9891324714258947,,True,832,0.8960450264869626,0.9797713354469627,0.9360396359019121,0.4820212476507466,89.60450264869625,97.97713354469627,93.60396359019121,48.20212476507466,7,5,20644,0,0,/media/echo/data/voxroom_roomseg_evaluation/grscene_remaining25_union_fixed0p5_batch32_dual_clean_20260816_0120/grscene/kujiale_grscene_MWAX5JYKTKJZ2AABAAAAAAQ8_usd/attempt_01/roomseg_coverage_eval/events/final/voxroom/roomseg_snapshots/roomseg_final_step_000832.npz,/media/echo/data/voxroom_roomseg_evaluation/grscene_all_available_gt_20260817/metrics_pr_f1_miou_excluding_training_grscenes_20260818_192125/match_visualizations/voxroom/kujiale_grscene_MWAX5JYKTKJZ2AABAAAAAAQ8_usd__kujiale_grscene_MWAX5JYKTKJZ2AABAAAAAAQ8_usd__attempt_01__kujiale_grscene_MWAX5JYKTKJZ2AABAAAAAAQ8_usd_grscene_frontier_000000/final.pred_gt_match.png
grscene,kujiale_grscene_MWAX5JYKTKJZ2AABAAAAAAY8_usd,kujiale_grscene_MWAX5JYKTKJZ2AABAAAAAAY8_usd__kujiale_grscene_MWAX5JYKTKJZ2AABAAAAAAY8_usd__attempt_01__kujiale_grscene_MWAX5JYKTKJZ2AABAAAAAAY8_usd_grscene_frontier_000000,tvars_original,milestone_020,coverage_milestone,0.41658117466016925,0.2,False,0,0.8669848846459824,0.992823001707212,0.9256467207447239,0.42898756101401353,86.69848846459824,99.2823001707212,92.56467207447238,42.898756101401354,2,1,6353,3,0,/media/echo/data/voxroom_roomseg_evaluation/grscene_remaining25_union_fixed0p5_batch32_dual_clean_20260816_0120/grscene/kujiale_grscene_MWAX5JYKTKJZ2AABAAAAAAY8_usd/attempt_01/roomseg_coverage_eval/events/milestone_020/tvars_original/roomseg_snapshots/roomseg_milestone_020_step_000000.npz,/media/echo/data/voxroom_roomseg_evaluation/grscene_all_available_gt_20260817/metrics_pr_f1_miou_excluding_training_grscenes_20260818_192125/match_visualizations/tvars_original/kujiale_grscene_MWAX5JYKTKJZ2AABAAAAAAY8_usd__kujiale_grscene_MWAX5JYKTKJZ2AABAAAAAAY8_usd__attempt_01__kujiale_grscene_MWAX5JYKTKJZ2AABAAAAAAY8_usd_grscene_frontier_000000/milestone_020.pred_gt_match.png
grscene,kujiale_grscene_MWAX5JYKTKJZ2AABAAAAAAY8_usd,kujiale_grscene_MWAX5JYKTKJZ2AABAAAAAAY8_usd__kujiale_grscene_MWAX5JYKTKJZ2AABAAAAAAY8_usd__attempt_01__kujiale_grscene_MWAX5JYKTKJZ2AABAAAAAAY8_usd_grscene_frontier_000000,voxroom,milestone_020,coverage_milestone,0.41658117466016925,0.2,False,0,0.9985361390667886,0.9719399468146106,0.9850585539716674,0.9705108632662334,99.85361390667886,97.19399468146106,98.50585539716674,97.05108632662333,2,2,6353,3,0,/media/echo/data/voxroom_roomseg_evaluation/grscene_remaining25_union_fixed0p5_batch32_dual_clean_20260816_0120/grscene/kujiale_grscene_MWAX5JYKTKJZ2AABAAAAAAY8_usd/attempt_01/roomseg_coverage_eval/events/milestone_020/voxroom/roomseg_snapshots/roomseg_milestone_020_step_000000.npz,/media/echo/data/voxroom_roomseg_evaluation/grscene_all_available_gt_20260817/metrics_pr_f1_miou_excluding_training_grscenes_20260818_192125/match_visualizations/voxroom/kujiale_grscene_MWAX5JYKTKJZ2AABAAAAAAY8_usd__kujiale_grscene_MWAX5JYKTKJZ2AABAAAAAAY8_usd__attempt_01__kujiale_grscene_MWAX5JYKTKJZ2AABAAAAAAY8_usd_grscene_frontier_000000/milestone_020.pred_gt_match.png
grscene,kujiale_grscene_MWAX5JYKTKJZ2AABAAAAAAY8_usd,kujiale_grscene_MWAX5JYKTKJZ2AABAAAAAAY8_usd__kujiale_grscene_MWAX5JYKTKJZ2AABAAAAAAY8_usd__attempt_01__kujiale_grscene_MWAX5JYKTKJZ2AABAAAAAAY8_usd_grscene_frontier_000000,tvars_original,milestone_040,coverage_milestone,0.41658117466016925,0.4,False,0,0.8669848846459824,0.992823001707212,0.9256467207447239,0.42898756101401353,86.69848846459824,99.2823001707212,92.56467207447238,42.898756101401354,2,1,6353,3,0,/media/echo/data/voxroom_roomseg_evaluation/grscene_remaining25_union_fixed0p5_batch32_dual_clean_20260816_0120/grscene/kujiale_grscene_MWAX5JYKTKJZ2AABAAAAAAY8_usd/attempt_01/roomseg_coverage_eval/events/milestone_040/tvars_original/roomseg_snapshots/roomseg_milestone_040_step_000000.npz,/media/echo/data/voxroom_roomseg_evaluation/grscene_all_available_gt_20260817/metrics_pr_f1_miou_excluding_training_grscenes_20260818_192125/match_visualizations/tvars_original/kujiale_grscene_MWAX5JYKTKJZ2AABAAAAAAY8_usd__kujiale_grscene_MWAX5JYKTKJZ2AABAAAAAAY8_usd__attempt_01__kujiale_grscene_MWAX5JYKTKJZ2AABAAAAAAY8_usd_grscene_frontier_000000/milestone_040.pred_gt_match.png
grscene,kujiale_grscene_MWAX5JYKTKJZ2AABAAAAAAY8_usd,kujiale_grscene_MWAX5JYKTKJZ2AABAAAAAAY8_usd__kujiale_grscene_MWAX5JYKTKJZ2AABAAAAAAY8_usd__attempt_01__kujiale_grscene_MWAX5JYKTKJZ2AABAAAAAAY8_usd_grscene_frontier_000000,voxroom,milestone_040,coverage_milestone,0.41658117466016925,0.4,False,0,0.9985361390667886,0.9719399468146106,0.9850585539716674,0.9705108632662334,99.85361390667886,97.19399468146106,98.50585539716674,97.05108632662333,2,2,6353,3,0,/media/echo/data/voxroom_roomseg_evaluation/grscene_remaining25_union_fixed0p5_batch32_dual_clean_20260816_0120/grscene/kujiale_grscene_MWAX5JYKTKJZ2AABAAAAAAY8_usd/attempt_01/roomseg_coverage_eval/events/milestone_040/voxroom/roomseg_snapshots/roomseg_milestone_040_step_000000.npz,/media/echo/data/voxroom_roomseg_evaluation/grscene_all_available_gt_20260817/metrics_pr_f1_miou_excluding_training_grscenes_20260818_192125/match_visualizations/voxroom/kujiale_grscene_MWAX5JYKTKJZ2AABAAAAAAY8_usd__kujiale_grscene_MWAX5JYKTKJZ2AABAAAAAAY8_usd__attempt_01__kujiale_grscene_MWAX5JYKTKJZ2AABAAAAAAY8_usd_grscene_frontier_000000/milestone_040.pred_gt_match.png
grscene,kujiale_grscene_MWAX5JYKTKJZ2AABAAAAAAY8_usd,kujiale_grscene_MWAX5JYKTKJZ2AABAAAAAAY8_usd__kujiale_grscene_MWAX5JYKTKJZ2AABAAAAAAY8_usd__attempt_01__kujiale_grscene_MWAX5JYKTKJZ2AABAAAAAAY8_usd_grscene_frontier_000000,tvars_original,milestone_060,coverage_milestone,0.6015645037189022,0.6,False,141,0.8665083135391924,0.9917131039026007,0.9248926323972672,0.33942611549024504,86.65083135391924,99.17131039026007,92.48926323972671,33.942611549024505,5,2,8979,3,0,/media/echo/data/voxroom_roomseg_evaluation/grscene_remaining25_union_fixed0p5_batch32_dual_clean_20260816_0120/grscene/kujiale_grscene_MWAX5JYKTKJZ2AABAAAAAAY8_usd/attempt_01/roomseg_coverage_eval/events/milestone_060/tvars_original/roomseg_snapshots/roomseg_milestone_060_step_000141.npz,/media/echo/data/voxroom_roomseg_evaluation/grscene_all_available_gt_20260817/metrics_pr_f1_miou_excluding_training_grscenes_20260818_192125/match_visualizations/tvars_original/kujiale_grscene_MWAX5JYKTKJZ2AABAAAAAAY8_usd__kujiale_grscene_MWAX5JYKTKJZ2AABAAAAAAY8_usd__attempt_01__kujiale_grscene_MWAX5JYKTKJZ2AABAAAAAAY8_usd_grscene_frontier_000000/milestone_060.pred_gt_match.png
grscene,kujiale_grscene_MWAX5JYKTKJZ2AABAAAAAAY8_usd,kujiale_grscene_MWAX5JYKTKJZ2AABAAAAAAY8_usd__kujiale_grscene_MWAX5JYKTKJZ2AABAAAAAAY8_usd__attempt_01__kujiale_grscene_MWAX5JYKTKJZ2AABAAAAAAY8_usd_grscene_frontier_000000,voxroom,milestone_060,coverage_milestone,0.6015645037189022,0.6,False,141,0.9964824301811832,0.9751145035231383,0.9856826753630744,0.9716304125341084,99.64824301811832,97.51145035231383,98.56826753630745,97.16304125341084,5,5,8979,3,0,/media/echo/data/voxroom_roomseg_evaluation/grscene_remaining25_union_fixed0p5_batch32_dual_clean_20260816_0120/grscene/kujiale_grscene_MWAX5JYKTKJZ2AABAAAAAAY8_usd/attempt_01/roomseg_coverage_eval/events/milestone_060/voxroom/roomseg_snapshots/roomseg_milestone_060_step_000141.npz,/media/echo/data/voxroom_roomseg_evaluation/grscene_all_available_gt_20260817/metrics_pr_f1_miou_excluding_training_grscenes_20260818_192125/match_visualizations/voxroom/kujiale_grscene_MWAX5JYKTKJZ2AABAAAAAAY8_usd__kujiale_grscene_MWAX5JYKTKJZ2AABAAAAAAY8_usd__attempt_01__kujiale_grscene_MWAX5JYKTKJZ2AABAAAAAAY8_usd_grscene_frontier_000000/milestone_060.pred_gt_match.png
grscene,kujiale_grscene_MWAX5JYKTKJZ2AABAAAAAAY8_usd,kujiale_grscene_MWAX5JYKTKJZ2AABAAAAAAY8_usd__kujiale_grscene_MWAX5JYKTKJZ2AABAAAAAAY8_usd__attempt_01__kujiale_grscene_MWAX5JYKTKJZ2AABAAAAAAY8_usd_grscene_frontier_000000,tvars_original,milestone_070,coverage_milestone,0.7059502436522185,0.7,False,163,0.9268063894101299,0.9887013427228991,0.9567538739544169,0.6103094320246265,92.680638941013,98.87013427228992,95.67538739544169,61.03094320246265,6,4,10740,2,0,/media/echo/data/voxroom_roomseg_evaluation/grscene_remaining25_union_fixed0p5_batch32_dual_clean_20260816_0120/grscene/kujiale_grscene_MWAX5JYKTKJZ2AABAAAAAAY8_usd/attempt_01/roomseg_coverage_eval/events/milestone_070/tvars_original/roomseg_snapshots/roomseg_milestone_070_step_000163.npz,/media/echo/data/voxroom_roomseg_evaluation/grscene_all_available_gt_20260817/metrics_pr_f1_miou_excluding_training_grscenes_20260818_192125/match_visualizations/tvars_original/kujiale_grscene_MWAX5JYKTKJZ2AABAAAAAAY8_usd__kujiale_grscene_MWAX5JYKTKJZ2AABAAAAAAY8_usd__attempt_01__kujiale_grscene_MWAX5JYKTKJZ2AABAAAAAAY8_usd_grscene_frontier_000000/milestone_070.pred_gt_match.png
grscene,kujiale_grscene_MWAX5JYKTKJZ2AABAAAAAAY8_usd,kujiale_grscene_MWAX5JYKTKJZ2AABAAAAAAY8_usd__kujiale_grscene_MWAX5JYKTKJZ2AABAAAAAAY8_usd__attempt_01__kujiale_grscene_MWAX5JYKTKJZ2AABAAAAAAY8_usd_grscene_frontier_000000,voxroom,milestone_070,coverage_milestone,0.7059502436522185,0.7,False,163,0.9747310119047212,0.9758392831658638,0.9752848326875807,0.79148608449331,97.47310119047212,97.58392831658638,97.52848326875807,79.14860844933101,6,5,10740,2,0,/media/echo/data/voxroom_roomseg_evaluation/grscene_remaining25_union_fixed0p5_batch32_dual_clean_20260816_0120/grscene/kujiale_grscene_MWAX5JYKTKJZ2AABAAAAAAY8_usd/attempt_01/roomseg_coverage_eval/events/milestone_070/voxroom/roomseg_snapshots/roomseg_milestone_070_step_000163.npz,/media/echo/data/voxroom_roomseg_evaluation/grscene_all_available_gt_20260817/metrics_pr_f1_miou_excluding_training_grscenes_20260818_192125/match_visualizations/voxroom/kujiale_grscene_MWAX5JYKTKJZ2AABAAAAAAY8_usd__kujiale_grscene_MWAX5JYKTKJZ2AABAAAAAAY8_usd__attempt_01__kujiale_grscene_MWAX5JYKTKJZ2AABAAAAAAY8_usd_grscene_frontier_000000/milestone_070.pred_gt_match.png
grscene,kujiale_grscene_MWAX5JYKTKJZ2AABAAAAAAY8_usd,kujiale_grscene_MWAX5JYKTKJZ2AABAAAAAAY8_usd__kujiale_grscene_MWAX5JYKTKJZ2AABAAAAAAY8_usd__attempt_01__kujiale_grscene_MWAX5JYKTKJZ2AABAAAAAAY8_usd_grscene_frontier_000000,tvars_original,milestone_080,coverage_milestone,0.802128750961785,0.8,False,202,0.9349229234716054,0.9893200576646196,0.9613526042482919,0.6160177733107857,93.49229234716054,98.93200576646196,96.1352604248292,61.601777331078566,6,4,12237,2,0,/media/echo/data/voxroom_roomseg_evaluation/grscene_remaining25_union_fixed0p5_batch32_dual_clean_20260816_0120/grscene/kujiale_grscene_MWAX5JYKTKJZ2AABAAAAAAY8_usd/attempt_01/roomseg_coverage_eval/events/milestone_080/tvars_original/roomseg_snapshots/roomseg_milestone_080_step_000202.npz,/media/echo/data/voxroom_roomseg_evaluation/grscene_all_available_gt_20260817/metrics_pr_f1_miou_excluding_training_grscenes_20260818_192125/match_visualizations/tvars_original/kujiale_grscene_MWAX5JYKTKJZ2AABAAAAAAY8_usd__kujiale_grscene_MWAX5JYKTKJZ2AABAAAAAAY8_usd__attempt_01__kujiale_grscene_MWAX5JYKTKJZ2AABAAAAAAY8_usd_grscene_frontier_000000/milestone_080.pred_gt_match.png
grscene,kujiale_grscene_MWAX5JYKTKJZ2AABAAAAAAY8_usd,kujiale_grscene_MWAX5JYKTKJZ2AABAAAAAAY8_usd__kujiale_grscene_MWAX5JYKTKJZ2AABAAAAAAY8_usd__attempt_01__kujiale_grscene_MWAX5JYKTKJZ2AABAAAAAAY8_usd_grscene_frontier_000000,voxroom,milestone_080,coverage_milestone,0.802128750961785,0.8,False,202,0.9785586052778811,0.9764667602995862,0.977511563668877,0.7951115996588106,97.85586052778811,97.64667602995863,97.7511563668877,79.51115996588106,6,5,12237,2,0,/media/echo/data/voxroom_roomseg_evaluation/grscene_remaining25_union_fixed0p5_batch32_dual_clean_20260816_0120/grscene/kujiale_grscene_MWAX5JYKTKJZ2AABAAAAAAY8_usd/attempt_01/roomseg_coverage_eval/events/milestone_080/voxroom/roomseg_snapshots/roomseg_milestone_080_step_000202.npz,/media/echo/data/voxroom_roomseg_evaluation/grscene_all_available_gt_20260817/metrics_pr_f1_miou_excluding_training_grscenes_20260818_192125/match_visualizations/voxroom/kujiale_grscene_MWAX5JYKTKJZ2AABAAAAAAY8_usd__kujiale_grscene_MWAX5JYKTKJZ2AABAAAAAAY8_usd__attempt_01__kujiale_grscene_MWAX5JYKTKJZ2AABAAAAAAY8_usd_grscene_frontier_000000/milestone_080.pred_gt_match.png
grscene,kujiale_grscene_MWAX5JYKTKJZ2AABAAAAAAY8_usd,kujiale_grscene_MWAX5JYKTKJZ2AABAAAAAAY8_usd__kujiale_grscene_MWAX5JYKTKJZ2AABAAAAAAY8_usd__attempt_01__kujiale_grscene_MWAX5JYKTKJZ2AABAAAAAAY8_usd_grscene_frontier_000000,tvars_original,milestone_090,coverage_milestone,0.9011926134906386,0.9,False,334,0.8666366692559091,0.9908336842508437,0.9245830516590159,0.4900177213446274,86.66366692559092,99.08336842508437,92.45830516590159,49.00177213446274,7,4,13778,1,0,/media/echo/data/voxroom_roomseg_evaluation/grscene_remaining25_union_fixed0p5_batch32_dual_clean_20260816_0120/grscene/kujiale_grscene_MWAX5JYKTKJZ2AABAAAAAAY8_usd/attempt_01/roomseg_coverage_eval/events/milestone_090/tvars_original/roomseg_snapshots/roomseg_milestone_090_step_000334.npz,/media/echo/data/voxroom_roomseg_evaluation/grscene_all_available_gt_20260817/metrics_pr_f1_miou_excluding_training_grscenes_20260818_192125/match_visualizations/tvars_original/kujiale_grscene_MWAX5JYKTKJZ2AABAAAAAAY8_usd__kujiale_grscene_MWAX5JYKTKJZ2AABAAAAAAY8_usd__attempt_01__kujiale_grscene_MWAX5JYKTKJZ2AABAAAAAAY8_usd_grscene_frontier_000000/milestone_090.pred_gt_match.png
grscene,kujiale_grscene_MWAX5JYKTKJZ2AABAAAAAAY8_usd,kujiale_grscene_MWAX5JYKTKJZ2AABAAAAAAY8_usd__kujiale_grscene_MWAX5JYKTKJZ2AABAAAAAAY8_usd__attempt_01__kujiale_grscene_MWAX5JYKTKJZ2AABAAAAAAY8_usd_grscene_frontier_000000,voxroom,milestone_090,coverage_milestone,0.9011926134906386,0.9,False,334,0.9994706371629857,0.9791570123081463,0.9892095495944465,0.9786350339338974,99.94706371629857,97.91570123081463,98.92095495944466,97.86350339338973,7,7,13778,1,0,/media/echo/data/voxroom_roomseg_evaluation/grscene_remaining25_union_fixed0p5_batch32_dual_clean_20260816_0120/grscene/kujiale_grscene_MWAX5JYKTKJZ2AABAAAAAAY8_usd/attempt_01/roomseg_coverage_eval/events/milestone_090/voxroom/roomseg_snapshots/roomseg_milestone_090_step_000334.npz,/media/echo/data/voxroom_roomseg_evaluation/grscene_all_available_gt_20260817/metrics_pr_f1_miou_excluding_training_grscenes_20260818_192125/match_visualizations/voxroom/kujiale_grscene_MWAX5JYKTKJZ2AABAAAAAAY8_usd__kujiale_grscene_MWAX5JYKTKJZ2AABAAAAAAY8_usd__attempt_01__kujiale_grscene_MWAX5JYKTKJZ2AABAAAAAAY8_usd_grscene_frontier_000000/milestone_090.pred_gt_match.png
grscene,kujiale_grscene_MWAX5JYKTKJZ2AABAAAAAAY8_usd,kujiale_grscene_MWAX5JYKTKJZ2AABAAAAAAY8_usd__kujiale_grscene_MWAX5JYKTKJZ2AABAAAAAAY8_usd__attempt_01__kujiale_grscene_MWAX5JYKTKJZ2AABAAAAAAY8_usd_grscene_frontier_000000,tvars_original,final,terminal_forced,0.9863426519620415,,True,574,0.9487482308707165,0.9962836676902443,0.9719350802069975,0.6741689514971471,94.87482308707165,99.62836676902444,97.19350802069975,67.4168951497147,7,5,14877,1,0,/media/echo/data/voxroom_roomseg_evaluation/grscene_remaining25_union_fixed0p5_batch32_dual_clean_20260816_0120/grscene/kujiale_grscene_MWAX5JYKTKJZ2AABAAAAAAY8_usd/attempt_01/roomseg_coverage_eval/events/final/tvars_original/roomseg_snapshots/roomseg_final_step_000574.npz,/media/echo/data/voxroom_roomseg_evaluation/grscene_all_available_gt_20260817/metrics_pr_f1_miou_excluding_training_grscenes_20260818_192125/match_visualizations/tvars_original/kujiale_grscene_MWAX5JYKTKJZ2AABAAAAAAY8_usd__kujiale_grscene_MWAX5JYKTKJZ2AABAAAAAAY8_usd__attempt_01__kujiale_grscene_MWAX5JYKTKJZ2AABAAAAAAY8_usd_grscene_frontier_000000/final.pred_gt_match.png
grscene,kujiale_grscene_MWAX5JYKTKJZ2AABAAAAAAY8_usd,kujiale_grscene_MWAX5JYKTKJZ2AABAAAAAAY8_usd__kujiale_grscene_MWAX5JYKTKJZ2AABAAAAAAY8_usd__attempt_01__kujiale_grscene_MWAX5JYKTKJZ2AABAAAAAAY8_usd_grscene_frontier_000000,voxroom,final,terminal_forced,0.9863426519620415,,True,574,0.9993870984217784,0.9830214162760714,0.991136704281505,0.9824125934323275,99.93870984217784,98.30214162760714,99.1136704281505,98.24125934323274,7,7,14877,1,1,/media/echo/data/voxroom_roomseg_evaluation/grscene_remaining25_union_fixed0p5_batch32_dual_clean_20260816_0120/grscene/kujiale_grscene_MWAX5JYKTKJZ2AABAAAAAAY8_usd/attempt_01/roomseg_coverage_eval/events/final/voxroom/roomseg_snapshots/roomseg_final_step_000574.npz,/media/echo/data/voxroom_roomseg_evaluation/grscene_all_available_gt_20260817/metrics_pr_f1_miou_excluding_training_grscenes_20260818_192125/match_visualizations/voxroom/kujiale_grscene_MWAX5JYKTKJZ2AABAAAAAAY8_usd__kujiale_grscene_MWAX5JYKTKJZ2AABAAAAAAY8_usd__attempt_01__kujiale_grscene_MWAX5JYKTKJZ2AABAAAAAAY8_usd_grscene_frontier_000000/final.pred_gt_match.png
grscene,kujiale_grscene_MWAX5JYKTKJZ2AABAAAAABA8_usd,kujiale_grscene_MWAX5JYKTKJZ2AABAAAAABA8_usd__kujiale_grscene_MWAX5JYKTKJZ2AABAAAAABA8_usd__attempt_01__kujiale_grscene_MWAX5JYKTKJZ2AABAAAAABA8_usd_grscene_frontier_000000,tvars_original,milestone_020,coverage_milestone,0.64733359283768,0.2,False,0,0.9989051094890511,0.9934995737425405,0.9961950088141435,0.9924070794923876,99.8905109489051,99.34995737425405,99.61950088141435,99.24070794923875,2,2,3241,1,0,/media/echo/data/voxroom_roomseg_evaluation/grscene_remaining25_union_fixed0p5_batch32_dual_clean_20260816_0120/grscene/kujiale_grscene_MWAX5JYKTKJZ2AABAAAAABA8_usd/attempt_01/roomseg_coverage_eval/events/milestone_020/tvars_original/roomseg_snapshots/roomseg_milestone_020_step_000000.npz,/media/echo/data/voxroom_roomseg_evaluation/grscene_all_available_gt_20260817/metrics_pr_f1_miou_excluding_training_grscenes_20260818_192125/match_visualizations/tvars_original/kujiale_grscene_MWAX5JYKTKJZ2AABAAAAABA8_usd__kujiale_grscene_MWAX5JYKTKJZ2AABAAAAABA8_usd__attempt_01__kujiale_grscene_MWAX5JYKTKJZ2AABAAAAABA8_usd_grscene_frontier_000000/milestone_020.pred_gt_match.png
grscene,kujiale_grscene_MWAX5JYKTKJZ2AABAAAAABA8_usd,kujiale_grscene_MWAX5JYKTKJZ2AABAAAAABA8_usd__kujiale_grscene_MWAX5JYKTKJZ2AABAAAAABA8_usd__attempt_01__kujiale_grscene_MWAX5JYKTKJZ2AABAAAAABA8_usd_grscene_frontier_000000,voxroom,milestone_020,coverage_milestone,0.64733359283768,0.2,False,0,0.8437209302325581,0.9970770917062477,0.914010990126906,0.41977784634372106,84.37209302325581,99.70770917062477,91.4010990126906,41.97778463437211,2,1,3241,1,1,/media/echo/data/voxroom_roomseg_evaluation/grscene_remaining25_union_fixed0p5_batch32_dual_clean_20260816_0120/grscene/kujiale_grscene_MWAX5JYKTKJZ2AABAAAAABA8_usd/attempt_01/roomseg_coverage_eval/events/milestone_020/voxroom/roomseg_snapshots/roomseg_milestone_020_step_000000.npz,/media/echo/data/voxroom_roomseg_evaluation/grscene_all_available_gt_20260817/metrics_pr_f1_miou_excluding_training_grscenes_20260818_192125/match_visualizations/voxroom/kujiale_grscene_MWAX5JYKTKJZ2AABAAAAABA8_usd__kujiale_grscene_MWAX5JYKTKJZ2AABAAAAABA8_usd__attempt_01__kujiale_grscene_MWAX5JYKTKJZ2AABAAAAABA8_usd_grscene_frontier_000000/milestone_020.pred_gt_match.png
grscene,kujiale_grscene_MWAX5JYKTKJZ2AABAAAAABA8_usd,kujiale_grscene_MWAX5JYKTKJZ2AABAAAAABA8_usd__kujiale_grscene_MWAX5JYKTKJZ2AABAAAAABA8_usd__attempt_01__kujiale_grscene_MWAX5JYKTKJZ2AABAAAAABA8_usd_grscene_frontier_000000,tvars_original,milestone_040,coverage_milestone,0.64733359283768,0.4,False,0,0.9989051094890511,0.9934995737425405,0.9961950088141435,0.9924070794923876,99.8905109489051,99.34995737425405,99.61950088141435,99.24070794923875,2,2,3241,1,0,/media/echo/data/voxroom_roomseg_evaluation/grscene_remaining25_union_fixed0p5_batch32_dual_clean_20260816_0120/grscene/kujiale_grscene_MWAX5JYKTKJZ2AABAAAAABA8_usd/attempt_01/roomseg_coverage_eval/events/milestone_040/tvars_original/roomseg_snapshots/roomseg_milestone_040_step_000000.npz,/media/echo/data/voxroom_roomseg_evaluation/grscene_all_available_gt_20260817/metrics_pr_f1_miou_excluding_training_grscenes_20260818_192125/match_visualizations/tvars_original/kujiale_grscene_MWAX5JYKTKJZ2AABAAAAABA8_usd__kujiale_grscene_MWAX5JYKTKJZ2AABAAAAABA8_usd__attempt_01__kujiale_grscene_MWAX5JYKTKJZ2AABAAAAABA8_usd_grscene_frontier_000000/milestone_040.pred_gt_match.png
grscene,kujiale_grscene_MWAX5JYKTKJZ2AABAAAAABA8_usd,kujiale_grscene_MWAX5JYKTKJZ2AABAAAAABA8_usd__kujiale_grscene_MWAX5JYKTKJZ2AABAAAAABA8_usd__attempt_01__kujiale_grscene_MWAX5JYKTKJZ2AABAAAAABA8_usd_grscene_frontier_000000,voxroom,milestone_040,coverage_milestone,0.64733359283768,0.4,False,0,0.8437209302325581,0.9970770917062477,0.914010990126906,0.41977784634372106,84.37209302325581,99.70770917062477,91.4010990126906,41.97778463437211,2,1,3241,1,1,/media/echo/data/voxroom_roomseg_evaluation/grscene_remaining25_union_fixed0p5_batch32_dual_clean_20260816_0120/grscene/kujiale_grscene_MWAX5JYKTKJZ2AABAAAAABA8_usd/attempt_01/roomseg_coverage_eval/events/milestone_040/voxroom/roomseg_snapshots/roomseg_milestone_040_step_000000.npz,/media/echo/data/voxroom_roomseg_evaluation/grscene_all_available_gt_20260817/metrics_pr_f1_miou_excluding_training_grscenes_20260818_192125/match_visualizations/voxroom/kujiale_grscene_MWAX5JYKTKJZ2AABAAAAABA8_usd__kujiale_grscene_MWAX5JYKTKJZ2AABAAAAABA8_usd__attempt_01__kujiale_grscene_MWAX5JYKTKJZ2AABAAAAABA8_usd_grscene_frontier_000000/milestone_040.pred_gt_match.png
grscene,kujiale_grscene_MWAX5JYKTKJZ2AABAAAAABA8_usd,kujiale_grscene_MWAX5JYKTKJZ2AABAAAAABA8_usd__kujiale_grscene_MWAX5JYKTKJZ2AABAAAAABA8_usd__attempt_01__kujiale_grscene_MWAX5JYKTKJZ2AABAAAAABA8_usd_grscene_frontier_000000,tvars_original,milestone_060,coverage_milestone,0.64733359283768,0.6,False,0,0.9989051094890511,0.9934995737425405,0.9961950088141435,0.9924070794923876,99.8905109489051,99.34995737425405,99.61950088141435,99.24070794923875,2,2,3241,1,0,/media/echo/data/voxroom_roomseg_evaluation/grscene_remaining25_union_fixed0p5_batch32_dual_clean_20260816_0120/grscene/kujiale_grscene_MWAX5JYKTKJZ2AABAAAAABA8_usd/attempt_01/roomseg_coverage_eval/events/milestone_060/tvars_original/roomseg_snapshots/roomseg_milestone_060_step_000000.npz,/media/echo/data/voxroom_roomseg_evaluation/grscene_all_available_gt_20260817/metrics_pr_f1_miou_excluding_training_grscenes_20260818_192125/match_visualizations/tvars_original/kujiale_grscene_MWAX5JYKTKJZ2AABAAAAABA8_usd__kujiale_grscene_MWAX5JYKTKJZ2AABAAAAABA8_usd__attempt_01__kujiale_grscene_MWAX5JYKTKJZ2AABAAAAABA8_usd_grscene_frontier_000000/milestone_060.pred_gt_match.png
grscene,kujiale_grscene_MWAX5JYKTKJZ2AABAAAAABA8_usd,kujiale_grscene_MWAX5JYKTKJZ2AABAAAAABA8_usd__kujiale_grscene_MWAX5JYKTKJZ2AABAAAAABA8_usd__attempt_01__kujiale_grscene_MWAX5JYKTKJZ2AABAAAAABA8_usd_grscene_frontier_000000,voxroom,milestone_060,coverage_milestone,0.64733359283768,0.6,False,0,0.8437209302325581,0.9970770917062477,0.914010990126906,0.41977784634372106,84.37209302325581,99.70770917062477,91.4010990126906,41.97778463437211,2,1,3241,1,1,/media/echo/data/voxroom_roomseg_evaluation/grscene_remaining25_union_fixed0p5_batch32_dual_clean_20260816_0120/grscene/kujiale_grscene_MWAX5JYKTKJZ2AABAAAAABA8_usd/attempt_01/roomseg_coverage_eval/events/milestone_060/voxroom/roomseg_snapshots/roomseg_milestone_060_step_000000.npz,/media/echo/data/voxroom_roomseg_evaluation/grscene_all_available_gt_20260817/metrics_pr_f1_miou_excluding_training_grscenes_20260818_192125/match_visualizations/voxroom/kujiale_grscene_MWAX5JYKTKJZ2AABAAAAABA8_usd__kujiale_grscene_MWAX5JYKTKJZ2AABAAAAABA8_usd__attempt_01__kujiale_grscene_MWAX5JYKTKJZ2AABAAAAABA8_usd_grscene_frontier_000000/milestone_060.pred_gt_match.png
grscene,kujiale_grscene_MWAX5JYKTKJZ2AABAAAAABA8_usd,kujiale_grscene_MWAX5JYKTKJZ2AABAAAAABA8_usd__kujiale_grscene_MWAX5JYKTKJZ2AABAAAAABA8_usd__attempt_01__kujiale_grscene_MWAX5JYKTKJZ2AABAAAAABA8_usd_grscene_frontier_000000,tvars_original,milestone_070,coverage_milestone,0.7423121837290775,0.7,False,6,0.9990665836963286,0.9935804748557785,0.9963159771633798,0.9926488002723626,99.90665836963286,99.35804748557786,99.63159771633798,99.26488002723626,2,2,3715,1,0,/media/echo/data/voxroom_roomseg_evaluation/grscene_remaining25_union_fixed0p5_batch32_dual_clean_20260816_0120/grscene/kujiale_grscene_MWAX5JYKTKJZ2AABAAAAABA8_usd/attempt_01/roomseg_coverage_eval/events/milestone_070/tvars_original/roomseg_snapshots/roomseg_milestone_070_step_000006.npz,/media/echo/data/voxroom_roomseg_evaluation/grscene_all_available_gt_20260817/metrics_pr_f1_miou_excluding_training_grscenes_20260818_192125/match_visualizations/tvars_original/kujiale_grscene_MWAX5JYKTKJZ2AABAAAAABA8_usd__kujiale_grscene_MWAX5JYKTKJZ2AABAAAAABA8_usd__attempt_01__kujiale_grscene_MWAX5JYKTKJZ2AABAAAAABA8_usd_grscene_frontier_000000/milestone_070.pred_gt_match.png
grscene,kujiale_grscene_MWAX5JYKTKJZ2AABAAAAABA8_usd,kujiale_grscene_MWAX5JYKTKJZ2AABAAAAABA8_usd__kujiale_grscene_MWAX5JYKTKJZ2AABAAAAABA8_usd__attempt_01__kujiale_grscene_MWAX5JYKTKJZ2AABAAAAABA8_usd_grscene_frontier_000000,voxroom,milestone_070,coverage_milestone,0.7423121837290775,0.7,False,6,0.8637469586374696,0.9975085643101838,0.9258212835529963,0.4300134589502019,86.37469586374696,99.75085643101838,92.58212835529963,43.00134589502019,2,1,3715,1,1,/media/echo/data/voxroom_roomseg_evaluation/grscene_remaining25_union_fixed0p5_batch32_dual_clean_20260816_0120/grscene/kujiale_grscene_MWAX5JYKTKJZ2AABAAAAABA8_usd/attempt_01/roomseg_coverage_eval/events/milestone_070/voxroom/roomseg_snapshots/roomseg_milestone_070_step_000006.npz,/media/echo/data/voxroom_roomseg_evaluation/grscene_all_available_gt_20260817/metrics_pr_f1_miou_excluding_training_grscenes_20260818_192125/match_visualizations/voxroom/kujiale_grscene_MWAX5JYKTKJZ2AABAAAAABA8_usd__kujiale_grscene_MWAX5JYKTKJZ2AABAAAAABA8_usd__attempt_01__kujiale_grscene_MWAX5JYKTKJZ2AABAAAAABA8_usd_grscene_frontier_000000/milestone_070.pred_gt_match.png
grscene,kujiale_grscene_MWAX5JYKTKJZ2AABAAAAABA8_usd,kujiale_grscene_MWAX5JYKTKJZ2AABAAAAABA8_usd__kujiale_grscene_MWAX5JYKTKJZ2AABAAAAABA8_usd__attempt_01__kujiale_grscene_MWAX5JYKTKJZ2AABAAAAABA8_usd_grscene_frontier_000000,tvars_original,milestone_080,coverage_milestone,0.8188010899182562,0.8,False,11,0.99916130835896,0.9932089274065791,0.9961762262524976,0.992373044668607,99.916130835896,99.32089274065791,99.61762262524975,99.23730446686069,2,2,4081,1,0,/media/echo/data/voxroom_roomseg_evaluation/grscene_remaining25_union_fixed0p5_batch32_dual_clean_20260816_0120/grscene/kujiale_grscene_MWAX5JYKTKJZ2AABAAAAABA8_usd/attempt_01/roomseg_coverage_eval/events/milestone_080/tvars_original/roomseg_snapshots/roomseg_milestone_080_step_000011.npz,/media/echo/data/voxroom_roomseg_evaluation/grscene_all_available_gt_20260817/metrics_pr_f1_miou_excluding_training_grscenes_20260818_192125/match_visualizations/tvars_original/kujiale_grscene_MWAX5JYKTKJZ2AABAAAAABA8_usd__kujiale_grscene_MWAX5JYKTKJZ2AABAAAAABA8_usd__attempt_01__kujiale_grscene_MWAX5JYKTKJZ2AABAAAAABA8_usd_grscene_frontier_000000/milestone_080.pred_gt_match.png
grscene,kujiale_grscene_MWAX5JYKTKJZ2AABAAAAABA8_usd,kujiale_grscene_MWAX5JYKTKJZ2AABAAAAABA8_usd__kujiale_grscene_MWAX5JYKTKJZ2AABAAAAABA8_usd__attempt_01__kujiale_grscene_MWAX5JYKTKJZ2AABAAAAABA8_usd_grscene_frontier_000000,voxroom,milestone_080,coverage_milestone,0.8188010899182562,0.8,False,11,0.8759231905465288,0.9973441431367067,0.9326985510514656,0.4359225679980397,87.59231905465288,99.73441431367067,93.26985510514656,43.59225679980397,2,1,4081,1,1,/media/echo/data/voxroom_roomseg_evaluation/grscene_remaining25_union_fixed0p5_batch32_dual_clean_20260816_0120/grscene/kujiale_grscene_MWAX5JYKTKJZ2AABAAAAABA8_usd/attempt_01/roomseg_coverage_eval/events/milestone_080/voxroom/roomseg_snapshots/roomseg_milestone_080_step_000011.npz,/media/echo/data/voxroom_roomseg_evaluation/grscene_all_available_gt_20260817/metrics_pr_f1_miou_excluding_training_grscenes_20260818_192125/match_visualizations/voxroom/kujiale_grscene_MWAX5JYKTKJZ2AABAAAAABA8_usd__kujiale_grscene_MWAX5JYKTKJZ2AABAAAAABA8_usd__attempt_01__kujiale_grscene_MWAX5JYKTKJZ2AABAAAAABA8_usd_grscene_frontier_000000/milestone_080.pred_gt_match.png
grscene,kujiale_grscene_MWAX5JYKTKJZ2AABAAAAABA8_usd,kujiale_grscene_MWAX5JYKTKJZ2AABAAAAABA8_usd__kujiale_grscene_MWAX5JYKTKJZ2AABAAAAABA8_usd__attempt_01__kujiale_grscene_MWAX5JYKTKJZ2AABAAAAABA8_usd_grscene_frontier_000000,tvars_original,milestone_090,coverage_milestone,0.9207862981704944,0.9,False,15,0.9992605373428642,0.9931851252082893,0.9962135686308535,0.9924482095988001,99.92605373428643,99.31851252082893,99.62135686308535,99.24482095988,2,2,4562,1,0,/media/echo/data/voxroom_roomseg_evaluation/grscene_remaining25_union_fixed0p5_batch32_dual_clean_20260816_0120/grscene/kujiale_grscene_MWAX5JYKTKJZ2AABAAAAABA8_usd/attempt_01/roomseg_coverage_eval/events/milestone_090/tvars_original/roomseg_snapshots/roomseg_milestone_090_step_000015.npz,/media/echo/data/voxroom_roomseg_evaluation/grscene_all_available_gt_20260817/metrics_pr_f1_miou_excluding_training_grscenes_20260818_192125/match_visualizations/tvars_original/kujiale_grscene_MWAX5JYKTKJZ2AABAAAAABA8_usd__kujiale_grscene_MWAX5JYKTKJZ2AABAAAAABA8_usd__attempt_01__kujiale_grscene_MWAX5JYKTKJZ2AABAAAAABA8_usd_grscene_frontier_000000/milestone_090.pred_gt_match.png
grscene,kujiale_grscene_MWAX5JYKTKJZ2AABAAAAABA8_usd,kujiale_grscene_MWAX5JYKTKJZ2AABAAAAABA8_usd__kujiale_grscene_MWAX5JYKTKJZ2AABAAAAABA8_usd__attempt_01__kujiale_grscene_MWAX5JYKTKJZ2AABAAAAABA8_usd_grscene_frontier_000000,voxroom,milestone_090,coverage_milestone,0.9207862981704944,0.9,False,15,0.8890356671070013,0.9975357318876295,0.9401656839856646,0.44256904866286717,88.90356671070013,99.75357318876294,94.01656839856646,44.25690486628672,2,1,4562,1,1,/media/echo/data/voxroom_roomseg_evaluation/grscene_remaining25_union_fixed0p5_batch32_dual_clean_20260816_0120/grscene/kujiale_grscene_MWAX5JYKTKJZ2AABAAAAABA8_usd/attempt_01/roomseg_coverage_eval/events/milestone_090/voxroom/roomseg_snapshots/roomseg_milestone_090_step_000015.npz,/media/echo/data/voxroom_roomseg_evaluation/grscene_all_available_gt_20260817/metrics_pr_f1_miou_excluding_training_grscenes_20260818_192125/match_visualizations/voxroom/kujiale_grscene_MWAX5JYKTKJZ2AABAAAAABA8_usd__kujiale_grscene_MWAX5JYKTKJZ2AABAAAAABA8_usd__attempt_01__kujiale_grscene_MWAX5JYKTKJZ2AABAAAAABA8_usd_grscene_frontier_000000/milestone_090.pred_gt_match.png
grscene,kujiale_grscene_MWAX5JYKTKJZ2AABAAAAABA8_usd,kujiale_grscene_MWAX5JYKTKJZ2AABAAAAABA8_usd__kujiale_grscene_MWAX5JYKTKJZ2AABAAAAABA8_usd__attempt_01__kujiale_grscene_MWAX5JYKTKJZ2AABAAAAABA8_usd_grscene_frontier_000000,tvars_original,final,terminal_forced,1.0,,True,753,0.9994057523175659,0.9960815047021944,0.9977408596066537,0.9954872570197604,99.94057523175658,99.60815047021944,99.77408596066537,99.54872570197604,2,2,4840,1,1,/media/echo/data/voxroom_roomseg_evaluation/grscene_remaining25_union_fixed0p5_batch32_dual_clean_20260816_0120/grscene/kujiale_grscene_MWAX5JYKTKJZ2AABAAAAABA8_usd/attempt_01/roomseg_coverage_eval/events/final/tvars_original/roomseg_snapshots/roomseg_final_step_000753.npz,/media/echo/data/voxroom_roomseg_evaluation/grscene_all_available_gt_20260817/metrics_pr_f1_miou_excluding_training_grscenes_20260818_192125/match_visualizations/tvars_original/kujiale_grscene_MWAX5JYKTKJZ2AABAAAAABA8_usd__kujiale_grscene_MWAX5JYKTKJZ2AABAAAAABA8_usd__attempt_01__kujiale_grscene_MWAX5JYKTKJZ2AABAAAAABA8_usd_grscene_frontier_000000/final.pred_gt_match.png
grscene,kujiale_grscene_MWAX5JYKTKJZ2AABAAAAABA8_usd,kujiale_grscene_MWAX5JYKTKJZ2AABAAAAABA8_usd__kujiale_grscene_MWAX5JYKTKJZ2AABAAAAABA8_usd__attempt_01__kujiale_grscene_MWAX5JYKTKJZ2AABAAAAABA8_usd_grscene_frontier_000000,voxroom,final,terminal_forced,1.0,,True,753,1.0,0.9833946068374666,0.9916277915119418,0.9833946068374666,100.0,98.33946068374667,99.16277915119419,98.33946068374667,2,2,4840,1,1,/media/echo/data/voxroom_roomseg_evaluation/grscene_remaining25_union_fixed0p5_batch32_dual_clean_20260816_0120/grscene/kujiale_grscene_MWAX5JYKTKJZ2AABAAAAABA8_usd/attempt_01/roomseg_coverage_eval/events/final/voxroom/roomseg_snapshots/roomseg_final_step_000753.npz,/media/echo/data/voxroom_roomseg_evaluation/grscene_all_available_gt_20260817/metrics_pr_f1_miou_excluding_training_grscenes_20260818_192125/match_visualizations/voxroom/kujiale_grscene_MWAX5JYKTKJZ2AABAAAAABA8_usd__kujiale_grscene_MWAX5JYKTKJZ2AABAAAAABA8_usd__attempt_01__kujiale_grscene_MWAX5JYKTKJZ2AABAAAAABA8_usd_grscene_frontier_000000/final.pred_gt_match.png
grscene,kujiale_grscene_MWAX5JYKTKJZ2AABAAAAABI8_usd,kujiale_grscene_MWAX5JYKTKJZ2AABAAAAABI8_usd__kujiale_grscene_MWAX5JYKTKJZ2AABAAAAABI8_usd__attempt_01__kujiale_grscene_MWAX5JYKTKJZ2AABAAAAABI8_usd_grscene_frontier_000000,tvars_original,milestone_020,coverage_milestone,0.4339995906951361,0.2,False,0,0.6493715758942958,0.9910954791881357,0.7846414607207973,0.32322746230349697,64.93715758942959,99.10954791881356,78.46414607207973,32.32274623034969,2,1,6258,1,0,/media/echo/data/voxroom_roomseg_evaluation/grscene_remaining25_union_fixed0p5_batch32_dual_clean_20260816_0120/grscene/kujiale_grscene_MWAX5JYKTKJZ2AABAAAAABI8_usd/attempt_01/roomseg_coverage_eval/events/milestone_020/tvars_original/roomseg_snapshots/roomseg_milestone_020_step_000000.npz,/media/echo/data/voxroom_roomseg_evaluation/grscene_all_available_gt_20260817/metrics_pr_f1_miou_excluding_training_grscenes_20260818_192125/match_visualizations/tvars_original/kujiale_grscene_MWAX5JYKTKJZ2AABAAAAABI8_usd__kujiale_grscene_MWAX5JYKTKJZ2AABAAAAABI8_usd__attempt_01__kujiale_grscene_MWAX5JYKTKJZ2AABAAAAABI8_usd_grscene_frontier_000000/milestone_020.pred_gt_match.png
grscene,kujiale_grscene_MWAX5JYKTKJZ2AABAAAAABI8_usd,kujiale_grscene_MWAX5JYKTKJZ2AABAAAAABI8_usd__kujiale_grscene_MWAX5JYKTKJZ2AABAAAAABI8_usd__attempt_01__kujiale_grscene_MWAX5JYKTKJZ2AABAAAAABI8_usd_grscene_frontier_000000,voxroom,milestone_020,coverage_milestone,0.4339995906951361,0.2,False,0,0.6493715758942958,0.9910954791881357,0.7846414607207973,0.32322746230349697,64.93715758942959,99.10954791881356,78.46414607207973,32.32274623034969,2,1,6258,1,0,/media/echo/data/voxroom_roomseg_evaluation/grscene_remaining25_union_fixed0p5_batch32_dual_clean_20260816_0120/grscene/kujiale_grscene_MWAX5JYKTKJZ2AABAAAAABI8_usd/attempt_01/roomseg_coverage_eval/events/milestone_020/voxroom/roomseg_snapshots/roomseg_milestone_020_step_000000.npz,/media/echo/data/voxroom_roomseg_evaluation/grscene_all_available_gt_20260817/metrics_pr_f1_miou_excluding_training_grscenes_20260818_192125/match_visualizations/voxroom/kujiale_grscene_MWAX5JYKTKJZ2AABAAAAABI8_usd__kujiale_grscene_MWAX5JYKTKJZ2AABAAAAABI8_usd__attempt_01__kujiale_grscene_MWAX5JYKTKJZ2AABAAAAABI8_usd_grscene_frontier_000000/milestone_020.pred_gt_match.png
grscene,kujiale_grscene_MWAX5JYKTKJZ2AABAAAAABI8_usd,kujiale_grscene_MWAX5JYKTKJZ2AABAAAAABI8_usd__kujiale_grscene_MWAX5JYKTKJZ2AABAAAAABI8_usd__attempt_01__kujiale_grscene_MWAX5JYKTKJZ2AABAAAAABI8_usd_grscene_frontier_000000,tvars_original,milestone_040,coverage_milestone,0.4339995906951361,0.4,False,0,0.6493715758942958,0.9910954791881357,0.7846414607207973,0.32322746230349697,64.93715758942959,99.10954791881356,78.46414607207973,32.32274623034969,2,1,6258,1,0,/media/echo/data/voxroom_roomseg_evaluation/grscene_remaining25_union_fixed0p5_batch32_dual_clean_20260816_0120/grscene/kujiale_grscene_MWAX5JYKTKJZ2AABAAAAABI8_usd/attempt_01/roomseg_coverage_eval/events/milestone_040/tvars_original/roomseg_snapshots/roomseg_milestone_040_step_000000.npz,/media/echo/data/voxroom_roomseg_evaluation/grscene_all_available_gt_20260817/metrics_pr_f1_miou_excluding_training_grscenes_20260818_192125/match_visualizations/tvars_original/kujiale_grscene_MWAX5JYKTKJZ2AABAAAAABI8_usd__kujiale_grscene_MWAX5JYKTKJZ2AABAAAAABI8_usd__attempt_01__kujiale_grscene_MWAX5JYKTKJZ2AABAAAAABI8_usd_grscene_frontier_000000/milestone_040.pred_gt_match.png
grscene,kujiale_grscene_MWAX5JYKTKJZ2AABAAAAABI8_usd,kujiale_grscene_MWAX5JYKTKJZ2AABAAAAABI8_usd__kujiale_grscene_MWAX5JYKTKJZ2AABAAAAABI8_usd__attempt_01__kujiale_grscene_MWAX5JYKTKJZ2AABAAAAABI8_usd_grscene_frontier_000000,voxroom,milestone_040,coverage_milestone,0.4339995906951361,0.4,False,0,0.6493715758942958,0.9910954791881357,0.7846414607207973,0.32322746230349697,64.93715758942959,99.10954791881356,78.46414607207973,32.32274623034969,2,1,6258,1,0,/media/echo/data/voxroom_roomseg_evaluation/grscene_remaining25_union_fixed0p5_batch32_dual_clean_20260816_0120/grscene/kujiale_grscene_MWAX5JYKTKJZ2AABAAAAABI8_usd/attempt_01/roomseg_coverage_eval/events/milestone_040/voxroom/roomseg_snapshots/roomseg_milestone_040_step_000000.npz,/media/echo/data/voxroom_roomseg_evaluation/grscene_all_available_gt_20260817/metrics_pr_f1_miou_excluding_training_grscenes_20260818_192125/match_visualizations/voxroom/kujiale_grscene_MWAX5JYKTKJZ2AABAAAAABI8_usd__kujiale_grscene_MWAX5JYKTKJZ2AABAAAAABI8_usd__attempt_01__kujiale_grscene_MWAX5JYKTKJZ2AABAAAAABI8_usd_grscene_frontier_000000/milestone_040.pred_gt_match.png
grscene,kujiale_grscene_MWAX5JYKTKJZ2AABAAAAABI8_usd,kujiale_grscene_MWAX5JYKTKJZ2AABAAAAABI8_usd__kujiale_grscene_MWAX5JYKTKJZ2AABAAAAABI8_usd__attempt_01__kujiale_grscene_MWAX5JYKTKJZ2AABAAAAABI8_usd_grscene_frontier_000000,tvars_original,milestone_060,coverage_milestone,0.6157991677467767,0.6,False,37,0.8223567105731577,0.9811434621603166,0.8947600031771726,0.4046918354895865,82.23567105731577,98.11434621603166,89.47600031771726,40.46918354895865,4,2,8912,1,0,/media/echo/data/voxroom_roomseg_evaluation/grscene_remaining25_union_fixed0p5_batch32_dual_clean_20260816_0120/grscene/kujiale_grscene_MWAX5JYKTKJZ2AABAAAAABI8_usd/attempt_01/roomseg_coverage_eval/events/milestone_060/tvars_original/roomseg_snapshots/roomseg_milestone_060_step_000037.npz,/media/echo/data/voxroom_roomseg_evaluation/grscene_all_available_gt_20260817/metrics_pr_f1_miou_excluding_training_grscenes_20260818_192125/match_visualizations/tvars_original/kujiale_grscene_MWAX5JYKTKJZ2AABAAAAABI8_usd__kujiale_grscene_MWAX5JYKTKJZ2AABAAAAABI8_usd__attempt_01__kujiale_grscene_MWAX5JYKTKJZ2AABAAAAABI8_usd_grscene_frontier_000000/milestone_060.pred_gt_match.png
grscene,kujiale_grscene_MWAX5JYKTKJZ2AABAAAAABI8_usd,kujiale_grscene_MWAX5JYKTKJZ2AABAAAAABI8_usd__kujiale_grscene_MWAX5JYKTKJZ2AABAAAAABI8_usd__attempt_01__kujiale_grscene_MWAX5JYKTKJZ2AABAAAAABI8_usd_grscene_frontier_000000,voxroom,milestone_060,coverage_milestone,0.6157991677467767,0.6,False,37,0.9275789749639534,0.88622078410806,0.9064283556143838,0.5739969203429385,92.75789749639533,88.62207841080601,90.64283556143839,57.39969203429385,4,4,8912,1,0,/media/echo/data/voxroom_roomseg_evaluation/grscene_remaining25_union_fixed0p5_batch32_dual_clean_20260816_0120/grscene/kujiale_grscene_MWAX5JYKTKJZ2AABAAAAABI8_usd/attempt_01/roomseg_coverage_eval/events/milestone_060/voxroom/roomseg_snapshots/roomseg_milestone_060_step_000037.npz,/media/echo/data/voxroom_roomseg_evaluation/grscene_all_available_gt_20260817/metrics_pr_f1_miou_excluding_training_grscenes_20260818_192125/match_visualizations/voxroom/kujiale_grscene_MWAX5JYKTKJZ2AABAAAAABI8_usd__kujiale_grscene_MWAX5JYKTKJZ2AABAAAAABI8_usd__attempt_01__kujiale_grscene_MWAX5JYKTKJZ2AABAAAAABI8_usd_grscene_frontier_000000/milestone_060.pred_gt_match.png
grscene,kujiale_grscene_MWAX5JYKTKJZ2AABAAAAABI8_usd,kujiale_grscene_MWAX5JYKTKJZ2AABAAAAABI8_usd__kujiale_grscene_MWAX5JYKTKJZ2AABAAAAABI8_usd__attempt_01__kujiale_grscene_MWAX5JYKTKJZ2AABAAAAABI8_usd_grscene_frontier_000000,tvars_original,milestone_070,coverage_milestone,0.7001841871887577,0.7,False,171,0.9284335839682923,0.9120561284626373,0.9201719894542361,0.5937988803770821,92.84335839682923,91.20561284626373,92.0171989454236,59.379888037708206,4,4,10060,2,0,/media/echo/data/voxroom_roomseg_evaluation/grscene_remaining25_union_fixed0p5_batch32_dual_clean_20260816_0120/grscene/kujiale_grscene_MWAX5JYKTKJZ2AABAAAAABI8_usd/attempt_01/roomseg_coverage_eval/events/milestone_070/tvars_original/roomseg_snapshots/roomseg_milestone_070_step_000171.npz,/media/echo/data/voxroom_roomseg_evaluation/grscene_all_available_gt_20260817/metrics_pr_f1_miou_excluding_training_grscenes_20260818_192125/match_visualizations/tvars_original/kujiale_grscene_MWAX5JYKTKJZ2AABAAAAABI8_usd__kujiale_grscene_MWAX5JYKTKJZ2AABAAAAABI8_usd__attempt_01__kujiale_grscene_MWAX5JYKTKJZ2AABAAAAABI8_usd_grscene_frontier_000000/milestone_070.pred_gt_match.png
grscene,kujiale_grscene_MWAX5JYKTKJZ2AABAAAAABI8_usd,kujiale_grscene_MWAX5JYKTKJZ2AABAAAAABI8_usd__kujiale_grscene_MWAX5JYKTKJZ2AABAAAAABI8_usd__attempt_01__kujiale_grscene_MWAX5JYKTKJZ2AABAAAAABI8_usd_grscene_frontier_000000,voxroom,milestone_070,coverage_milestone,0.7001841871887577,0.7,False,171,0.9297511049081182,0.8846039224389256,0.9066158077079902,0.5670856522628964,92.97511049081182,88.46039224389256,90.66158077079902,56.70856522628964,4,4,10060,2,0,/media/echo/data/voxroom_roomseg_evaluation/grscene_remaining25_union_fixed0p5_batch32_dual_clean_20260816_0120/grscene/kujiale_grscene_MWAX5JYKTKJZ2AABAAAAABI8_usd/attempt_01/roomseg_coverage_eval/events/milestone_070/voxroom/roomseg_snapshots/roomseg_milestone_070_step_000171.npz,/media/echo/data/voxroom_roomseg_evaluation/grscene_all_available_gt_20260817/metrics_pr_f1_miou_excluding_training_grscenes_20260818_192125/match_visualizations/voxroom/kujiale_grscene_MWAX5JYKTKJZ2AABAAAAABI8_usd__kujiale_grscene_MWAX5JYKTKJZ2AABAAAAABI8_usd__attempt_01__kujiale_grscene_MWAX5JYKTKJZ2AABAAAAABI8_usd_grscene_frontier_000000/milestone_070.pred_gt_match.png
grscene,kujiale_grscene_MWAX5JYKTKJZ2AABAAAAABI8_usd,kujiale_grscene_MWAX5JYKTKJZ2AABAAAAABI8_usd__kujiale_grscene_MWAX5JYKTKJZ2AABAAAAABI8_usd__attempt_01__kujiale_grscene_MWAX5JYKTKJZ2AABAAAAABI8_usd_grscene_frontier_000000,tvars_original,milestone_080,coverage_milestone,0.8023057507333379,0.8,False,240,0.9011699152482219,0.9384994841952086,0.9194559640863371,0.37789849824597693,90.11699152482218,93.84994841952086,91.94559640863372,37.789849824597695,6,4,11611,1,0,/media/echo/data/voxroom_roomseg_evaluation/grscene_remaining25_union_fixed0p5_batch32_dual_clean_20260816_0120/grscene/kujiale_grscene_MWAX5JYKTKJZ2AABAAAAABI8_usd/attempt_01/roomseg_coverage_eval/events/milestone_080/tvars_original/roomseg_snapshots/roomseg_milestone_080_step_000240.npz,/media/echo/data/voxroom_roomseg_evaluation/grscene_all_available_gt_20260817/metrics_pr_f1_miou_excluding_training_grscenes_20260818_192125/match_visualizations/tvars_original/kujiale_grscene_MWAX5JYKTKJZ2AABAAAAABI8_usd__kujiale_grscene_MWAX5JYKTKJZ2AABAAAAABI8_usd__attempt_01__kujiale_grscene_MWAX5JYKTKJZ2AABAAAAABI8_usd_grscene_frontier_000000/milestone_080.pred_gt_match.png
grscene,kujiale_grscene_MWAX5JYKTKJZ2AABAAAAABI8_usd,kujiale_grscene_MWAX5JYKTKJZ2AABAAAAABI8_usd__kujiale_grscene_MWAX5JYKTKJZ2AABAAAAABI8_usd__attempt_01__kujiale_grscene_MWAX5JYKTKJZ2AABAAAAABI8_usd_grscene_frontier_000000,voxroom,milestone_080,coverage_milestone,0.8023057507333379,0.8,False,240,0.9338920217209691,0.9093929697326842,0.9214796876013585,0.6794835954842874,93.3892021720969,90.93929697326843,92.14796876013584,67.94835954842874,6,6,11611,1,0,/media/echo/data/voxroom_roomseg_evaluation/grscene_remaining25_union_fixed0p5_batch32_dual_clean_20260816_0120/grscene/kujiale_grscene_MWAX5JYKTKJZ2AABAAAAABI8_usd/attempt_01/roomseg_coverage_eval/events/milestone_080/voxroom/roomseg_snapshots/roomseg_milestone_080_step_000240.npz,/media/echo/data/voxroom_roomseg_evaluation/grscene_all_available_gt_20260817/metrics_pr_f1_miou_excluding_training_grscenes_20260818_192125/match_visualizations/voxroom/kujiale_grscene_MWAX5JYKTKJZ2AABAAAAABI8_usd__kujiale_grscene_MWAX5JYKTKJZ2AABAAAAABI8_usd__attempt_01__kujiale_grscene_MWAX5JYKTKJZ2AABAAAAABI8_usd_grscene_frontier_000000/milestone_080.pred_gt_match.png
grscene,kujiale_grscene_MWAX5JYKTKJZ2AABAAAAABI8_usd,kujiale_grscene_MWAX5JYKTKJZ2AABAAAAABI8_usd__kujiale_grscene_MWAX5JYKTKJZ2AABAAAAABI8_usd__attempt_01__kujiale_grscene_MWAX5JYKTKJZ2AABAAAAABI8_usd_grscene_frontier_000000,tvars_original,milestone_090,coverage_milestone,0.9010164404120335,0.9,False,287,0.9123016172473093,0.9344638701969373,0.9232497638015154,0.4462966046488034,91.23016172473093,93.44638701969373,92.32497638015154,44.62966046488034,7,5,13096,0,0,/media/echo/data/voxroom_roomseg_evaluation/grscene_remaining25_union_fixed0p5_batch32_dual_clean_20260816_0120/grscene/kujiale_grscene_MWAX5JYKTKJZ2AABAAAAABI8_usd/attempt_01/roomseg_coverage_eval/events/milestone_090/tvars_original/roomseg_snapshots/roomseg_milestone_090_step_000287.npz,/media/echo/data/voxroom_roomseg_evaluation/grscene_all_available_gt_20260817/metrics_pr_f1_miou_excluding_training_grscenes_20260818_192125/match_visualizations/tvars_original/kujiale_grscene_MWAX5JYKTKJZ2AABAAAAABI8_usd__kujiale_grscene_MWAX5JYKTKJZ2AABAAAAABI8_usd__attempt_01__kujiale_grscene_MWAX5JYKTKJZ2AABAAAAABI8_usd_grscene_frontier_000000/milestone_090.pred_gt_match.png
grscene,kujiale_grscene_MWAX5JYKTKJZ2AABAAAAABI8_usd,kujiale_grscene_MWAX5JYKTKJZ2AABAAAAABI8_usd__kujiale_grscene_MWAX5JYKTKJZ2AABAAAAABI8_usd__attempt_01__kujiale_grscene_MWAX5JYKTKJZ2AABAAAAABI8_usd_grscene_frontier_000000,voxroom,milestone_090,coverage_milestone,0.9010164404120335,0.9,False,287,0.947002786706295,0.9088519243808459,0.9275352213189784,0.7162214121645833,94.7002786706295,90.8851924380846,92.75352213189784,71.62214121645833,7,7,13096,0,0,/media/echo/data/voxroom_roomseg_evaluation/grscene_remaining25_union_fixed0p5_batch32_dual_clean_20260816_0120/grscene/kujiale_grscene_MWAX5JYKTKJZ2AABAAAAABI8_usd/attempt_01/roomseg_coverage_eval/events/milestone_090/voxroom/roomseg_snapshots/roomseg_milestone_090_step_000287.npz,/media/echo/data/voxroom_roomseg_evaluation/grscene_all_available_gt_20260817/metrics_pr_f1_miou_excluding_training_grscenes_20260818_192125/match_visualizations/voxroom/kujiale_grscene_MWAX5JYKTKJZ2AABAAAAABI8_usd__kujiale_grscene_MWAX5JYKTKJZ2AABAAAAABI8_usd__attempt_01__kujiale_grscene_MWAX5JYKTKJZ2AABAAAAABI8_usd_grscene_frontier_000000/milestone_090.pred_gt_match.png
grscene,kujiale_grscene_MWAX5JYKTKJZ2AABAAAAABI8_usd,kujiale_grscene_MWAX5JYKTKJZ2AABAAAAABI8_usd__kujiale_grscene_MWAX5JYKTKJZ2AABAAAAABI8_usd__attempt_01__kujiale_grscene_MWAX5JYKTKJZ2AABAAAAABI8_usd_grscene_frontier_000000,tvars_original,final,terminal_forced,0.9999317825226823,,True,753,0.9307419891947578,0.9568703261678694,0.9436253234105727,0.6128464554638516,93.07419891947578,95.68703261678694,94.36253234105727,61.284645546385164,7,6,14409,0,0,/media/echo/data/voxroom_roomseg_evaluation/grscene_remaining25_union_fixed0p5_batch32_dual_clean_20260816_0120/grscene/kujiale_grscene_MWAX5JYKTKJZ2AABAAAAABI8_usd/attempt_01/roomseg_coverage_eval/events/final/tvars_original/roomseg_snapshots/roomseg_final_step_000753.npz,/media/echo/data/voxroom_roomseg_evaluation/grscene_all_available_gt_20260817/metrics_pr_f1_miou_excluding_training_grscenes_20260818_192125/match_visualizations/tvars_original/kujiale_grscene_MWAX5JYKTKJZ2AABAAAAABI8_usd__kujiale_grscene_MWAX5JYKTKJZ2AABAAAAABI8_usd__attempt_01__kujiale_grscene_MWAX5JYKTKJZ2AABAAAAABI8_usd_grscene_frontier_000000/final.pred_gt_match.png
grscene,kujiale_grscene_MWAX5JYKTKJZ2AABAAAAABI8_usd,kujiale_grscene_MWAX5JYKTKJZ2AABAAAAABI8_usd__kujiale_grscene_MWAX5JYKTKJZ2AABAAAAABI8_usd__attempt_01__kujiale_grscene_MWAX5JYKTKJZ2AABAAAAABI8_usd_grscene_frontier_000000,voxroom,final,terminal_forced,0.9999317825226823,,True,753,0.991951672209654,0.935745553908073,0.9630292085144855,0.9265490651441979,99.1951672209654,93.5745553908073,96.30292085144855,92.65490651441979,7,8,14409,0,0,/media/echo/data/voxroom_roomseg_evaluation/grscene_remaining25_union_fixed0p5_batch32_dual_clean_20260816_0120/grscene/kujiale_grscene_MWAX5JYKTKJZ2AABAAAAABI8_usd/attempt_01/roomseg_coverage_eval/events/final/voxroom/roomseg_snapshots/roomseg_final_step_000753.npz,/media/echo/data/voxroom_roomseg_evaluation/grscene_all_available_gt_20260817/metrics_pr_f1_miou_excluding_training_grscenes_20260818_192125/match_visualizations/voxroom/kujiale_grscene_MWAX5JYKTKJZ2AABAAAAABI8_usd__kujiale_grscene_MWAX5JYKTKJZ2AABAAAAABI8_usd__attempt_01__kujiale_grscene_MWAX5JYKTKJZ2AABAAAAABI8_usd_grscene_frontier_000000/final.pred_gt_match.png
grscene,kujiale_grscene_MWAX5JYKTKJZ2AABAAAAABQ8_usd,kujiale_grscene_MWAX5JYKTKJZ2AABAAAAABQ8_usd__kujiale_grscene_MWAX5JYKTKJZ2AABAAAAABQ8_usd__attempt_01__kujiale_grscene_MWAX5JYKTKJZ2AABAAAAABQ8_usd_grscene_frontier_000000,tvars_original,milestone_020,coverage_milestone,0.3202693854644093,0.2,False,0,0.9650827387277972,0.9753631392144807,0.9701957064068689,0.47334326135517496,96.50827387277971,97.53631392144807,97.0195706406869,47.33432613551749,2,1,6722,0,0,/media/echo/data/voxroom_roomseg_evaluation/grscene_remaining25_union_fixed0p5_batch32_dual_clean_20260816_0120/grscene/kujiale_grscene_MWAX5JYKTKJZ2AABAAAAABQ8_usd/attempt_01/roomseg_coverage_eval/events/milestone_020/tvars_original/roomseg_snapshots/roomseg_milestone_020_step_000000.npz,/media/echo/data/voxroom_roomseg_evaluation/grscene_all_available_gt_20260817/metrics_pr_f1_miou_excluding_training_grscenes_20260818_192125/match_visualizations/tvars_original/kujiale_grscene_MWAX5JYKTKJZ2AABAAAAABQ8_usd__kujiale_grscene_MWAX5JYKTKJZ2AABAAAAABQ8_usd__attempt_01__kujiale_grscene_MWAX5JYKTKJZ2AABAAAAABQ8_usd_grscene_frontier_000000/milestone_020.pred_gt_match.png
grscene,kujiale_grscene_MWAX5JYKTKJZ2AABAAAAABQ8_usd,kujiale_grscene_MWAX5JYKTKJZ2AABAAAAABQ8_usd__kujiale_grscene_MWAX5JYKTKJZ2AABAAAAABQ8_usd__attempt_01__kujiale_grscene_MWAX5JYKTKJZ2AABAAAAABQ8_usd_grscene_frontier_000000,voxroom,milestone_020,coverage_milestone,0.3202693854644093,0.2,False,0,0.9650827387277972,0.9753631392144807,0.9701957064068689,0.47334326135517496,96.50827387277971,97.53631392144807,97.0195706406869,47.33432613551749,2,1,6722,0,0,/media/echo/data/voxroom_roomseg_evaluation/grscene_remaining25_union_fixed0p5_batch32_dual_clean_20260816_0120/grscene/kujiale_grscene_MWAX5JYKTKJZ2AABAAAAABQ8_usd/attempt_01/roomseg_coverage_eval/events/milestone_020/voxroom/roomseg_snapshots/roomseg_milestone_020_step_000000.npz,/media/echo/data/voxroom_roomseg_evaluation/grscene_all_available_gt_20260817/metrics_pr_f1_miou_excluding_training_grscenes_20260818_192125/match_visualizations/voxroom/kujiale_grscene_MWAX5JYKTKJZ2AABAAAAABQ8_usd__kujiale_grscene_MWAX5JYKTKJZ2AABAAAAABQ8_usd__attempt_01__kujiale_grscene_MWAX5JYKTKJZ2AABAAAAABQ8_usd_grscene_frontier_000000/milestone_020.pred_gt_match.png
grscene,kujiale_grscene_MWAX5JYKTKJZ2AABAAAAABQ8_usd,kujiale_grscene_MWAX5JYKTKJZ2AABAAAAABQ8_usd__kujiale_grscene_MWAX5JYKTKJZ2AABAAAAABQ8_usd__attempt_01__kujiale_grscene_MWAX5JYKTKJZ2AABAAAAABQ8_usd_grscene_frontier_000000,tvars_original,milestone_040,coverage_milestone,0.40945655224020205,0.4,False,13,0.9726288230393907,0.9768115213779851,0.9747156850322934,0.47834484373171016,97.26288230393907,97.6811521377985,97.47156850322935,47.834484373171016,2,1,8550,0,0,/media/echo/data/voxroom_roomseg_evaluation/grscene_remaining25_union_fixed0p5_batch32_dual_clean_20260816_0120/grscene/kujiale_grscene_MWAX5JYKTKJZ2AABAAAAABQ8_usd/attempt_01/roomseg_coverage_eval/events/milestone_040/tvars_original/roomseg_snapshots/roomseg_milestone_040_step_000013.npz,/media/echo/data/voxroom_roomseg_evaluation/grscene_all_available_gt_20260817/metrics_pr_f1_miou_excluding_training_grscenes_20260818_192125/match_visualizations/tvars_original/kujiale_grscene_MWAX5JYKTKJZ2AABAAAAABQ8_usd__kujiale_grscene_MWAX5JYKTKJZ2AABAAAAABQ8_usd__attempt_01__kujiale_grscene_MWAX5JYKTKJZ2AABAAAAABQ8_usd_grscene_frontier_000000/milestone_040.pred_gt_match.png
grscene,kujiale_grscene_MWAX5JYKTKJZ2AABAAAAABQ8_usd,kujiale_grscene_MWAX5JYKTKJZ2AABAAAAABQ8_usd__kujiale_grscene_MWAX5JYKTKJZ2AABAAAAABQ8_usd__attempt_01__kujiale_grscene_MWAX5JYKTKJZ2AABAAAAABQ8_usd_grscene_frontier_000000,voxroom,milestone_040,coverage_milestone,0.40945655224020205,0.4,False,13,0.9726288230393907,0.9768115213779851,0.9747156850322934,0.47834484373171016,97.26288230393907,97.6811521377985,97.47156850322935,47.834484373171016,2,1,8550,0,0,/media/echo/data/voxroom_roomseg_evaluation/grscene_remaining25_union_fixed0p5_batch32_dual_clean_20260816_0120/grscene/kujiale_grscene_MWAX5JYKTKJZ2AABAAAAABQ8_usd/attempt_01/roomseg_coverage_eval/events/milestone_040/voxroom/roomseg_snapshots/roomseg_milestone_040_step_000013.npz,/media/echo/data/voxroom_roomseg_evaluation/grscene_all_available_gt_20260817/metrics_pr_f1_miou_excluding_training_grscenes_20260818_192125/match_visualizations/voxroom/kujiale_grscene_MWAX5JYKTKJZ2AABAAAAABQ8_usd__kujiale_grscene_MWAX5JYKTKJZ2AABAAAAABQ8_usd__attempt_01__kujiale_grscene_MWAX5JYKTKJZ2AABAAAAABQ8_usd_grscene_frontier_000000/milestone_040.pred_gt_match.png
grscene,kujiale_grscene_MWAX5JYKTKJZ2AABAAAAABQ8_usd,kujiale_grscene_MWAX5JYKTKJZ2AABAAAAABQ8_usd__kujiale_grscene_MWAX5JYKTKJZ2AABAAAAABQ8_usd__attempt_01__kujiale_grscene_MWAX5JYKTKJZ2AABAAAAABQ8_usd_grscene_frontier_000000,tvars_original,milestone_060,coverage_milestone,0.6013936956318399,0.6,False,240,0.7819414291433565,0.9778234584938589,0.8689804847864585,0.38066613388705983,78.19414291433566,97.78234584938589,86.89804847864585,38.06661338870598,4,2,12197,0,0,/media/echo/data/voxroom_roomseg_evaluation/grscene_remaining25_union_fixed0p5_batch32_dual_clean_20260816_0120/grscene/kujiale_grscene_MWAX5JYKTKJZ2AABAAAAABQ8_usd/attempt_01/roomseg_coverage_eval/events/milestone_060/tvars_original/roomseg_snapshots/roomseg_milestone_060_step_000240.npz,/media/echo/data/voxroom_roomseg_evaluation/grscene_all_available_gt_20260817/metrics_pr_f1_miou_excluding_training_grscenes_20260818_192125/match_visualizations/tvars_original/kujiale_grscene_MWAX5JYKTKJZ2AABAAAAABQ8_usd__kujiale_grscene_MWAX5JYKTKJZ2AABAAAAABQ8_usd__attempt_01__kujiale_grscene_MWAX5JYKTKJZ2AABAAAAABQ8_usd_grscene_frontier_000000/milestone_060.pred_gt_match.png
grscene,kujiale_grscene_MWAX5JYKTKJZ2AABAAAAABQ8_usd,kujiale_grscene_MWAX5JYKTKJZ2AABAAAAABQ8_usd__kujiale_grscene_MWAX5JYKTKJZ2AABAAAAABQ8_usd__attempt_01__kujiale_grscene_MWAX5JYKTKJZ2AABAAAAABQ8_usd_grscene_frontier_000000,voxroom,milestone_060,coverage_milestone,0.6013936956318399,0.6,False,240,0.8245063207469222,0.9866455260882923,0.898318353613433,0.20475623768877216,82.45063207469222,98.66455260882923,89.83183536134331,20.475623768877217,4,1,12197,0,0,/media/echo/data/voxroom_roomseg_evaluation/grscene_remaining25_union_fixed0p5_batch32_dual_clean_20260816_0120/grscene/kujiale_grscene_MWAX5JYKTKJZ2AABAAAAABQ8_usd/attempt_01/roomseg_coverage_eval/events/milestone_060/voxroom/roomseg_snapshots/roomseg_milestone_060_step_000240.npz,/media/echo/data/voxroom_roomseg_evaluation/grscene_all_available_gt_20260817/metrics_pr_f1_miou_excluding_training_grscenes_20260818_192125/match_visualizations/voxroom/kujiale_grscene_MWAX5JYKTKJZ2AABAAAAABQ8_usd__kujiale_grscene_MWAX5JYKTKJZ2AABAAAAABQ8_usd__attempt_01__kujiale_grscene_MWAX5JYKTKJZ2AABAAAAABQ8_usd_grscene_frontier_000000/milestone_060.pred_gt_match.png
grscene,kujiale_grscene_MWAX5JYKTKJZ2AABAAAAABQ8_usd,kujiale_grscene_MWAX5JYKTKJZ2AABAAAAABQ8_usd__kujiale_grscene_MWAX5JYKTKJZ2AABAAAAABQ8_usd__attempt_01__kujiale_grscene_MWAX5JYKTKJZ2AABAAAAABQ8_usd_grscene_frontier_000000,tvars_original,milestone_070,coverage_milestone,0.706295014498176,0.7,False,343,0.8307294127731099,0.9587022468125637,0.8901397829333881,0.4744908974654859,83.07294127731099,95.87022468125636,89.01397829333881,47.44908974654859,5,3,14399,0,0,/media/echo/data/voxroom_roomseg_evaluation/grscene_remaining25_union_fixed0p5_batch32_dual_clean_20260816_0120/grscene/kujiale_grscene_MWAX5JYKTKJZ2AABAAAAABQ8_usd/attempt_01/roomseg_coverage_eval/events/milestone_070/tvars_original/roomseg_snapshots/roomseg_milestone_070_step_000343.npz,/media/echo/data/voxroom_roomseg_evaluation/grscene_all_available_gt_20260817/metrics_pr_f1_miou_excluding_training_grscenes_20260818_192125/match_visualizations/tvars_original/kujiale_grscene_MWAX5JYKTKJZ2AABAAAAABQ8_usd__kujiale_grscene_MWAX5JYKTKJZ2AABAAAAABQ8_usd__attempt_01__kujiale_grscene_MWAX5JYKTKJZ2AABAAAAABQ8_usd_grscene_frontier_000000/milestone_070.pred_gt_match.png
grscene,kujiale_grscene_MWAX5JYKTKJZ2AABAAAAABQ8_usd,kujiale_grscene_MWAX5JYKTKJZ2AABAAAAABQ8_usd__kujiale_grscene_MWAX5JYKTKJZ2AABAAAAABQ8_usd__attempt_01__kujiale_grscene_MWAX5JYKTKJZ2AABAAAAABQ8_usd_grscene_frontier_000000,voxroom,milestone_070,coverage_milestone,0.706295014498176,0.7,False,343,0.7673800531542874,0.980790221246771,0.8610589747859824,0.15334730957372467,76.73800531542874,98.0790221246771,86.10589747859824,15.334730957372466,5,1,14399,0,0,/media/echo/data/voxroom_roomseg_evaluation/grscene_remaining25_union_fixed0p5_batch32_dual_clean_20260816_0120/grscene/kujiale_grscene_MWAX5JYKTKJZ2AABAAAAABQ8_usd/attempt_01/roomseg_coverage_eval/events/milestone_070/voxroom/roomseg_snapshots/roomseg_milestone_070_step_000343.npz,/media/echo/data/voxroom_roomseg_evaluation/grscene_all_available_gt_20260817/metrics_pr_f1_miou_excluding_training_grscenes_20260818_192125/match_visualizations/voxroom/kujiale_grscene_MWAX5JYKTKJZ2AABAAAAABQ8_usd__kujiale_grscene_MWAX5JYKTKJZ2AABAAAAABQ8_usd__attempt_01__kujiale_grscene_MWAX5JYKTKJZ2AABAAAAABQ8_usd_grscene_frontier_000000/milestone_070.pred_gt_match.png
grscene,kujiale_grscene_MWAX5JYKTKJZ2AABAAAAABQ8_usd,kujiale_grscene_MWAX5JYKTKJZ2AABAAAAABQ8_usd__kujiale_grscene_MWAX5JYKTKJZ2AABAAAAABQ8_usd__attempt_01__kujiale_grscene_MWAX5JYKTKJZ2AABAAAAABQ8_usd_grscene_frontier_000000,tvars_original,milestone_080,coverage_milestone,0.8036198671780002,0.8,False,425,0.7306916532299454,0.9446995963194041,0.8240273548354293,0.394767508655205,73.06916532299455,94.46995963194041,82.40273548354293,39.4767508655205,7,4,16373,1,0,/media/echo/data/voxroom_roomseg_evaluation/grscene_remaining25_union_fixed0p5_batch32_dual_clean_20260816_0120/grscene/kujiale_grscene_MWAX5JYKTKJZ2AABAAAAABQ8_usd/attempt_01/roomseg_coverage_eval/events/milestone_080/tvars_original/roomseg_snapshots/roomseg_milestone_080_step_000425.npz,/media/echo/data/voxroom_roomseg_evaluation/grscene_all_available_gt_20260817/metrics_pr_f1_miou_excluding_training_grscenes_20260818_192125/match_visualizations/tvars_original/kujiale_grscene_MWAX5JYKTKJZ2AABAAAAABQ8_usd__kujiale_grscene_MWAX5JYKTKJZ2AABAAAAABQ8_usd__attempt_01__kujiale_grscene_MWAX5JYKTKJZ2AABAAAAABQ8_usd_grscene_frontier_000000/milestone_080.pred_gt_match.png
grscene,kujiale_grscene_MWAX5JYKTKJZ2AABAAAAABQ8_usd,kujiale_grscene_MWAX5JYKTKJZ2AABAAAAABQ8_usd__kujiale_grscene_MWAX5JYKTKJZ2AABAAAAABQ8_usd__attempt_01__kujiale_grscene_MWAX5JYKTKJZ2AABAAAAABQ8_usd_grscene_frontier_000000,voxroom,milestone_080,coverage_milestone,0.8036198671780002,0.8,False,425,0.8540262053173897,0.9021333567596068,0.8774208722269471,0.15941665479125383,85.40262053173898,90.21333567596068,87.7420872226947,15.941665479125383,7,2,16373,1,0,/media/echo/data/voxroom_roomseg_evaluation/grscene_remaining25_union_fixed0p5_batch32_dual_clean_20260816_0120/grscene/kujiale_grscene_MWAX5JYKTKJZ2AABAAAAABQ8_usd/attempt_01/roomseg_coverage_eval/events/milestone_080/voxroom/roomseg_snapshots/roomseg_milestone_080_step_000425.npz,/media/echo/data/voxroom_roomseg_evaluation/grscene_all_available_gt_20260817/metrics_pr_f1_miou_excluding_training_grscenes_20260818_192125/match_visualizations/voxroom/kujiale_grscene_MWAX5JYKTKJZ2AABAAAAABQ8_usd__kujiale_grscene_MWAX5JYKTKJZ2AABAAAAABQ8_usd__attempt_01__kujiale_grscene_MWAX5JYKTKJZ2AABAAAAABQ8_usd_grscene_frontier_000000/milestone_080.pred_gt_match.png
grscene,kujiale_grscene_MWAX5JYKTKJZ2AABAAAAABQ8_usd,kujiale_grscene_MWAX5JYKTKJZ2AABAAAAABQ8_usd__kujiale_grscene_MWAX5JYKTKJZ2AABAAAAABQ8_usd__attempt_01__kujiale_grscene_MWAX5JYKTKJZ2AABAAAAABQ8_usd_grscene_frontier_000000,tvars_original,milestone_090,coverage_milestone,0.9105789916752408,0.9,False,639,0.8289619971784006,0.9592444786178121,0.889357274498535,0.4958516784751623,82.89619971784006,95.92444786178122,88.9357274498535,49.58516784751623,8,5,18589,0,0,/media/echo/data/voxroom_roomseg_evaluation/grscene_remaining25_union_fixed0p5_batch32_dual_clean_20260816_0120/grscene/kujiale_grscene_MWAX5JYKTKJZ2AABAAAAABQ8_usd/attempt_01/roomseg_coverage_eval/events/milestone_090/tvars_original/roomseg_snapshots/roomseg_milestone_090_step_000639.npz,/media/echo/data/voxroom_roomseg_evaluation/grscene_all_available_gt_20260817/metrics_pr_f1_miou_excluding_training_grscenes_20260818_192125/match_visualizations/tvars_original/kujiale_grscene_MWAX5JYKTKJZ2AABAAAAABQ8_usd__kujiale_grscene_MWAX5JYKTKJZ2AABAAAAABQ8_usd__attempt_01__kujiale_grscene_MWAX5JYKTKJZ2AABAAAAABQ8_usd_grscene_frontier_000000/milestone_090.pred_gt_match.png
grscene,kujiale_grscene_MWAX5JYKTKJZ2AABAAAAABQ8_usd,kujiale_grscene_MWAX5JYKTKJZ2AABAAAAABQ8_usd__kujiale_grscene_MWAX5JYKTKJZ2AABAAAAABQ8_usd__attempt_01__kujiale_grscene_MWAX5JYKTKJZ2AABAAAAABQ8_usd_grscene_frontier_000000,voxroom,milestone_090,coverage_milestone,0.9105789916752408,0.9,False,639,0.9213121783876501,0.8697583052492704,0.8947932827889721,0.20783930068015777,92.13121783876501,86.97583052492705,89.47932827889721,20.783930068015778,8,4,18589,0,0,/media/echo/data/voxroom_roomseg_evaluation/grscene_remaining25_union_fixed0p5_batch32_dual_clean_20260816_0120/grscene/kujiale_grscene_MWAX5JYKTKJZ2AABAAAAABQ8_usd/attempt_01/roomseg_coverage_eval/events/milestone_090/voxroom/roomseg_snapshots/roomseg_milestone_090_step_000639.npz,/media/echo/data/voxroom_roomseg_evaluation/grscene_all_available_gt_20260817/metrics_pr_f1_miou_excluding_training_grscenes_20260818_192125/match_visualizations/voxroom/kujiale_grscene_MWAX5JYKTKJZ2AABAAAAABQ8_usd__kujiale_grscene_MWAX5JYKTKJZ2AABAAAAABQ8_usd__attempt_01__kujiale_grscene_MWAX5JYKTKJZ2AABAAAAABQ8_usd_grscene_frontier_000000/milestone_090.pred_gt_match.png
grscene,kujiale_grscene_MWAX5JYKTKJZ2AABAAAAABQ8_usd,kujiale_grscene_MWAX5JYKTKJZ2AABAAAAABQ8_usd__kujiale_grscene_MWAX5JYKTKJZ2AABAAAAABQ8_usd__attempt_01__kujiale_grscene_MWAX5JYKTKJZ2AABAAAAABQ8_usd_grscene_frontier_000000,tvars_original,final,terminal_forced,0.9968197549340567,,True,967,0.8025122072970994,0.97997053169979,0.8824077757107336,0.4884091332591732,80.25122072970994,97.997053169979,88.24077757107335,48.84091332591732,8,5,20116,0,0,/media/echo/data/voxroom_roomseg_evaluation/grscene_remaining25_union_fixed0p5_batch32_dual_clean_20260816_0120/grscene/kujiale_grscene_MWAX5JYKTKJZ2AABAAAAABQ8_usd/attempt_01/roomseg_coverage_eval/events/final/tvars_original/roomseg_snapshots/roomseg_final_step_000967.npz,/media/echo/data/voxroom_roomseg_evaluation/grscene_all_available_gt_20260817/metrics_pr_f1_miou_excluding_training_grscenes_20260818_192125/match_visualizations/tvars_original/kujiale_grscene_MWAX5JYKTKJZ2AABAAAAABQ8_usd__kujiale_grscene_MWAX5JYKTKJZ2AABAAAAABQ8_usd__attempt_01__kujiale_grscene_MWAX5JYKTKJZ2AABAAAAABQ8_usd_grscene_frontier_000000/final.pred_gt_match.png
grscene,kujiale_grscene_MWAX5JYKTKJZ2AABAAAAABQ8_usd,kujiale_grscene_MWAX5JYKTKJZ2AABAAAAABQ8_usd__kujiale_grscene_MWAX5JYKTKJZ2AABAAAAABQ8_usd__attempt_01__kujiale_grscene_MWAX5JYKTKJZ2AABAAAAABQ8_usd_grscene_frontier_000000,voxroom,final,terminal_forced,0.9968197549340567,,True,967,0.9065103147537318,0.9221456612951647,0.9142611454732323,0.24392814884185146,90.65103147537317,92.21456612951647,91.42611454732324,24.392814884185146,8,4,20116,0,0,/media/echo/data/voxroom_roomseg_evaluation/grscene_remaining25_union_fixed0p5_batch32_dual_clean_20260816_0120/grscene/kujiale_grscene_MWAX5JYKTKJZ2AABAAAAABQ8_usd/attempt_01/roomseg_coverage_eval/events/final/voxroom/roomseg_snapshots/roomseg_final_step_000967.npz,/media/echo/data/voxroom_roomseg_evaluation/grscene_all_available_gt_20260817/metrics_pr_f1_miou_excluding_training_grscenes_20260818_192125/match_visualizations/voxroom/kujiale_grscene_MWAX5JYKTKJZ2AABAAAAABQ8_usd__kujiale_grscene_MWAX5JYKTKJZ2AABAAAAABQ8_usd__attempt_01__kujiale_grscene_MWAX5JYKTKJZ2AABAAAAABQ8_usd_grscene_frontier_000000/final.pred_gt_match.png
grscene,kujiale_grscene_MWAX5JYKTKJZ2AABAAAAABY8_usd,kujiale_grscene_MWAX5JYKTKJZ2AABAAAAABY8_usd__kujiale_grscene_MWAX5JYKTKJZ2AABAAAAABY8_usd__attempt_01__kujiale_grscene_MWAX5JYKTKJZ2AABAAAAABY8_usd_grscene_frontier_000000,tvars_original,milestone_020,coverage_milestone,0.33915810964991294,0.2,False,0,0.7694934547524189,0.9892083267543749,0.8656263851304266,0.25365853658536586,76.9493454752419,98.92083267543748,86.56263851304266,25.365853658536587,3,1,5341,1,0,/media/echo/data/voxroom_roomseg_evaluation/grscene_remaining25_union_fixed0p5_batch32_dual_clean_20260816_0120/grscene/kujiale_grscene_MWAX5JYKTKJZ2AABAAAAABY8_usd/attempt_01/roomseg_coverage_eval/events/milestone_020/tvars_original/roomseg_snapshots/roomseg_milestone_020_step_000000.npz,/media/echo/data/voxroom_roomseg_evaluation/grscene_all_available_gt_20260817/metrics_pr_f1_miou_excluding_training_grscenes_20260818_192125/match_visualizations/tvars_original/kujiale_grscene_MWAX5JYKTKJZ2AABAAAAABY8_usd__kujiale_grscene_MWAX5JYKTKJZ2AABAAAAABY8_usd__attempt_01__kujiale_grscene_MWAX5JYKTKJZ2AABAAAAABY8_usd_grscene_frontier_000000/milestone_020.pred_gt_match.png
grscene,kujiale_grscene_MWAX5JYKTKJZ2AABAAAAABY8_usd,kujiale_grscene_MWAX5JYKTKJZ2AABAAAAABY8_usd__kujiale_grscene_MWAX5JYKTKJZ2AABAAAAABY8_usd__attempt_01__kujiale_grscene_MWAX5JYKTKJZ2AABAAAAABY8_usd_grscene_frontier_000000,voxroom,milestone_020,coverage_milestone,0.33915810964991294,0.2,False,0,0.8031200631911533,0.65979634545904,0.7244374039761868,0.2651930099113198,80.31200631911533,65.97963454590399,72.44374039761868,26.519300991131978,3,1,5341,1,1,/media/echo/data/voxroom_roomseg_evaluation/grscene_remaining25_union_fixed0p5_batch32_dual_clean_20260816_0120/grscene/kujiale_grscene_MWAX5JYKTKJZ2AABAAAAABY8_usd/attempt_01/roomseg_coverage_eval/events/milestone_020/voxroom/roomseg_snapshots/roomseg_milestone_020_step_000000.npz,/media/echo/data/voxroom_roomseg_evaluation/grscene_all_available_gt_20260817/metrics_pr_f1_miou_excluding_training_grscenes_20260818_192125/match_visualizations/voxroom/kujiale_grscene_MWAX5JYKTKJZ2AABAAAAABY8_usd__kujiale_grscene_MWAX5JYKTKJZ2AABAAAAABY8_usd__attempt_01__kujiale_grscene_MWAX5JYKTKJZ2AABAAAAABY8_usd_grscene_frontier_000000/milestone_020.pred_gt_match.png
grscene,kujiale_grscene_MWAX5JYKTKJZ2AABAAAAABY8_usd,kujiale_grscene_MWAX5JYKTKJZ2AABAAAAABY8_usd__kujiale_grscene_MWAX5JYKTKJZ2AABAAAAABY8_usd__attempt_01__kujiale_grscene_MWAX5JYKTKJZ2AABAAAAABY8_usd_grscene_frontier_000000,tvars_original,milestone_040,coverage_milestone,0.4020296643247463,0.4,False,10,0.8496907015218307,0.9885811093766913,0.913888981332892,0.3382007840348159,84.96907015218306,98.85811093766912,91.3888981332892,33.82007840348159,5,2,6455,2,0,/media/echo/data/voxroom_roomseg_evaluation/grscene_remaining25_union_fixed0p5_batch32_dual_clean_20260816_0120/grscene/kujiale_grscene_MWAX5JYKTKJZ2AABAAAAABY8_usd/attempt_01/roomseg_coverage_eval/events/milestone_040/tvars_original/roomseg_snapshots/roomseg_milestone_040_step_000010.npz,/media/echo/data/voxroom_roomseg_evaluation/grscene_all_available_gt_20260817/metrics_pr_f1_miou_excluding_training_grscenes_20260818_192125/match_visualizations/tvars_original/kujiale_grscene_MWAX5JYKTKJZ2AABAAAAABY8_usd__kujiale_grscene_MWAX5JYKTKJZ2AABAAAAABY8_usd__attempt_01__kujiale_grscene_MWAX5JYKTKJZ2AABAAAAABY8_usd_grscene_frontier_000000/milestone_040.pred_gt_match.png
grscene,kujiale_grscene_MWAX5JYKTKJZ2AABAAAAABY8_usd,kujiale_grscene_MWAX5JYKTKJZ2AABAAAAABY8_usd__kujiale_grscene_MWAX5JYKTKJZ2AABAAAAABY8_usd__attempt_01__kujiale_grscene_MWAX5JYKTKJZ2AABAAAAABY8_usd_grscene_frontier_000000,voxroom,milestone_040,coverage_milestone,0.4020296643247463,0.4,False,10,0.9231166186492646,0.7863963537465822,0.8492893060311468,0.5443847573727271,92.31166186492646,78.63963537465823,84.92893060311468,54.438475737272704,5,3,6455,2,1,/media/echo/data/voxroom_roomseg_evaluation/grscene_remaining25_union_fixed0p5_batch32_dual_clean_20260816_0120/grscene/kujiale_grscene_MWAX5JYKTKJZ2AABAAAAABY8_usd/attempt_01/roomseg_coverage_eval/events/milestone_040/voxroom/roomseg_snapshots/roomseg_milestone_040_step_000010.npz,/media/echo/data/voxroom_roomseg_evaluation/grscene_all_available_gt_20260817/metrics_pr_f1_miou_excluding_training_grscenes_20260818_192125/match_visualizations/voxroom/kujiale_grscene_MWAX5JYKTKJZ2AABAAAAABY8_usd__kujiale_grscene_MWAX5JYKTKJZ2AABAAAAABY8_usd__attempt_01__kujiale_grscene_MWAX5JYKTKJZ2AABAAAAABY8_usd_grscene_frontier_000000/milestone_040.pred_gt_match.png
grscene,kujiale_grscene_MWAX5JYKTKJZ2AABAAAAABY8_usd,kujiale_grscene_MWAX5JYKTKJZ2AABAAAAABY8_usd__kujiale_grscene_MWAX5JYKTKJZ2AABAAAAABY8_usd__attempt_01__kujiale_grscene_MWAX5JYKTKJZ2AABAAAAABY8_usd_grscene_frontier_000000,tvars_original,milestone_060,coverage_milestone,0.6010928961748634,0.6,False,120,0.9421394451655516,0.9788832183347411,0.9601599291112392,0.6581552993639124,94.21394451655516,97.88832183347411,96.01599291112392,65.81552993639124,7,5,9770,0,0,/media/echo/data/voxroom_roomseg_evaluation/grscene_remaining25_union_fixed0p5_batch32_dual_clean_20260816_0120/grscene/kujiale_grscene_MWAX5JYKTKJZ2AABAAAAABY8_usd/attempt_01/roomseg_coverage_eval/events/milestone_060/tvars_original/roomseg_snapshots/roomseg_milestone_060_step_000120.npz,/media/echo/data/voxroom_roomseg_evaluation/grscene_all_available_gt_20260817/metrics_pr_f1_miou_excluding_training_grscenes_20260818_192125/match_visualizations/tvars_original/kujiale_grscene_MWAX5JYKTKJZ2AABAAAAABY8_usd__kujiale_grscene_MWAX5JYKTKJZ2AABAAAAABY8_usd__attempt_01__kujiale_grscene_MWAX5JYKTKJZ2AABAAAAABY8_usd_grscene_frontier_000000/milestone_060.pred_gt_match.png
grscene,kujiale_grscene_MWAX5JYKTKJZ2AABAAAAABY8_usd,kujiale_grscene_MWAX5JYKTKJZ2AABAAAAABY8_usd__kujiale_grscene_MWAX5JYKTKJZ2AABAAAAABY8_usd__attempt_01__kujiale_grscene_MWAX5JYKTKJZ2AABAAAAABY8_usd_grscene_frontier_000000,voxroom,milestone_060,coverage_milestone,0.6010928961748634,0.6,False,120,0.9640430132138743,0.9366938362999998,0.9501716648850859,0.772472696662563,96.40430132138744,93.66938362999998,95.0171664885086,77.2472696662563,7,7,9770,0,0,/media/echo/data/voxroom_roomseg_evaluation/grscene_remaining25_union_fixed0p5_batch32_dual_clean_20260816_0120/grscene/kujiale_grscene_MWAX5JYKTKJZ2AABAAAAABY8_usd/attempt_01/roomseg_coverage_eval/events/milestone_060/voxroom/roomseg_snapshots/roomseg_milestone_060_step_000120.npz,/media/echo/data/voxroom_roomseg_evaluation/grscene_all_available_gt_20260817/metrics_pr_f1_miou_excluding_training_grscenes_20260818_192125/match_visualizations/voxroom/kujiale_grscene_MWAX5JYKTKJZ2AABAAAAABY8_usd__kujiale_grscene_MWAX5JYKTKJZ2AABAAAAABY8_usd__attempt_01__kujiale_grscene_MWAX5JYKTKJZ2AABAAAAABY8_usd_grscene_frontier_000000/milestone_060.pred_gt_match.png
grscene,kujiale_grscene_MWAX5JYKTKJZ2AABAAAAABY8_usd,kujiale_grscene_MWAX5JYKTKJZ2AABAAAAABY8_usd__kujiale_grscene_MWAX5JYKTKJZ2AABAAAAABY8_usd__attempt_01__kujiale_grscene_MWAX5JYKTKJZ2AABAAAAABY8_usd_grscene_frontier_000000,tvars_original,milestone_070,coverage_milestone,0.7015552753257671,0.7,False,142,0.937991815550985,0.9813947825114587,0.9592025647667246,0.6561315724851744,93.7991815550985,98.13947825114587,95.92025647667246,65.61315724851744,7,5,11437,1,0,/media/echo/data/voxroom_roomseg_evaluation/grscene_remaining25_union_fixed0p5_batch32_dual_clean_20260816_0120/grscene/kujiale_grscene_MWAX5JYKTKJZ2AABAAAAABY8_usd/attempt_01/roomseg_coverage_eval/events/milestone_070/tvars_original/roomseg_snapshots/roomseg_milestone_070_step_000142.npz,/media/echo/data/voxroom_roomseg_evaluation/grscene_all_available_gt_20260817/metrics_pr_f1_miou_excluding_training_grscenes_20260818_192125/match_visualizations/tvars_original/kujiale_grscene_MWAX5JYKTKJZ2AABAAAAABY8_usd__kujiale_grscene_MWAX5JYKTKJZ2AABAAAAABY8_usd__attempt_01__kujiale_grscene_MWAX5JYKTKJZ2AABAAAAABY8_usd_grscene_frontier_000000/milestone_070.pred_gt_match.png
grscene,kujiale_grscene_MWAX5JYKTKJZ2AABAAAAABY8_usd,kujiale_grscene_MWAX5JYKTKJZ2AABAAAAABY8_usd__kujiale_grscene_MWAX5JYKTKJZ2AABAAAAABY8_usd__attempt_01__kujiale_grscene_MWAX5JYKTKJZ2AABAAAAABY8_usd_grscene_frontier_000000,voxroom,milestone_070,coverage_milestone,0.7015552753257671,0.7,False,142,0.9689594736406665,0.9522534150869154,0.9605338099373724,0.7897674074897465,96.89594736406664,95.22534150869154,96.05338099373724,78.97674074897465,7,7,11437,1,0,/media/echo/data/voxroom_roomseg_evaluation/grscene_remaining25_union_fixed0p5_batch32_dual_clean_20260816_0120/grscene/kujiale_grscene_MWAX5JYKTKJZ2AABAAAAABY8_usd/attempt_01/roomseg_coverage_eval/events/milestone_070/voxroom/roomseg_snapshots/roomseg_milestone_070_step_000142.npz,/media/echo/data/voxroom_roomseg_evaluation/grscene_all_available_gt_20260817/metrics_pr_f1_miou_excluding_training_grscenes_20260818_192125/match_visualizations/voxroom/kujiale_grscene_MWAX5JYKTKJZ2AABAAAAABY8_usd__kujiale_grscene_MWAX5JYKTKJZ2AABAAAAABY8_usd__attempt_01__kujiale_grscene_MWAX5JYKTKJZ2AABAAAAABY8_usd_grscene_frontier_000000/milestone_070.pred_gt_match.png
grscene,kujiale_grscene_MWAX5JYKTKJZ2AABAAAAABY8_usd,kujiale_grscene_MWAX5JYKTKJZ2AABAAAAABY8_usd__kujiale_grscene_MWAX5JYKTKJZ2AABAAAAABY8_usd__attempt_01__kujiale_grscene_MWAX5JYKTKJZ2AABAAAAABY8_usd_grscene_frontier_000000,tvars_original,milestone_080,coverage_milestone,0.8140875517924698,0.8,False,189,0.9135004198684717,0.9833687801113418,0.9471478513403215,0.5597889359104088,91.35004198684717,98.33687801113417,94.71478513403216,55.97889359104088,8,5,13281,0,0,/media/echo/data/voxroom_roomseg_evaluation/grscene_remaining25_union_fixed0p5_batch32_dual_clean_20260816_0120/grscene/kujiale_grscene_MWAX5JYKTKJZ2AABAAAAABY8_usd/attempt_01/roomseg_coverage_eval/events/milestone_080/tvars_original/roomseg_snapshots/roomseg_milestone_080_step_000189.npz,/media/echo/data/voxroom_roomseg_evaluation/grscene_all_available_gt_20260817/metrics_pr_f1_miou_excluding_training_grscenes_20260818_192125/match_visualizations/tvars_original/kujiale_grscene_MWAX5JYKTKJZ2AABAAAAABY8_usd__kujiale_grscene_MWAX5JYKTKJZ2AABAAAAABY8_usd__attempt_01__kujiale_grscene_MWAX5JYKTKJZ2AABAAAAABY8_usd_grscene_frontier_000000/milestone_080.pred_gt_match.png
grscene,kujiale_grscene_MWAX5JYKTKJZ2AABAAAAABY8_usd,kujiale_grscene_MWAX5JYKTKJZ2AABAAAAABY8_usd__kujiale_grscene_MWAX5JYKTKJZ2AABAAAAABY8_usd__attempt_01__kujiale_grscene_MWAX5JYKTKJZ2AABAAAAABY8_usd_grscene_frontier_000000,voxroom,milestone_080,coverage_milestone,0.8140875517924698,0.8,False,189,0.9728648000388652,0.9599282283269115,0.9663532206472635,0.8184436006134392,97.28648000388652,95.99282283269115,96.63532206472635,81.84436006134392,8,8,13281,0,0,/media/echo/data/voxroom_roomseg_evaluation/grscene_remaining25_union_fixed0p5_batch32_dual_clean_20260816_0120/grscene/kujiale_grscene_MWAX5JYKTKJZ2AABAAAAABY8_usd/attempt_01/roomseg_coverage_eval/events/milestone_080/voxroom/roomseg_snapshots/roomseg_milestone_080_step_000189.npz,/media/echo/data/voxroom_roomseg_evaluation/grscene_all_available_gt_20260817/metrics_pr_f1_miou_excluding_training_grscenes_20260818_192125/match_visualizations/voxroom/kujiale_grscene_MWAX5JYKTKJZ2AABAAAAABY8_usd__kujiale_grscene_MWAX5JYKTKJZ2AABAAAAABY8_usd__attempt_01__kujiale_grscene_MWAX5JYKTKJZ2AABAAAAABY8_usd_grscene_frontier_000000/milestone_080.pred_gt_match.png
grscene,kujiale_grscene_MWAX5JYKTKJZ2AABAAAAABY8_usd,kujiale_grscene_MWAX5JYKTKJZ2AABAAAAABY8_usd__kujiale_grscene_MWAX5JYKTKJZ2AABAAAAABY8_usd__attempt_01__kujiale_grscene_MWAX5JYKTKJZ2AABAAAAABY8_usd_grscene_frontier_000000,tvars_original,milestone_090,coverage_milestone,0.9038011169158711,0.9,False,658,0.915718277103886,0.9912018628884345,0.9519660976993141,0.5640770133500494,91.5718277103886,99.12018628884344,95.1966097699314,56.407701335004944,8,5,14624,0,0,/media/echo/data/voxroom_roomseg_evaluation/grscene_remaining25_union_fixed0p5_batch32_dual_clean_20260816_0120/grscene/kujiale_grscene_MWAX5JYKTKJZ2AABAAAAABY8_usd/attempt_01/roomseg_coverage_eval/events/milestone_090/tvars_original/roomseg_snapshots/roomseg_milestone_090_step_000658.npz,/media/echo/data/voxroom_roomseg_evaluation/grscene_all_available_gt_20260817/metrics_pr_f1_miou_excluding_training_grscenes_20260818_192125/match_visualizations/tvars_original/kujiale_grscene_MWAX5JYKTKJZ2AABAAAAABY8_usd__kujiale_grscene_MWAX5JYKTKJZ2AABAAAAABY8_usd__attempt_01__kujiale_grscene_MWAX5JYKTKJZ2AABAAAAABY8_usd_grscene_frontier_000000/milestone_090.pred_gt_match.png
grscene,kujiale_grscene_MWAX5JYKTKJZ2AABAAAAABY8_usd,kujiale_grscene_MWAX5JYKTKJZ2AABAAAAABY8_usd__kujiale_grscene_MWAX5JYKTKJZ2AABAAAAABY8_usd__attempt_01__kujiale_grscene_MWAX5JYKTKJZ2AABAAAAABY8_usd_grscene_frontier_000000,voxroom,milestone_090,coverage_milestone,0.9038011169158711,0.9,False,658,0.9740868694070879,0.9688928056748366,0.9714828950344604,0.8240907904731312,97.40868694070879,96.88928056748367,97.14828950344604,82.40907904731311,8,8,14624,0,0,/media/echo/data/voxroom_roomseg_evaluation/grscene_remaining25_union_fixed0p5_batch32_dual_clean_20260816_0120/grscene/kujiale_grscene_MWAX5JYKTKJZ2AABAAAAABY8_usd/attempt_01/roomseg_coverage_eval/events/milestone_090/voxroom/roomseg_snapshots/roomseg_milestone_090_step_000658.npz,/media/echo/data/voxroom_roomseg_evaluation/grscene_all_available_gt_20260817/metrics_pr_f1_miou_excluding_training_grscenes_20260818_192125/match_visualizations/voxroom/kujiale_grscene_MWAX5JYKTKJZ2AABAAAAABY8_usd__kujiale_grscene_MWAX5JYKTKJZ2AABAAAAABY8_usd__attempt_01__kujiale_grscene_MWAX5JYKTKJZ2AABAAAAABY8_usd_grscene_frontier_000000/milestone_090.pred_gt_match.png
grscene,kujiale_grscene_MWAX5JYKTKJZ2AABAAAAABY8_usd,kujiale_grscene_MWAX5JYKTKJZ2AABAAAAABY8_usd__kujiale_grscene_MWAX5JYKTKJZ2AABAAAAABY8_usd__attempt_01__kujiale_grscene_MWAX5JYKTKJZ2AABAAAAABY8_usd_grscene_frontier_000000,tvars_original,final,terminal_forced,0.9631297664084549,,True,892,0.9330095024164446,0.9231351705216615,0.9280460716978339,0.5417669116149052,93.30095024164447,92.31351705216615,92.8046071697834,54.17669116149052,9,7,15438,0,0,/media/echo/data/voxroom_roomseg_evaluation/grscene_remaining25_union_fixed0p5_batch32_dual_clean_20260816_0120/grscene/kujiale_grscene_MWAX5JYKTKJZ2AABAAAAABY8_usd/attempt_01/roomseg_coverage_eval/events/final/tvars_original/roomseg_snapshots/roomseg_final_step_000892.npz,/media/echo/data/voxroom_roomseg_evaluation/grscene_all_available_gt_20260817/metrics_pr_f1_miou_excluding_training_grscenes_20260818_192125/match_visualizations/tvars_original/kujiale_grscene_MWAX5JYKTKJZ2AABAAAAABY8_usd__kujiale_grscene_MWAX5JYKTKJZ2AABAAAAABY8_usd__attempt_01__kujiale_grscene_MWAX5JYKTKJZ2AABAAAAABY8_usd_grscene_frontier_000000/final.pred_gt_match.png
grscene,kujiale_grscene_MWAX5JYKTKJZ2AABAAAAABY8_usd,kujiale_grscene_MWAX5JYKTKJZ2AABAAAAABY8_usd__kujiale_grscene_MWAX5JYKTKJZ2AABAAAAABY8_usd__attempt_01__kujiale_grscene_MWAX5JYKTKJZ2AABAAAAABY8_usd_grscene_frontier_000000,voxroom,final,terminal_forced,0.9631297664084549,,True,892,0.9761700164327866,0.9914140331957169,0.9837329726870725,0.8596272092584782,97.61700164327866,99.14140331957168,98.37329726870725,85.96272092584782,9,8,15438,0,0,/media/echo/data/voxroom_roomseg_evaluation/grscene_remaining25_union_fixed0p5_batch32_dual_clean_20260816_0120/grscene/kujiale_grscene_MWAX5JYKTKJZ2AABAAAAABY8_usd/attempt_01/roomseg_coverage_eval/events/final/voxroom/roomseg_snapshots/roomseg_final_step_000892.npz,/media/echo/data/voxroom_roomseg_evaluation/grscene_all_available_gt_20260817/metrics_pr_f1_miou_excluding_training_grscenes_20260818_192125/match_visualizations/voxroom/kujiale_grscene_MWAX5JYKTKJZ2AABAAAAABY8_usd__kujiale_grscene_MWAX5JYKTKJZ2AABAAAAABY8_usd__attempt_01__kujiale_grscene_MWAX5JYKTKJZ2AABAAAAABY8_usd_grscene_frontier_000000/final.pred_gt_match.png
grscene,kujiale_grscene_MWAX5JYKTKJZ2AABAAAAACA8_usd,kujiale_grscene_MWAX5JYKTKJZ2AABAAAAACA8_usd__kujiale_grscene_MWAX5JYKTKJZ2AABAAAAACA8_usd__attempt_01__kujiale_grscene_MWAX5JYKTKJZ2AABAAAAACA8_usd_grscene_frontier_000000,tvars_original,milestone_020,coverage_milestone,0.3036353771025502,0.2,False,0,0.9597511891694109,0.9956538170823885,0.9773729042226198,0.4758708272859216,95.9751189169411,99.56538170823886,97.73729042226198,47.587082728592165,2,1,5512,1,0,/media/echo/data/voxroom_roomseg_evaluation/grscene_remaining25_union_fixed0p5_batch32_dual_clean_20260816_0120/grscene/kujiale_grscene_MWAX5JYKTKJZ2AABAAAAACA8_usd/attempt_01/roomseg_coverage_eval/events/milestone_020/tvars_original/roomseg_snapshots/roomseg_milestone_020_step_000000.npz,/media/echo/data/voxroom_roomseg_evaluation/grscene_all_available_gt_20260817/metrics_pr_f1_miou_excluding_training_grscenes_20260818_192125/match_visualizations/tvars_original/kujiale_grscene_MWAX5JYKTKJZ2AABAAAAACA8_usd__kujiale_grscene_MWAX5JYKTKJZ2AABAAAAACA8_usd__attempt_01__kujiale_grscene_MWAX5JYKTKJZ2AABAAAAACA8_usd_grscene_frontier_000000/milestone_020.pred_gt_match.png
grscene,kujiale_grscene_MWAX5JYKTKJZ2AABAAAAACA8_usd,kujiale_grscene_MWAX5JYKTKJZ2AABAAAAACA8_usd__kujiale_grscene_MWAX5JYKTKJZ2AABAAAAACA8_usd__attempt_01__kujiale_grscene_MWAX5JYKTKJZ2AABAAAAACA8_usd_grscene_frontier_000000,voxroom,milestone_020,coverage_milestone,0.3036353771025502,0.2,False,0,0.9597511891694109,0.9956538170823885,0.9773729042226198,0.4758708272859216,95.9751189169411,99.56538170823886,97.73729042226198,47.587082728592165,2,1,5512,1,0,/media/echo/data/voxroom_roomseg_evaluation/grscene_remaining25_union_fixed0p5_batch32_dual_clean_20260816_0120/grscene/kujiale_grscene_MWAX5JYKTKJZ2AABAAAAACA8_usd/attempt_01/roomseg_coverage_eval/events/milestone_020/voxroom/roomseg_snapshots/roomseg_milestone_020_step_000000.npz,/media/echo/data/voxroom_roomseg_evaluation/grscene_all_available_gt_20260817/metrics_pr_f1_miou_excluding_training_grscenes_20260818_192125/match_visualizations/voxroom/kujiale_grscene_MWAX5JYKTKJZ2AABAAAAACA8_usd__kujiale_grscene_MWAX5JYKTKJZ2AABAAAAACA8_usd__attempt_01__kujiale_grscene_MWAX5JYKTKJZ2AABAAAAACA8_usd_grscene_frontier_000000/milestone_020.pred_gt_match.png
grscene,kujiale_grscene_MWAX5JYKTKJZ2AABAAAAACA8_usd,kujiale_grscene_MWAX5JYKTKJZ2AABAAAAACA8_usd__kujiale_grscene_MWAX5JYKTKJZ2AABAAAAACA8_usd__attempt_01__kujiale_grscene_MWAX5JYKTKJZ2AABAAAAACA8_usd_grscene_frontier_000000,tvars_original,milestone_040,coverage_milestone,0.40282148670645684,0.4,False,26,0.9212852532622422,0.9899763002132822,0.9543963931122846,0.3034756886670364,92.12852532622422,98.99763002132822,95.43963931122846,30.34756886670364,3,1,7218,3,0,/media/echo/data/voxroom_roomseg_evaluation/grscene_remaining25_union_fixed0p5_batch32_dual_clean_20260816_0120/grscene/kujiale_grscene_MWAX5JYKTKJZ2AABAAAAACA8_usd/attempt_01/roomseg_coverage_eval/events/milestone_040/tvars_original/roomseg_snapshots/roomseg_milestone_040_step_000026.npz,/media/echo/data/voxroom_roomseg_evaluation/grscene_all_available_gt_20260817/metrics_pr_f1_miou_excluding_training_grscenes_20260818_192125/match_visualizations/tvars_original/kujiale_grscene_MWAX5JYKTKJZ2AABAAAAACA8_usd__kujiale_grscene_MWAX5JYKTKJZ2AABAAAAACA8_usd__attempt_01__kujiale_grscene_MWAX5JYKTKJZ2AABAAAAACA8_usd_grscene_frontier_000000/milestone_040.pred_gt_match.png
grscene,kujiale_grscene_MWAX5JYKTKJZ2AABAAAAACA8_usd,kujiale_grscene_MWAX5JYKTKJZ2AABAAAAACA8_usd__kujiale_grscene_MWAX5JYKTKJZ2AABAAAAACA8_usd__attempt_01__kujiale_grscene_MWAX5JYKTKJZ2AABAAAAACA8_usd_grscene_frontier_000000,voxroom,milestone_040,coverage_milestone,0.40282148670645684,0.4,False,26,0.958852867830424,0.9744397894129014,0.9665834948537104,0.28914771676834905,95.8852867830424,97.44397894129014,96.65834948537105,28.914771676834906,3,2,7218,3,0,/media/echo/data/voxroom_roomseg_evaluation/grscene_remaining25_union_fixed0p5_batch32_dual_clean_20260816_0120/grscene/kujiale_grscene_MWAX5JYKTKJZ2AABAAAAACA8_usd/attempt_01/roomseg_coverage_eval/events/milestone_040/voxroom/roomseg_snapshots/roomseg_milestone_040_step_000026.npz,/media/echo/data/voxroom_roomseg_evaluation/grscene_all_available_gt_20260817/metrics_pr_f1_miou_excluding_training_grscenes_20260818_192125/match_visualizations/voxroom/kujiale_grscene_MWAX5JYKTKJZ2AABAAAAACA8_usd__kujiale_grscene_MWAX5JYKTKJZ2AABAAAAACA8_usd__attempt_01__kujiale_grscene_MWAX5JYKTKJZ2AABAAAAACA8_usd_grscene_frontier_000000/milestone_040.pred_gt_match.png
grscene,kujiale_grscene_MWAX5JYKTKJZ2AABAAAAACA8_usd,kujiale_grscene_MWAX5JYKTKJZ2AABAAAAACA8_usd__kujiale_grscene_MWAX5JYKTKJZ2AABAAAAACA8_usd__attempt_01__kujiale_grscene_MWAX5JYKTKJZ2AABAAAAACA8_usd_grscene_frontier_000000,tvars_original,milestone_060,coverage_milestone,0.6052088985349973,0.6,False,180,0.8794879910243469,0.9630262433367562,0.9193633354476166,0.4069833944688167,87.94879910243469,96.30262433367562,91.93633354476167,40.69833944688167,7,4,11033,1,0,/media/echo/data/voxroom_roomseg_evaluation/grscene_remaining25_union_fixed0p5_batch32_dual_clean_20260816_0120/grscene/kujiale_grscene_MWAX5JYKTKJZ2AABAAAAACA8_usd/attempt_01/roomseg_coverage_eval/events/milestone_060/tvars_original/roomseg_snapshots/roomseg_milestone_060_step_000180.npz,/media/echo/data/voxroom_roomseg_evaluation/grscene_all_available_gt_20260817/metrics_pr_f1_miou_excluding_training_grscenes_20260818_192125/match_visualizations/tvars_original/kujiale_grscene_MWAX5JYKTKJZ2AABAAAAACA8_usd__kujiale_grscene_MWAX5JYKTKJZ2AABAAAAACA8_usd__attempt_01__kujiale_grscene_MWAX5JYKTKJZ2AABAAAAACA8_usd_grscene_frontier_000000/milestone_060.pred_gt_match.png
grscene,kujiale_grscene_MWAX5JYKTKJZ2AABAAAAACA8_usd,kujiale_grscene_MWAX5JYKTKJZ2AABAAAAACA8_usd__kujiale_grscene_MWAX5JYKTKJZ2AABAAAAACA8_usd__attempt_01__kujiale_grscene_MWAX5JYKTKJZ2AABAAAAACA8_usd_grscene_frontier_000000,voxroom,milestone_060,coverage_milestone,0.6052088985349973,0.6,False,180,0.8326453711178017,0.937162192753561,0.881817636801081,0.4497836735501303,83.26453711178017,93.71621927535611,88.1817636801081,44.978367355013035,7,5,11033,1,0,/media/echo/data/voxroom_roomseg_evaluation/grscene_remaining25_union_fixed0p5_batch32_dual_clean_20260816_0120/grscene/kujiale_grscene_MWAX5JYKTKJZ2AABAAAAACA8_usd/attempt_01/roomseg_coverage_eval/events/milestone_060/voxroom/roomseg_snapshots/roomseg_milestone_060_step_000180.npz,/media/echo/data/voxroom_roomseg_evaluation/grscene_all_available_gt_20260817/metrics_pr_f1_miou_excluding_training_grscenes_20260818_192125/match_visualizations/voxroom/kujiale_grscene_MWAX5JYKTKJZ2AABAAAAACA8_usd__kujiale_grscene_MWAX5JYKTKJZ2AABAAAAACA8_usd__attempt_01__kujiale_grscene_MWAX5JYKTKJZ2AABAAAAACA8_usd_grscene_frontier_000000/milestone_060.pred_gt_match.png
grscene,kujiale_grscene_MWAX5JYKTKJZ2AABAAAAACA8_usd,kujiale_grscene_MWAX5JYKTKJZ2AABAAAAACA8_usd__kujiale_grscene_MWAX5JYKTKJZ2AABAAAAACA8_usd__attempt_01__kujiale_grscene_MWAX5JYKTKJZ2AABAAAAACA8_usd_grscene_frontier_000000,tvars_original,milestone_070,coverage_milestone,0.7092240911557244,0.7,False,333,0.8572182097460337,0.9682555523189109,0.9093598696226507,0.34739292823465673,85.72182097460338,96.82555523189109,90.93598696226508,34.739292823465675,8,4,12922,1,0,/media/echo/data/voxroom_roomseg_evaluation/grscene_remaining25_union_fixed0p5_batch32_dual_clean_20260816_0120/grscene/kujiale_grscene_MWAX5JYKTKJZ2AABAAAAACA8_usd/attempt_01/roomseg_coverage_eval/events/milestone_070/tvars_original/roomseg_snapshots/roomseg_milestone_070_step_000333.npz,/media/echo/data/voxroom_roomseg_evaluation/grscene_all_available_gt_20260817/metrics_pr_f1_miou_excluding_training_grscenes_20260818_192125/match_visualizations/tvars_original/kujiale_grscene_MWAX5JYKTKJZ2AABAAAAACA8_usd__kujiale_grscene_MWAX5JYKTKJZ2AABAAAAACA8_usd__attempt_01__kujiale_grscene_MWAX5JYKTKJZ2AABAAAAACA8_usd_grscene_frontier_000000/milestone_070.pred_gt_match.png
grscene,kujiale_grscene_MWAX5JYKTKJZ2AABAAAAACA8_usd,kujiale_grscene_MWAX5JYKTKJZ2AABAAAAACA8_usd__kujiale_grscene_MWAX5JYKTKJZ2AABAAAAACA8_usd__attempt_01__kujiale_grscene_MWAX5JYKTKJZ2AABAAAAACA8_usd_grscene_frontier_000000,voxroom,milestone_070,coverage_milestone,0.7092240911557244,0.7,False,333,0.8093495057625247,0.9470851517069487,0.8728168693202488,0.38686452686712935,80.93495057625248,94.70851517069488,87.28168693202488,38.68645268671293,8,5,12922,1,0,/media/echo/data/voxroom_roomseg_evaluation/grscene_remaining25_union_fixed0p5_batch32_dual_clean_20260816_0120/grscene/kujiale_grscene_MWAX5JYKTKJZ2AABAAAAACA8_usd/attempt_01/roomseg_coverage_eval/events/milestone_070/voxroom/roomseg_snapshots/roomseg_milestone_070_step_000333.npz,/media/echo/data/voxroom_roomseg_evaluation/grscene_all_available_gt_20260817/metrics_pr_f1_miou_excluding_training_grscenes_20260818_192125/match_visualizations/voxroom/kujiale_grscene_MWAX5JYKTKJZ2AABAAAAACA8_usd__kujiale_grscene_MWAX5JYKTKJZ2AABAAAAACA8_usd__attempt_01__kujiale_grscene_MWAX5JYKTKJZ2AABAAAAACA8_usd_grscene_frontier_000000/milestone_070.pred_gt_match.png
grscene,kujiale_grscene_MWAX5JYKTKJZ2AABAAAAACA8_usd,kujiale_grscene_MWAX5JYKTKJZ2AABAAAAACA8_usd__kujiale_grscene_MWAX5JYKTKJZ2AABAAAAACA8_usd__attempt_01__kujiale_grscene_MWAX5JYKTKJZ2AABAAAAACA8_usd_grscene_frontier_000000,tvars_original,milestone_080,coverage_milestone,0.802930005425936,0.8,False,468,0.8481536987017466,0.9775364294092418,0.9082605262011298,0.3441081367597313,84.81536987017466,97.75364294092418,90.82605262011299,34.41081367597313,8,4,14511,1,0,/media/echo/data/voxroom_roomseg_evaluation/grscene_remaining25_union_fixed0p5_batch32_dual_clean_20260816_0120/grscene/kujiale_grscene_MWAX5JYKTKJZ2AABAAAAACA8_usd/attempt_01/roomseg_coverage_eval/events/milestone_080/tvars_original/roomseg_snapshots/roomseg_milestone_080_step_000468.npz,/media/echo/data/voxroom_roomseg_evaluation/grscene_all_available_gt_20260817/metrics_pr_f1_miou_excluding_training_grscenes_20260818_192125/match_visualizations/tvars_original/kujiale_grscene_MWAX5JYKTKJZ2AABAAAAACA8_usd__kujiale_grscene_MWAX5JYKTKJZ2AABAAAAACA8_usd__attempt_01__kujiale_grscene_MWAX5JYKTKJZ2AABAAAAACA8_usd_grscene_frontier_000000/milestone_080.pred_gt_match.png
grscene,kujiale_grscene_MWAX5JYKTKJZ2AABAAAAACA8_usd,kujiale_grscene_MWAX5JYKTKJZ2AABAAAAACA8_usd__kujiale_grscene_MWAX5JYKTKJZ2AABAAAAACA8_usd__attempt_01__kujiale_grscene_MWAX5JYKTKJZ2AABAAAAACA8_usd_grscene_frontier_000000,voxroom,milestone_080,coverage_milestone,0.802930005425936,0.8,False,468,0.7037517638491742,0.9565192546300803,0.810894251732706,0.26049797267762625,70.37517638491741,95.65192546300803,81.0894251732706,26.049797267762624,8,4,14511,1,0,/media/echo/data/voxroom_roomseg_evaluation/grscene_remaining25_union_fixed0p5_batch32_dual_clean_20260816_0120/grscene/kujiale_grscene_MWAX5JYKTKJZ2AABAAAAACA8_usd/attempt_01/roomseg_coverage_eval/events/milestone_080/voxroom/roomseg_snapshots/roomseg_milestone_080_step_000468.npz,/media/echo/data/voxroom_roomseg_evaluation/grscene_all_available_gt_20260817/metrics_pr_f1_miou_excluding_training_grscenes_20260818_192125/match_visualizations/voxroom/kujiale_grscene_MWAX5JYKTKJZ2AABAAAAACA8_usd__kujiale_grscene_MWAX5JYKTKJZ2AABAAAAACA8_usd__attempt_01__kujiale_grscene_MWAX5JYKTKJZ2AABAAAAACA8_usd_grscene_frontier_000000/milestone_080.pred_gt_match.png
grscene,kujiale_grscene_MWAX5JYKTKJZ2AABAAAAACA8_usd,kujiale_grscene_MWAX5JYKTKJZ2AABAAAAACA8_usd__kujiale_grscene_MWAX5JYKTKJZ2AABAAAAACA8_usd__attempt_01__kujiale_grscene_MWAX5JYKTKJZ2AABAAAAACA8_usd_grscene_frontier_000000,tvars_original,milestone_090,coverage_milestone,0.9062940857297884,0.9,False,574,0.8311376124279484,0.9690825021628713,0.894824927868805,0.42519637789272136,83.11376124279484,96.90825021628713,89.4824927868805,42.51963778927214,9,5,16394,0,0,/media/echo/data/voxroom_roomseg_evaluation/grscene_remaining25_union_fixed0p5_batch32_dual_clean_20260816_0120/grscene/kujiale_grscene_MWAX5JYKTKJZ2AABAAAAACA8_usd/attempt_01/roomseg_coverage_eval/events/milestone_090/tvars_original/roomseg_snapshots/roomseg_milestone_090_step_000574.npz,/media/echo/data/voxroom_roomseg_evaluation/grscene_all_available_gt_20260817/metrics_pr_f1_miou_excluding_training_grscenes_20260818_192125/match_visualizations/tvars_original/kujiale_grscene_MWAX5JYKTKJZ2AABAAAAACA8_usd__kujiale_grscene_MWAX5JYKTKJZ2AABAAAAACA8_usd__attempt_01__kujiale_grscene_MWAX5JYKTKJZ2AABAAAAACA8_usd_grscene_frontier_000000/milestone_090.pred_gt_match.png
grscene,kujiale_grscene_MWAX5JYKTKJZ2AABAAAAACA8_usd,kujiale_grscene_MWAX5JYKTKJZ2AABAAAAACA8_usd__kujiale_grscene_MWAX5JYKTKJZ2AABAAAAACA8_usd__attempt_01__kujiale_grscene_MWAX5JYKTKJZ2AABAAAAACA8_usd_grscene_frontier_000000,voxroom,milestone_090,coverage_milestone,0.9062940857297884,0.9,False,574,0.8592121942080999,0.9194467575369037,0.8883095494228999,0.49370204239265764,85.92121942080999,91.94467575369038,88.83095494228999,49.37020423926576,9,7,16394,0,0,/media/echo/data/voxroom_roomseg_evaluation/grscene_remaining25_union_fixed0p5_batch32_dual_clean_20260816_0120/grscene/kujiale_grscene_MWAX5JYKTKJZ2AABAAAAACA8_usd/attempt_01/roomseg_coverage_eval/events/milestone_090/voxroom/roomseg_snapshots/roomseg_milestone_090_step_000574.npz,/media/echo/data/voxroom_roomseg_evaluation/grscene_all_available_gt_20260817/metrics_pr_f1_miou_excluding_training_grscenes_20260818_192125/match_visualizations/voxroom/kujiale_grscene_MWAX5JYKTKJZ2AABAAAAACA8_usd__kujiale_grscene_MWAX5JYKTKJZ2AABAAAAACA8_usd__attempt_01__kujiale_grscene_MWAX5JYKTKJZ2AABAAAAACA8_usd_grscene_frontier_000000/milestone_090.pred_gt_match.png
grscene,kujiale_grscene_MWAX5JYKTKJZ2AABAAAAACA8_usd,kujiale_grscene_MWAX5JYKTKJZ2AABAAAAACA8_usd__kujiale_grscene_MWAX5JYKTKJZ2AABAAAAACA8_usd__attempt_01__kujiale_grscene_MWAX5JYKTKJZ2AABAAAAACA8_usd_grscene_frontier_000000,tvars_original,final,terminal_forced,0.9979381443298969,,True,745,0.8273637515370144,0.9791670058807855,0.896887345028948,0.43535025830968,82.73637515370143,97.91670058807856,89.68873450289479,43.535025830967996,9,5,17986,0,0,/media/echo/data/voxroom_roomseg_evaluation/grscene_remaining25_union_fixed0p5_batch32_dual_clean_20260816_0120/grscene/kujiale_grscene_MWAX5JYKTKJZ2AABAAAAACA8_usd/attempt_01/roomseg_coverage_eval/events/final/tvars_original/roomseg_snapshots/roomseg_final_step_000745.npz,/media/echo/data/voxroom_roomseg_evaluation/grscene_all_available_gt_20260817/metrics_pr_f1_miou_excluding_training_grscenes_20260818_192125/match_visualizations/tvars_original/kujiale_grscene_MWAX5JYKTKJZ2AABAAAAACA8_usd__kujiale_grscene_MWAX5JYKTKJZ2AABAAAAACA8_usd__attempt_01__kujiale_grscene_MWAX5JYKTKJZ2AABAAAAACA8_usd_grscene_frontier_000000/final.pred_gt_match.png
grscene,kujiale_grscene_MWAX5JYKTKJZ2AABAAAAACA8_usd,kujiale_grscene_MWAX5JYKTKJZ2AABAAAAACA8_usd__kujiale_grscene_MWAX5JYKTKJZ2AABAAAAACA8_usd__attempt_01__kujiale_grscene_MWAX5JYKTKJZ2AABAAAAACA8_usd_grscene_frontier_000000,voxroom,final,terminal_forced,0.9979381443298969,,True,745,0.8983578885087462,0.8876879212846948,0.8929910333176327,0.46762947288906237,89.83578885087462,88.76879212846947,89.29910333176328,46.76294728890624,9,9,17986,0,0,/media/echo/data/voxroom_roomseg_evaluation/grscene_remaining25_union_fixed0p5_batch32_dual_clean_20260816_0120/grscene/kujiale_grscene_MWAX5JYKTKJZ2AABAAAAACA8_usd/attempt_01/roomseg_coverage_eval/events/final/voxroom/roomseg_snapshots/roomseg_final_step_000745.npz,/media/echo/data/voxroom_roomseg_evaluation/grscene_all_available_gt_20260817/metrics_pr_f1_miou_excluding_training_grscenes_20260818_192125/match_visualizations/voxroom/kujiale_grscene_MWAX5JYKTKJZ2AABAAAAACA8_usd__kujiale_grscene_MWAX5JYKTKJZ2AABAAAAACA8_usd__attempt_01__kujiale_grscene_MWAX5JYKTKJZ2AABAAAAACA8_usd_grscene_frontier_000000/final.pred_gt_match.png
grscene,kujiale_grscene_MWAX5JYKTKJZ2AABAAAAADA8_usd,kujiale_grscene_MWAX5JYKTKJZ2AABAAAAADA8_usd__kujiale_grscene_MWAX5JYKTKJZ2AABAAAAADA8_usd__attempt_01__kujiale_grscene_MWAX5JYKTKJZ2AABAAAAADA8_usd_grscene_frontier_000000,tvars_original,milestone_020,coverage_milestone,0.203995848469123,0.2,False,29,0.6157880209770908,0.9785392641060314,0.7558959349564365,0.20385599415204678,61.57880209770909,97.85392641060314,75.58959349564364,20.385599415204677,3,1,3693,1,0,/media/echo/data/voxroom_roomseg_evaluation/grscene_remaining25_union_fixed0p5_batch32_dual_clean_20260816_0120/grscene/kujiale_grscene_MWAX5JYKTKJZ2AABAAAAADA8_usd/attempt_01/roomseg_coverage_eval/events/milestone_020/tvars_original/roomseg_snapshots/roomseg_milestone_020_step_000029.npz,/media/echo/data/voxroom_roomseg_evaluation/grscene_all_available_gt_20260817/metrics_pr_f1_miou_excluding_training_grscenes_20260818_192125/match_visualizations/tvars_original/kujiale_grscene_MWAX5JYKTKJZ2AABAAAAADA8_usd__kujiale_grscene_MWAX5JYKTKJZ2AABAAAAADA8_usd__attempt_01__kujiale_grscene_MWAX5JYKTKJZ2AABAAAAADA8_usd_grscene_frontier_000000/milestone_020.pred_gt_match.png
grscene,kujiale_grscene_MWAX5JYKTKJZ2AABAAAAADA8_usd,kujiale_grscene_MWAX5JYKTKJZ2AABAAAAADA8_usd__kujiale_grscene_MWAX5JYKTKJZ2AABAAAAADA8_usd__attempt_01__kujiale_grscene_MWAX5JYKTKJZ2AABAAAAADA8_usd_grscene_frontier_000000,voxroom,milestone_020,coverage_milestone,0.203995848469123,0.2,False,29,0.8113261072512005,0.9744021482667881,0.885417923368393,0.5319218247529532,81.13261072512005,97.44021482667881,88.5417923368393,53.192182475295326,3,2,3693,1,0,/media/echo/data/voxroom_roomseg_evaluation/grscene_remaining25_union_fixed0p5_batch32_dual_clean_20260816_0120/grscene/kujiale_grscene_MWAX5JYKTKJZ2AABAAAAADA8_usd/attempt_01/roomseg_coverage_eval/events/milestone_020/voxroom/roomseg_snapshots/roomseg_milestone_020_step_000029.npz,/media/echo/data/voxroom_roomseg_evaluation/grscene_all_available_gt_20260817/metrics_pr_f1_miou_excluding_training_grscenes_20260818_192125/match_visualizations/voxroom/kujiale_grscene_MWAX5JYKTKJZ2AABAAAAADA8_usd__kujiale_grscene_MWAX5JYKTKJZ2AABAAAAADA8_usd__attempt_01__kujiale_grscene_MWAX5JYKTKJZ2AABAAAAADA8_usd_grscene_frontier_000000/milestone_020.pred_gt_match.png
grscene,kujiale_grscene_MWAX5JYKTKJZ2AABAAAAADA8_usd,kujiale_grscene_MWAX5JYKTKJZ2AABAAAAADA8_usd__kujiale_grscene_MWAX5JYKTKJZ2AABAAAAADA8_usd__attempt_01__kujiale_grscene_MWAX5JYKTKJZ2AABAAAAADA8_usd_grscene_frontier_000000,tvars_original,milestone_040,coverage_milestone,0.4031136481577582,0.4,False,140,0.6973337591306739,0.9851146988371641,0.8166119239631807,0.3429166342814365,69.73337591306739,98.5114698837164,81.66119239631807,34.29166342814365,4,2,7465,1,0,/media/echo/data/voxroom_roomseg_evaluation/grscene_remaining25_union_fixed0p5_batch32_dual_clean_20260816_0120/grscene/kujiale_grscene_MWAX5JYKTKJZ2AABAAAAADA8_usd/attempt_01/roomseg_coverage_eval/events/milestone_040/tvars_original/roomseg_snapshots/roomseg_milestone_040_step_000140.npz,/media/echo/data/voxroom_roomseg_evaluation/grscene_all_available_gt_20260817/metrics_pr_f1_miou_excluding_training_grscenes_20260818_192125/match_visualizations/tvars_original/kujiale_grscene_MWAX5JYKTKJZ2AABAAAAADA8_usd__kujiale_grscene_MWAX5JYKTKJZ2AABAAAAADA8_usd__attempt_01__kujiale_grscene_MWAX5JYKTKJZ2AABAAAAADA8_usd_grscene_frontier_000000/milestone_040.pred_gt_match.png
grscene,kujiale_grscene_MWAX5JYKTKJZ2AABAAAAADA8_usd,kujiale_grscene_MWAX5JYKTKJZ2AABAAAAADA8_usd__kujiale_grscene_MWAX5JYKTKJZ2AABAAAAADA8_usd__attempt_01__kujiale_grscene_MWAX5JYKTKJZ2AABAAAAADA8_usd_grscene_frontier_000000,voxroom,milestone_040,coverage_milestone,0.4031136481577582,0.4,False,140,0.9967171108035937,0.9752588989887883,0.9858712552876758,0.9721415243327652,99.67171108035937,97.52588989887883,98.58712552876759,97.21415243327652,4,4,7465,1,0,/media/echo/data/voxroom_roomseg_evaluation/grscene_remaining25_union_fixed0p5_batch32_dual_clean_20260816_0120/grscene/kujiale_grscene_MWAX5JYKTKJZ2AABAAAAADA8_usd/attempt_01/roomseg_coverage_eval/events/milestone_040/voxroom/roomseg_snapshots/roomseg_milestone_040_step_000140.npz,/media/echo/data/voxroom_roomseg_evaluation/grscene_all_available_gt_20260817/metrics_pr_f1_miou_excluding_training_grscenes_20260818_192125/match_visualizations/voxroom/kujiale_grscene_MWAX5JYKTKJZ2AABAAAAADA8_usd__kujiale_grscene_MWAX5JYKTKJZ2AABAAAAADA8_usd__attempt_01__kujiale_grscene_MWAX5JYKTKJZ2AABAAAAADA8_usd_grscene_frontier_000000/milestone_040.pred_gt_match.png
grscene,kujiale_grscene_MWAX5JYKTKJZ2AABAAAAADA8_usd,kujiale_grscene_MWAX5JYKTKJZ2AABAAAAADA8_usd__kujiale_grscene_MWAX5JYKTKJZ2AABAAAAADA8_usd__attempt_01__kujiale_grscene_MWAX5JYKTKJZ2AABAAAAADA8_usd_grscene_frontier_000000,tvars_original,milestone_060,coverage_milestone,0.6056564608199273,0.6,False,160,0.790406801374765,0.9913438713920312,0.8795449895721841,0.39215935774620064,79.0406801374765,99.13438713920311,87.9544989572184,39.215935774620064,6,3,11258,1,0,/media/echo/data/voxroom_roomseg_evaluation/grscene_remaining25_union_fixed0p5_batch32_dual_clean_20260816_0120/grscene/kujiale_grscene_MWAX5JYKTKJZ2AABAAAAADA8_usd/attempt_01/roomseg_coverage_eval/events/milestone_060/tvars_original/roomseg_snapshots/roomseg_milestone_060_step_000160.npz,/media/echo/data/voxroom_roomseg_evaluation/grscene_all_available_gt_20260817/metrics_pr_f1_miou_excluding_training_grscenes_20260818_192125/match_visualizations/tvars_original/kujiale_grscene_MWAX5JYKTKJZ2AABAAAAADA8_usd__kujiale_grscene_MWAX5JYKTKJZ2AABAAAAADA8_usd__attempt_01__kujiale_grscene_MWAX5JYKTKJZ2AABAAAAADA8_usd_grscene_frontier_000000/milestone_060.pred_gt_match.png
grscene,kujiale_grscene_MWAX5JYKTKJZ2AABAAAAADA8_usd,kujiale_grscene_MWAX5JYKTKJZ2AABAAAAADA8_usd__kujiale_grscene_MWAX5JYKTKJZ2AABAAAAADA8_usd__attempt_01__kujiale_grscene_MWAX5JYKTKJZ2AABAAAAADA8_usd_grscene_frontier_000000,voxroom,milestone_060,coverage_milestone,0.6056564608199273,0.6,False,160,0.9866648484812596,0.9839698300934671,0.9853154964485588,0.9708551729541025,98.66648484812596,98.39698300934671,98.53154964485587,97.08551729541026,6,6,11258,1,0,/media/echo/data/voxroom_roomseg_evaluation/grscene_remaining25_union_fixed0p5_batch32_dual_clean_20260816_0120/grscene/kujiale_grscene_MWAX5JYKTKJZ2AABAAAAADA8_usd/attempt_01/roomseg_coverage_eval/events/milestone_060/voxroom/roomseg_snapshots/roomseg_milestone_060_step_000160.npz,/media/echo/data/voxroom_roomseg_evaluation/grscene_all_available_gt_20260817/metrics_pr_f1_miou_excluding_training_grscenes_20260818_192125/match_visualizations/voxroom/kujiale_grscene_MWAX5JYKTKJZ2AABAAAAADA8_usd__kujiale_grscene_MWAX5JYKTKJZ2AABAAAAADA8_usd__attempt_01__kujiale_grscene_MWAX5JYKTKJZ2AABAAAAADA8_usd_grscene_frontier_000000/milestone_060.pred_gt_match.png
grscene,kujiale_grscene_MWAX5JYKTKJZ2AABAAAAADA8_usd,kujiale_grscene_MWAX5JYKTKJZ2AABAAAAADA8_usd__kujiale_grscene_MWAX5JYKTKJZ2AABAAAAADA8_usd__attempt_01__kujiale_grscene_MWAX5JYKTKJZ2AABAAAAADA8_usd_grscene_frontier_000000,tvars_original,milestone_070,coverage_milestone,0.7017644006227296,0.7,False,255,0.8184617077480318,0.9922477824855286,0.8970150307850319,0.4645176252190841,81.84617077480318,99.22477824855285,89.70150307850318,46.45176252190841,7,4,13201,0,0,/media/echo/data/voxroom_roomseg_evaluation/grscene_remaining25_union_fixed0p5_batch32_dual_clean_20260816_0120/grscene/kujiale_grscene_MWAX5JYKTKJZ2AABAAAAADA8_usd/attempt_01/roomseg_coverage_eval/events/milestone_070/tvars_original/roomseg_snapshots/roomseg_milestone_070_step_000255.npz,/media/echo/data/voxroom_roomseg_evaluation/grscene_all_available_gt_20260817/metrics_pr_f1_miou_excluding_training_grscenes_20260818_192125/match_visualizations/tvars_original/kujiale_grscene_MWAX5JYKTKJZ2AABAAAAADA8_usd__kujiale_grscene_MWAX5JYKTKJZ2AABAAAAADA8_usd__attempt_01__kujiale_grscene_MWAX5JYKTKJZ2AABAAAAADA8_usd_grscene_frontier_000000/milestone_070.pred_gt_match.png
grscene,kujiale_grscene_MWAX5JYKTKJZ2AABAAAAADA8_usd,kujiale_grscene_MWAX5JYKTKJZ2AABAAAAADA8_usd__kujiale_grscene_MWAX5JYKTKJZ2AABAAAAADA8_usd__attempt_01__kujiale_grscene_MWAX5JYKTKJZ2AABAAAAADA8_usd_grscene_frontier_000000,voxroom,milestone_070,coverage_milestone,0.7017644006227296,0.7,False,255,0.9983431679179283,0.9797791798333849,0.9889740655999741,0.9781823524751206,99.83431679179283,97.97791798333849,98.89740655999742,97.81823524751206,7,7,13201,0,0,/media/echo/data/voxroom_roomseg_evaluation/grscene_remaining25_union_fixed0p5_batch32_dual_clean_20260816_0120/grscene/kujiale_grscene_MWAX5JYKTKJZ2AABAAAAADA8_usd/attempt_01/roomseg_coverage_eval/events/milestone_070/voxroom/roomseg_snapshots/roomseg_milestone_070_step_000255.npz,/media/echo/data/voxroom_roomseg_evaluation/grscene_all_available_gt_20260817/metrics_pr_f1_miou_excluding_training_grscenes_20260818_192125/match_visualizations/voxroom/kujiale_grscene_MWAX5JYKTKJZ2AABAAAAADA8_usd__kujiale_grscene_MWAX5JYKTKJZ2AABAAAAADA8_usd__attempt_01__kujiale_grscene_MWAX5JYKTKJZ2AABAAAAADA8_usd_grscene_frontier_000000/milestone_070.pred_gt_match.png
grscene,kujiale_grscene_MWAX5JYKTKJZ2AABAAAAADA8_usd,kujiale_grscene_MWAX5JYKTKJZ2AABAAAAADA8_usd__kujiale_grscene_MWAX5JYKTKJZ2AABAAAAADA8_usd__attempt_01__kujiale_grscene_MWAX5JYKTKJZ2AABAAAAADA8_usd_grscene_frontier_000000,tvars_original,milestone_080,coverage_milestone,0.8038920601971977,0.8,False,315,0.836504052358723,0.9934986438253774,0.9082671225629907,0.47506475394987696,83.6504052358723,99.34986438253775,90.82671225629907,47.506475394987696,7,4,15132,1,0,/media/echo/data/voxroom_roomseg_evaluation/grscene_remaining25_union_fixed0p5_batch32_dual_clean_20260816_0120/grscene/kujiale_grscene_MWAX5JYKTKJZ2AABAAAAADA8_usd/attempt_01/roomseg_coverage_eval/events/milestone_080/tvars_original/roomseg_snapshots/roomseg_milestone_080_step_000315.npz,/media/echo/data/voxroom_roomseg_evaluation/grscene_all_available_gt_20260817/metrics_pr_f1_miou_excluding_training_grscenes_20260818_192125/match_visualizations/tvars_original/kujiale_grscene_MWAX5JYKTKJZ2AABAAAAADA8_usd__kujiale_grscene_MWAX5JYKTKJZ2AABAAAAADA8_usd__attempt_01__kujiale_grscene_MWAX5JYKTKJZ2AABAAAAADA8_usd_grscene_frontier_000000/milestone_080.pred_gt_match.png
grscene,kujiale_grscene_MWAX5JYKTKJZ2AABAAAAADA8_usd,kujiale_grscene_MWAX5JYKTKJZ2AABAAAAADA8_usd__kujiale_grscene_MWAX5JYKTKJZ2AABAAAAADA8_usd__attempt_01__kujiale_grscene_MWAX5JYKTKJZ2AABAAAAADA8_usd_grscene_frontier_000000,voxroom,milestone_080,coverage_milestone,0.8038920601971977,0.8,False,315,0.997936434870077,0.9869757398401605,0.992425824848528,0.9849733476151249,99.7936434870077,98.69757398401605,99.2425824848528,98.49733476151249,7,7,15132,1,0,/media/echo/data/voxroom_roomseg_evaluation/grscene_remaining25_union_fixed0p5_batch32_dual_clean_20260816_0120/grscene/kujiale_grscene_MWAX5JYKTKJZ2AABAAAAADA8_usd/attempt_01/roomseg_coverage_eval/events/milestone_080/voxroom/roomseg_snapshots/roomseg_milestone_080_step_000315.npz,/media/echo/data/voxroom_roomseg_evaluation/grscene_all_available_gt_20260817/metrics_pr_f1_miou_excluding_training_grscenes_20260818_192125/match_visualizations/voxroom/kujiale_grscene_MWAX5JYKTKJZ2AABAAAAADA8_usd__kujiale_grscene_MWAX5JYKTKJZ2AABAAAAADA8_usd__attempt_01__kujiale_grscene_MWAX5JYKTKJZ2AABAAAAADA8_usd_grscene_frontier_000000/milestone_080.pred_gt_match.png
grscene,kujiale_grscene_MWAX5JYKTKJZ2AABAAAAADA8_usd,kujiale_grscene_MWAX5JYKTKJZ2AABAAAAADA8_usd__kujiale_grscene_MWAX5JYKTKJZ2AABAAAAADA8_usd__attempt_01__kujiale_grscene_MWAX5JYKTKJZ2AABAAAAADA8_usd_grscene_frontier_000000,tvars_original,milestone_090,coverage_milestone,0.9016606123508044,0.9,False,585,0.8514176559157429,0.9968161743180806,0.9183977445206998,0.48398345653551594,85.1417655915743,99.68161743180805,91.83977445206997,48.398345653551594,7,4,16890,1,0,/media/echo/data/voxroom_roomseg_evaluation/grscene_remaining25_union_fixed0p5_batch32_dual_clean_20260816_0120/grscene/kujiale_grscene_MWAX5JYKTKJZ2AABAAAAADA8_usd/attempt_01/roomseg_coverage_eval/events/milestone_090/tvars_original/roomseg_snapshots/roomseg_milestone_090_step_000585.npz,/media/echo/data/voxroom_roomseg_evaluation/grscene_all_available_gt_20260817/metrics_pr_f1_miou_excluding_training_grscenes_20260818_192125/match_visualizations/tvars_original/kujiale_grscene_MWAX5JYKTKJZ2AABAAAAADA8_usd__kujiale_grscene_MWAX5JYKTKJZ2AABAAAAADA8_usd__attempt_01__kujiale_grscene_MWAX5JYKTKJZ2AABAAAAADA8_usd_grscene_frontier_000000/milestone_090.pred_gt_match.png
grscene,kujiale_grscene_MWAX5JYKTKJZ2AABAAAAADA8_usd,kujiale_grscene_MWAX5JYKTKJZ2AABAAAAADA8_usd__kujiale_grscene_MWAX5JYKTKJZ2AABAAAAADA8_usd__attempt_01__kujiale_grscene_MWAX5JYKTKJZ2AABAAAAADA8_usd_grscene_frontier_000000,voxroom,milestone_090,coverage_milestone,0.9016606123508044,0.9,False,585,0.9942279501591946,0.9846085279518066,0.9893948583253019,0.9790246361527652,99.42279501591946,98.46085279518067,98.9394858325302,97.90246361527653,7,7,16890,1,0,/media/echo/data/voxroom_roomseg_evaluation/grscene_remaining25_union_fixed0p5_batch32_dual_clean_20260816_0120/grscene/kujiale_grscene_MWAX5JYKTKJZ2AABAAAAADA8_usd/attempt_01/roomseg_coverage_eval/events/milestone_090/voxroom/roomseg_snapshots/roomseg_milestone_090_step_000585.npz,/media/echo/data/voxroom_roomseg_evaluation/grscene_all_available_gt_20260817/metrics_pr_f1_miou_excluding_training_grscenes_20260818_192125/match_visualizations/voxroom/kujiale_grscene_MWAX5JYKTKJZ2AABAAAAADA8_usd__kujiale_grscene_MWAX5JYKTKJZ2AABAAAAADA8_usd__attempt_01__kujiale_grscene_MWAX5JYKTKJZ2AABAAAAADA8_usd_grscene_frontier_000000/milestone_090.pred_gt_match.png
grscene,kujiale_grscene_MWAX5JYKTKJZ2AABAAAAADA8_usd,kujiale_grscene_MWAX5JYKTKJZ2AABAAAAADA8_usd__kujiale_grscene_MWAX5JYKTKJZ2AABAAAAADA8_usd__attempt_01__kujiale_grscene_MWAX5JYKTKJZ2AABAAAAADA8_usd_grscene_frontier_000000,tvars_original,final,terminal_forced,0.998287493513233,,True,684,0.8784515371104682,0.9967320496328866,0.9338614173857018,0.546304575695415,87.84515371104682,99.67320496328867,93.38614173857019,54.630457569541505,8,5,18722,0,0,/media/echo/data/voxroom_roomseg_evaluation/grscene_remaining25_union_fixed0p5_batch32_dual_clean_20260816_0120/grscene/kujiale_grscene_MWAX5JYKTKJZ2AABAAAAADA8_usd/attempt_01/roomseg_coverage_eval/events/final/tvars_original/roomseg_snapshots/roomseg_final_step_000684.npz,/media/echo/data/voxroom_roomseg_evaluation/grscene_all_available_gt_20260817/metrics_pr_f1_miou_excluding_training_grscenes_20260818_192125/match_visualizations/tvars_original/kujiale_grscene_MWAX5JYKTKJZ2AABAAAAADA8_usd__kujiale_grscene_MWAX5JYKTKJZ2AABAAAAADA8_usd__attempt_01__kujiale_grscene_MWAX5JYKTKJZ2AABAAAAADA8_usd_grscene_frontier_000000/final.pred_gt_match.png
grscene,kujiale_grscene_MWAX5JYKTKJZ2AABAAAAADA8_usd,kujiale_grscene_MWAX5JYKTKJZ2AABAAAAADA8_usd__kujiale_grscene_MWAX5JYKTKJZ2AABAAAAADA8_usd__attempt_01__kujiale_grscene_MWAX5JYKTKJZ2AABAAAAADA8_usd_grscene_frontier_000000,voxroom,final,terminal_forced,0.998287493513233,,True,684,0.9931341647790937,0.9869740429382251,0.990044521781037,0.9802797268609271,99.31341647790937,98.69740429382252,99.00445217810369,98.02797268609271,8,8,18722,0,0,/media/echo/data/voxroom_roomseg_evaluation/grscene_remaining25_union_fixed0p5_batch32_dual_clean_20260816_0120/grscene/kujiale_grscene_MWAX5JYKTKJZ2AABAAAAADA8_usd/attempt_01/roomseg_coverage_eval/events/final/voxroom/roomseg_snapshots/roomseg_final_step_000684.npz,/media/echo/data/voxroom_roomseg_evaluation/grscene_all_available_gt_20260817/metrics_pr_f1_miou_excluding_training_grscenes_20260818_192125/match_visualizations/voxroom/kujiale_grscene_MWAX5JYKTKJZ2AABAAAAADA8_usd__kujiale_grscene_MWAX5JYKTKJZ2AABAAAAADA8_usd__attempt_01__kujiale_grscene_MWAX5JYKTKJZ2AABAAAAADA8_usd_grscene_frontier_000000/final.pred_gt_match.png
grscene,kujiale_grscene_MWAX5JYKTKJZ2AABAAAAADI8_usd,kujiale_grscene_MWAX5JYKTKJZ2AABAAAAADI8_usd__kujiale_grscene_MWAX5JYKTKJZ2AABAAAAADI8_usd__attempt_01__kujiale_grscene_MWAX5JYKTKJZ2AABAAAAADI8_usd_grscene_frontier_000000,tvars_original,milestone_020,coverage_milestone,0.20041632376434138,0.2,False,11,0.8086359175662414,0.9857592632312014,0.8884557368997595,0.5280667742078702,80.86359175662415,98.57592632312014,88.84557368997595,52.80667742078702,3,2,3943,1,0,/media/echo/data/voxroom_roomseg_evaluation/grscene_remaining25_union_fixed0p5_batch32_dual_clean_20260816_0120/grscene/kujiale_grscene_MWAX5JYKTKJZ2AABAAAAADI8_usd/attempt_01/roomseg_coverage_eval/events/milestone_020/tvars_original/roomseg_snapshots/roomseg_milestone_020_step_000011.npz,/media/echo/data/voxroom_roomseg_evaluation/grscene_all_available_gt_20260817/metrics_pr_f1_miou_excluding_training_grscenes_20260818_192125/match_visualizations/tvars_original/kujiale_grscene_MWAX5JYKTKJZ2AABAAAAADI8_usd__kujiale_grscene_MWAX5JYKTKJZ2AABAAAAADI8_usd__attempt_01__kujiale_grscene_MWAX5JYKTKJZ2AABAAAAADI8_usd_grscene_frontier_000000/milestone_020.pred_gt_match.png
grscene,kujiale_grscene_MWAX5JYKTKJZ2AABAAAAADI8_usd,kujiale_grscene_MWAX5JYKTKJZ2AABAAAAADI8_usd__kujiale_grscene_MWAX5JYKTKJZ2AABAAAAADI8_usd__attempt_01__kujiale_grscene_MWAX5JYKTKJZ2AABAAAAADI8_usd_grscene_frontier_000000,voxroom,milestone_020,coverage_milestone,0.20041632376434138,0.2,False,11,0.9546204620462047,0.945508130565684,0.9500424465781592,0.9001285926118886,95.46204620462046,94.5508130565684,95.00424465781592,90.01285926118886,3,3,3943,1,1,/media/echo/data/voxroom_roomseg_evaluation/grscene_remaining25_union_fixed0p5_batch32_dual_clean_20260816_0120/grscene/kujiale_grscene_MWAX5JYKTKJZ2AABAAAAADI8_usd/attempt_01/roomseg_coverage_eval/events/milestone_020/voxroom/roomseg_snapshots/roomseg_milestone_020_step_000011.npz,/media/echo/data/voxroom_roomseg_evaluation/grscene_all_available_gt_20260817/metrics_pr_f1_miou_excluding_training_grscenes_20260818_192125/match_visualizations/voxroom/kujiale_grscene_MWAX5JYKTKJZ2AABAAAAADI8_usd__kujiale_grscene_MWAX5JYKTKJZ2AABAAAAADI8_usd__attempt_01__kujiale_grscene_MWAX5JYKTKJZ2AABAAAAADI8_usd_grscene_frontier_000000/milestone_020.pred_gt_match.png
grscene,kujiale_grscene_MWAX5JYKTKJZ2AABAAAAADI8_usd,kujiale_grscene_MWAX5JYKTKJZ2AABAAAAADI8_usd__kujiale_grscene_MWAX5JYKTKJZ2AABAAAAADI8_usd__attempt_01__kujiale_grscene_MWAX5JYKTKJZ2AABAAAAADI8_usd_grscene_frontier_000000,tvars_original,milestone_040,coverage_milestone,0.40223652998983395,0.4,False,146,0.9494118257048791,0.982725698960244,0.9657815637928338,0.696935623390483,94.94118257048791,98.2725698960244,96.57815637928337,69.6935623390483,4,3,8041,1,0,/media/echo/data/voxroom_roomseg_evaluation/grscene_remaining25_union_fixed0p5_batch32_dual_clean_20260816_0120/grscene/kujiale_grscene_MWAX5JYKTKJZ2AABAAAAADI8_usd/attempt_01/roomseg_coverage_eval/events/milestone_040/tvars_original/roomseg_snapshots/roomseg_milestone_040_step_000146.npz,/media/echo/data/voxroom_roomseg_evaluation/grscene_all_available_gt_20260817/metrics_pr_f1_miou_excluding_training_grscenes_20260818_192125/match_visualizations/tvars_original/kujiale_grscene_MWAX5JYKTKJZ2AABAAAAADI8_usd__kujiale_grscene_MWAX5JYKTKJZ2AABAAAAADI8_usd__attempt_01__kujiale_grscene_MWAX5JYKTKJZ2AABAAAAADI8_usd_grscene_frontier_000000/milestone_040.pred_gt_match.png
grscene,kujiale_grscene_MWAX5JYKTKJZ2AABAAAAADI8_usd,kujiale_grscene_MWAX5JYKTKJZ2AABAAAAADI8_usd__kujiale_grscene_MWAX5JYKTKJZ2AABAAAAADI8_usd__attempt_01__kujiale_grscene_MWAX5JYKTKJZ2AABAAAAADI8_usd_grscene_frontier_000000,voxroom,milestone_040,coverage_milestone,0.40223652998983395,0.4,False,146,0.9827600094509837,0.9800003423896748,0.9813782358561023,0.9629459879157605,98.27600094509837,98.00003423896749,98.13782358561023,96.29459879157605,4,4,8041,1,0,/media/echo/data/voxroom_roomseg_evaluation/grscene_remaining25_union_fixed0p5_batch32_dual_clean_20260816_0120/grscene/kujiale_grscene_MWAX5JYKTKJZ2AABAAAAADI8_usd/attempt_01/roomseg_coverage_eval/events/milestone_040/voxroom/roomseg_snapshots/roomseg_milestone_040_step_000146.npz,/media/echo/data/voxroom_roomseg_evaluation/grscene_all_available_gt_20260817/metrics_pr_f1_miou_excluding_training_grscenes_20260818_192125/match_visualizations/voxroom/kujiale_grscene_MWAX5JYKTKJZ2AABAAAAADI8_usd__kujiale_grscene_MWAX5JYKTKJZ2AABAAAAADI8_usd__attempt_01__kujiale_grscene_MWAX5JYKTKJZ2AABAAAAADI8_usd_grscene_frontier_000000/milestone_040.pred_gt_match.png
grscene,kujiale_grscene_MWAX5JYKTKJZ2AABAAAAADI8_usd,kujiale_grscene_MWAX5JYKTKJZ2AABAAAAADI8_usd__kujiale_grscene_MWAX5JYKTKJZ2AABAAAAADI8_usd__attempt_01__kujiale_grscene_MWAX5JYKTKJZ2AABAAAAADI8_usd_grscene_frontier_000000,tvars_original,milestone_060,coverage_milestone,0.6014426102531829,0.6,False,190,0.9121761431605118,0.9878734895017821,0.9485169377619221,0.512094672357528,91.21761431605118,98.78734895017821,94.85169377619222,51.209467235752804,7,4,12195,0,0,/media/echo/data/voxroom_roomseg_evaluation/grscene_remaining25_union_fixed0p5_batch32_dual_clean_20260816_0120/grscene/kujiale_grscene_MWAX5JYKTKJZ2AABAAAAADI8_usd/attempt_01/roomseg_coverage_eval/events/milestone_060/tvars_original/roomseg_snapshots/roomseg_milestone_060_step_000190.npz,/media/echo/data/voxroom_roomseg_evaluation/grscene_all_available_gt_20260817/metrics_pr_f1_miou_excluding_training_grscenes_20260818_192125/match_visualizations/tvars_original/kujiale_grscene_MWAX5JYKTKJZ2AABAAAAADI8_usd__kujiale_grscene_MWAX5JYKTKJZ2AABAAAAADI8_usd__attempt_01__kujiale_grscene_MWAX5JYKTKJZ2AABAAAAADI8_usd_grscene_frontier_000000/milestone_060.pred_gt_match.png
grscene,kujiale_grscene_MWAX5JYKTKJZ2AABAAAAADI8_usd,kujiale_grscene_MWAX5JYKTKJZ2AABAAAAADI8_usd__kujiale_grscene_MWAX5JYKTKJZ2AABAAAAADI8_usd__attempt_01__kujiale_grscene_MWAX5JYKTKJZ2AABAAAAADI8_usd_grscene_frontier_000000,voxroom,milestone_060,coverage_milestone,0.6014426102531829,0.6,False,190,0.9905958835016309,0.9151726985002892,0.9513918073674617,0.9045864860850242,99.05958835016308,91.51726985002891,95.13918073674617,90.45864860850243,7,8,12195,0,0,/media/echo/data/voxroom_roomseg_evaluation/grscene_remaining25_union_fixed0p5_batch32_dual_clean_20260816_0120/grscene/kujiale_grscene_MWAX5JYKTKJZ2AABAAAAADI8_usd/attempt_01/roomseg_coverage_eval/events/milestone_060/voxroom/roomseg_snapshots/roomseg_milestone_060_step_000190.npz,/media/echo/data/voxroom_roomseg_evaluation/grscene_all_available_gt_20260817/metrics_pr_f1_miou_excluding_training_grscenes_20260818_192125/match_visualizations/voxroom/kujiale_grscene_MWAX5JYKTKJZ2AABAAAAADI8_usd__kujiale_grscene_MWAX5JYKTKJZ2AABAAAAADI8_usd__attempt_01__kujiale_grscene_MWAX5JYKTKJZ2AABAAAAADI8_usd_grscene_frontier_000000/milestone_060.pred_gt_match.png
grscene,kujiale_grscene_MWAX5JYKTKJZ2AABAAAAADI8_usd,kujiale_grscene_MWAX5JYKTKJZ2AABAAAAADI8_usd__kujiale_grscene_MWAX5JYKTKJZ2AABAAAAADI8_usd__attempt_01__kujiale_grscene_MWAX5JYKTKJZ2AABAAAAADI8_usd_grscene_frontier_000000,tvars_original,milestone_070,coverage_milestone,0.7009730357747979,0.7,False,395,0.8984532551401423,0.9887550679118791,0.941443717103883,0.5047616950667969,89.84532551401423,98.8755067911879,94.1443717103883,50.47616950667969,7,4,13938,0,0,/media/echo/data/voxroom_roomseg_evaluation/grscene_remaining25_union_fixed0p5_batch32_dual_clean_20260816_0120/grscene/kujiale_grscene_MWAX5JYKTKJZ2AABAAAAADI8_usd/attempt_01/roomseg_coverage_eval/events/milestone_070/tvars_original/roomseg_snapshots/roomseg_milestone_070_step_000395.npz,/media/echo/data/voxroom_roomseg_evaluation/grscene_all_available_gt_20260817/metrics_pr_f1_miou_excluding_training_grscenes_20260818_192125/match_visualizations/tvars_original/kujiale_grscene_MWAX5JYKTKJZ2AABAAAAADI8_usd__kujiale_grscene_MWAX5JYKTKJZ2AABAAAAADI8_usd__attempt_01__kujiale_grscene_MWAX5JYKTKJZ2AABAAAAADI8_usd_grscene_frontier_000000/milestone_070.pred_gt_match.png
grscene,kujiale_grscene_MWAX5JYKTKJZ2AABAAAAADI8_usd,kujiale_grscene_MWAX5JYKTKJZ2AABAAAAADI8_usd__kujiale_grscene_MWAX5JYKTKJZ2AABAAAAADI8_usd__attempt_01__kujiale_grscene_MWAX5JYKTKJZ2AABAAAAADI8_usd_grscene_frontier_000000,voxroom,milestone_070,coverage_milestone,0.7009730357747979,0.7,False,395,0.9955047013274336,0.9178928017046307,0.9551246909892691,0.912790661800668,99.55047013274336,91.78928017046307,95.51246909892691,91.2790661800668,7,8,13938,0,0,/media/echo/data/voxroom_roomseg_evaluation/grscene_remaining25_union_fixed0p5_batch32_dual_clean_20260816_0120/grscene/kujiale_grscene_MWAX5JYKTKJZ2AABAAAAADI8_usd/attempt_01/roomseg_coverage_eval/events/milestone_070/voxroom/roomseg_snapshots/roomseg_milestone_070_step_000395.npz,/media/echo/data/voxroom_roomseg_evaluation/grscene_all_available_gt_20260817/metrics_pr_f1_miou_excluding_training_grscenes_20260818_192125/match_visualizations/voxroom/kujiale_grscene_MWAX5JYKTKJZ2AABAAAAADI8_usd__kujiale_grscene_MWAX5JYKTKJZ2AABAAAAADI8_usd__attempt_01__kujiale_grscene_MWAX5JYKTKJZ2AABAAAAADI8_usd_grscene_frontier_000000/milestone_070.pred_gt_match.png
grscene,kujiale_grscene_MWAX5JYKTKJZ2AABAAAAADI8_usd,kujiale_grscene_MWAX5JYKTKJZ2AABAAAAADI8_usd__kujiale_grscene_MWAX5JYKTKJZ2AABAAAAADI8_usd__attempt_01__kujiale_grscene_MWAX5JYKTKJZ2AABAAAAADI8_usd_grscene_frontier_000000,tvars_original,milestone_080,coverage_milestone,0.8133320424069322,0.8,False,556,0.9052035455074939,0.9933054746600476,0.9472102875286109,0.5116916085970125,90.52035455074939,99.33054746600476,94.72102875286109,51.16916085970124,7,4,16105,1,0,/media/echo/data/voxroom_roomseg_evaluation/grscene_remaining25_union_fixed0p5_batch32_dual_clean_20260816_0120/grscene/kujiale_grscene_MWAX5JYKTKJZ2AABAAAAADI8_usd/attempt_01/roomseg_coverage_eval/events/milestone_080/tvars_original/roomseg_snapshots/roomseg_milestone_080_step_000556.npz,/media/echo/data/voxroom_roomseg_evaluation/grscene_all_available_gt_20260817/metrics_pr_f1_miou_excluding_training_grscenes_20260818_192125/match_visualizations/tvars_original/kujiale_grscene_MWAX5JYKTKJZ2AABAAAAADI8_usd__kujiale_grscene_MWAX5JYKTKJZ2AABAAAAADI8_usd__attempt_01__kujiale_grscene_MWAX5JYKTKJZ2AABAAAAADI8_usd_grscene_frontier_000000/milestone_080.pred_gt_match.png
grscene,kujiale_grscene_MWAX5JYKTKJZ2AABAAAAADI8_usd,kujiale_grscene_MWAX5JYKTKJZ2AABAAAAADI8_usd__kujiale_grscene_MWAX5JYKTKJZ2AABAAAAADI8_usd__attempt_01__kujiale_grscene_MWAX5JYKTKJZ2AABAAAAADI8_usd_grscene_frontier_000000,voxroom,milestone_080,coverage_milestone,0.8133320424069322,0.8,False,556,0.995289803173032,0.9212175566341371,0.9568222484824521,0.9158720466111417,99.5289803173032,92.12175566341371,95.68222484824521,91.58720466111417,7,8,16105,1,0,/media/echo/data/voxroom_roomseg_evaluation/grscene_remaining25_union_fixed0p5_batch32_dual_clean_20260816_0120/grscene/kujiale_grscene_MWAX5JYKTKJZ2AABAAAAADI8_usd/attempt_01/roomseg_coverage_eval/events/milestone_080/voxroom/roomseg_snapshots/roomseg_milestone_080_step_000556.npz,/media/echo/data/voxroom_roomseg_evaluation/grscene_all_available_gt_20260817/metrics_pr_f1_miou_excluding_training_grscenes_20260818_192125/match_visualizations/voxroom/kujiale_grscene_MWAX5JYKTKJZ2AABAAAAADI8_usd__kujiale_grscene_MWAX5JYKTKJZ2AABAAAAADI8_usd__attempt_01__kujiale_grscene_MWAX5JYKTKJZ2AABAAAAADI8_usd_grscene_frontier_000000/milestone_080.pred_gt_match.png
grscene,kujiale_grscene_MWAX5JYKTKJZ2AABAAAAADI8_usd,kujiale_grscene_MWAX5JYKTKJZ2AABAAAAADI8_usd__kujiale_grscene_MWAX5JYKTKJZ2AABAAAAADI8_usd__attempt_01__kujiale_grscene_MWAX5JYKTKJZ2AABAAAAADI8_usd_grscene_frontier_000000,tvars_original,milestone_090,coverage_milestone,0.904923270562037,0.9,False,588,0.8730842513007927,0.9891613286000044,0.9275051446678024,0.38361300971547607,87.30842513007927,98.91613286000045,92.75051446678025,38.36130097154761,9,4,17974,0,0,/media/echo/data/voxroom_roomseg_evaluation/grscene_remaining25_union_fixed0p5_batch32_dual_clean_20260816_0120/grscene/kujiale_grscene_MWAX5JYKTKJZ2AABAAAAADI8_usd/attempt_01/roomseg_coverage_eval/events/milestone_090/tvars_original/roomseg_snapshots/roomseg_milestone_090_step_000588.npz,/media/echo/data/voxroom_roomseg_evaluation/grscene_all_available_gt_20260817/metrics_pr_f1_miou_excluding_training_grscenes_20260818_192125/match_visualizations/tvars_original/kujiale_grscene_MWAX5JYKTKJZ2AABAAAAADI8_usd__kujiale_grscene_MWAX5JYKTKJZ2AABAAAAADI8_usd__attempt_01__kujiale_grscene_MWAX5JYKTKJZ2AABAAAAADI8_usd_grscene_frontier_000000/milestone_090.pred_gt_match.png
grscene,kujiale_grscene_MWAX5JYKTKJZ2AABAAAAADI8_usd,kujiale_grscene_MWAX5JYKTKJZ2AABAAAAADI8_usd__kujiale_grscene_MWAX5JYKTKJZ2AABAAAAADI8_usd__attempt_01__kujiale_grscene_MWAX5JYKTKJZ2AABAAAAADI8_usd_grscene_frontier_000000,voxroom,milestone_090,coverage_milestone,0.904923270562037,0.9,False,588,0.9910915116570739,0.8249814724331956,0.9004397309643074,0.8153530846271866,99.10915116570739,82.49814724331956,90.04397309643075,81.53530846271866,9,9,17974,0,1,/media/echo/data/voxroom_roomseg_evaluation/grscene_remaining25_union_fixed0p5_batch32_dual_clean_20260816_0120/grscene/kujiale_grscene_MWAX5JYKTKJZ2AABAAAAADI8_usd/attempt_01/roomseg_coverage_eval/events/milestone_090/voxroom/roomseg_snapshots/roomseg_milestone_090_step_000588.npz,/media/echo/data/voxroom_roomseg_evaluation/grscene_all_available_gt_20260817/metrics_pr_f1_miou_excluding_training_grscenes_20260818_192125/match_visualizations/voxroom/kujiale_grscene_MWAX5JYKTKJZ2AABAAAAADI8_usd__kujiale_grscene_MWAX5JYKTKJZ2AABAAAAADI8_usd__attempt_01__kujiale_grscene_MWAX5JYKTKJZ2AABAAAAADI8_usd_grscene_frontier_000000/milestone_090.pred_gt_match.png
grscene,kujiale_grscene_MWAX5JYKTKJZ2AABAAAAADI8_usd,kujiale_grscene_MWAX5JYKTKJZ2AABAAAAADI8_usd__kujiale_grscene_MWAX5JYKTKJZ2AABAAAAADI8_usd__attempt_01__kujiale_grscene_MWAX5JYKTKJZ2AABAAAAADI8_usd_grscene_frontier_000000,tvars_original,final,terminal_forced,0.9707605170160236,,True,736,0.8224329493276753,0.9958586782748385,0.9008752803498897,0.3623316912604465,82.24329493276753,99.58586782748385,90.08752803498898,36.23316912604465,9,4,19244,0,0,/media/echo/data/voxroom_roomseg_evaluation/grscene_remaining25_union_fixed0p5_batch32_dual_clean_20260816_0120/grscene/kujiale_grscene_MWAX5JYKTKJZ2AABAAAAADI8_usd/attempt_01/roomseg_coverage_eval/events/final/tvars_original/roomseg_snapshots/roomseg_final_step_000736.npz,/media/echo/data/voxroom_roomseg_evaluation/grscene_all_available_gt_20260817/metrics_pr_f1_miou_excluding_training_grscenes_20260818_192125/match_visualizations/tvars_original/kujiale_grscene_MWAX5JYKTKJZ2AABAAAAADI8_usd__kujiale_grscene_MWAX5JYKTKJZ2AABAAAAADI8_usd__attempt_01__kujiale_grscene_MWAX5JYKTKJZ2AABAAAAADI8_usd_grscene_frontier_000000/final.pred_gt_match.png
grscene,kujiale_grscene_MWAX5JYKTKJZ2AABAAAAADI8_usd,kujiale_grscene_MWAX5JYKTKJZ2AABAAAAADI8_usd__kujiale_grscene_MWAX5JYKTKJZ2AABAAAAADI8_usd__attempt_01__kujiale_grscene_MWAX5JYKTKJZ2AABAAAAADI8_usd_grscene_frontier_000000,voxroom,final,terminal_forced,0.9707605170160236,,True,736,0.996550344106355,0.9327475570751638,0.9635939565355504,0.9289455314575468,99.6550344106355,93.27475570751638,96.35939565355504,92.89455314575467,9,10,19244,0,0,/media/echo/data/voxroom_roomseg_evaluation/grscene_remaining25_union_fixed0p5_batch32_dual_clean_20260816_0120/grscene/kujiale_grscene_MWAX5JYKTKJZ2AABAAAAADI8_usd/attempt_01/roomseg_coverage_eval/events/final/voxroom/roomseg_snapshots/roomseg_final_step_000736.npz,/media/echo/data/voxroom_roomseg_evaluation/grscene_all_available_gt_20260817/metrics_pr_f1_miou_excluding_training_grscenes_20260818_192125/match_visualizations/voxroom/kujiale_grscene_MWAX5JYKTKJZ2AABAAAAADI8_usd__kujiale_grscene_MWAX5JYKTKJZ2AABAAAAADI8_usd__attempt_01__kujiale_grscene_MWAX5JYKTKJZ2AABAAAAADI8_usd_grscene_frontier_000000/final.pred_gt_match.png
grscene,kujiale_grscene_MWAX5JYKTKJZ2AABAAAAADQ8_usd,kujiale_grscene_MWAX5JYKTKJZ2AABAAAAADQ8_usd__kujiale_grscene_MWAX5JYKTKJZ2AABAAAAADQ8_usd__attempt_01__kujiale_grscene_MWAX5JYKTKJZ2AABAAAAADQ8_usd_grscene_frontier_000000,tvars_original,milestone_020,coverage_milestone,0.20065573770491804,0.2,False,54,0.8015913073308027,0.9597676542860247,0.8735770794009425,0.5157609771014336,80.15913073308027,95.97676542860248,87.35770794009426,51.576097710143365,3,2,4876,0,0,/media/echo/data/voxroom_roomseg_evaluation/grscene_remaining25_union_fixed0p5_batch32_dual_clean_20260816_0120/grscene/kujiale_grscene_MWAX5JYKTKJZ2AABAAAAADQ8_usd/attempt_01/roomseg_coverage_eval/events/milestone_020/tvars_original/roomseg_snapshots/roomseg_milestone_020_step_000054.npz,/media/echo/data/voxroom_roomseg_evaluation/grscene_all_available_gt_20260817/metrics_pr_f1_miou_excluding_training_grscenes_20260818_192125/match_visualizations/tvars_original/kujiale_grscene_MWAX5JYKTKJZ2AABAAAAADQ8_usd__kujiale_grscene_MWAX5JYKTKJZ2AABAAAAADQ8_usd__attempt_01__kujiale_grscene_MWAX5JYKTKJZ2AABAAAAADQ8_usd_grscene_frontier_000000/milestone_020.pred_gt_match.png
grscene,kujiale_grscene_MWAX5JYKTKJZ2AABAAAAADQ8_usd,kujiale_grscene_MWAX5JYKTKJZ2AABAAAAADQ8_usd__kujiale_grscene_MWAX5JYKTKJZ2AABAAAAADQ8_usd__attempt_01__kujiale_grscene_MWAX5JYKTKJZ2AABAAAAADQ8_usd_grscene_frontier_000000,voxroom,milestone_020,coverage_milestone,0.20065573770491804,0.2,False,54,0.9151775077436264,0.9619898470703561,0.9379999800857,0.5890042930342058,91.51775077436264,96.1989847070356,93.79999800857,58.90042930342057,3,2,4876,0,0,/media/echo/data/voxroom_roomseg_evaluation/grscene_remaining25_union_fixed0p5_batch32_dual_clean_20260816_0120/grscene/kujiale_grscene_MWAX5JYKTKJZ2AABAAAAADQ8_usd/attempt_01/roomseg_coverage_eval/events/milestone_020/voxroom/roomseg_snapshots/roomseg_milestone_020_step_000054.npz,/media/echo/data/voxroom_roomseg_evaluation/grscene_all_available_gt_20260817/metrics_pr_f1_miou_excluding_training_grscenes_20260818_192125/match_visualizations/voxroom/kujiale_grscene_MWAX5JYKTKJZ2AABAAAAADQ8_usd__kujiale_grscene_MWAX5JYKTKJZ2AABAAAAADQ8_usd__attempt_01__kujiale_grscene_MWAX5JYKTKJZ2AABAAAAADQ8_usd_grscene_frontier_000000/milestone_020.pred_gt_match.png
grscene,kujiale_grscene_MWAX5JYKTKJZ2AABAAAAADQ8_usd,kujiale_grscene_MWAX5JYKTKJZ2AABAAAAADQ8_usd__kujiale_grscene_MWAX5JYKTKJZ2AABAAAAADQ8_usd__attempt_01__kujiale_grscene_MWAX5JYKTKJZ2AABAAAAADQ8_usd_grscene_frontier_000000,tvars_original,milestone_040,coverage_milestone,0.40348360655737703,0.4,False,182,0.9024539278368309,0.981921608758079,0.9405121170834692,0.5876934396469625,90.24539278368309,98.1921608758079,94.05121170834691,58.769343964696255,3,2,9711,1,0,/media/echo/data/voxroom_roomseg_evaluation/grscene_remaining25_union_fixed0p5_batch32_dual_clean_20260816_0120/grscene/kujiale_grscene_MWAX5JYKTKJZ2AABAAAAADQ8_usd/attempt_01/roomseg_coverage_eval/events/milestone_040/tvars_original/roomseg_snapshots/roomseg_milestone_040_step_000182.npz,/media/echo/data/voxroom_roomseg_evaluation/grscene_all_available_gt_20260817/metrics_pr_f1_miou_excluding_training_grscenes_20260818_192125/match_visualizations/tvars_original/kujiale_grscene_MWAX5JYKTKJZ2AABAAAAADQ8_usd__kujiale_grscene_MWAX5JYKTKJZ2AABAAAAADQ8_usd__attempt_01__kujiale_grscene_MWAX5JYKTKJZ2AABAAAAADQ8_usd_grscene_frontier_000000/milestone_040.pred_gt_match.png
grscene,kujiale_grscene_MWAX5JYKTKJZ2AABAAAAADQ8_usd,kujiale_grscene_MWAX5JYKTKJZ2AABAAAAADQ8_usd__kujiale_grscene_MWAX5JYKTKJZ2AABAAAAADQ8_usd__attempt_01__kujiale_grscene_MWAX5JYKTKJZ2AABAAAAADQ8_usd_grscene_frontier_000000,voxroom,milestone_040,coverage_milestone,0.40348360655737703,0.4,False,182,0.999250002748846,0.9797325125855175,0.9893950131528104,0.9790099837732801,99.9250002748846,97.97325125855176,98.93950131528103,97.90099837732801,3,3,9711,1,0,/media/echo/data/voxroom_roomseg_evaluation/grscene_remaining25_union_fixed0p5_batch32_dual_clean_20260816_0120/grscene/kujiale_grscene_MWAX5JYKTKJZ2AABAAAAADQ8_usd/attempt_01/roomseg_coverage_eval/events/milestone_040/voxroom/roomseg_snapshots/roomseg_milestone_040_step_000182.npz,/media/echo/data/voxroom_roomseg_evaluation/grscene_all_available_gt_20260817/metrics_pr_f1_miou_excluding_training_grscenes_20260818_192125/match_visualizations/voxroom/kujiale_grscene_MWAX5JYKTKJZ2AABAAAAADQ8_usd__kujiale_grscene_MWAX5JYKTKJZ2AABAAAAADQ8_usd__attempt_01__kujiale_grscene_MWAX5JYKTKJZ2AABAAAAADQ8_usd_grscene_frontier_000000/milestone_040.pred_gt_match.png
grscene,kujiale_grscene_MWAX5JYKTKJZ2AABAAAAADQ8_usd,kujiale_grscene_MWAX5JYKTKJZ2AABAAAAADQ8_usd__kujiale_grscene_MWAX5JYKTKJZ2AABAAAAADQ8_usd__attempt_01__kujiale_grscene_MWAX5JYKTKJZ2AABAAAAADQ8_usd_grscene_frontier_000000,tvars_original,milestone_060,coverage_milestone,0.6023770491803279,0.6,False,219,0.8702004489009526,0.9480833031782642,0.9074738913305539,0.3877434676452616,87.02004489009526,94.80833031782642,90.74738913305539,38.77434676452616,6,3,14578,0,0,/media/echo/data/voxroom_roomseg_evaluation/grscene_remaining25_union_fixed0p5_batch32_dual_clean_20260816_0120/grscene/kujiale_grscene_MWAX5JYKTKJZ2AABAAAAADQ8_usd/attempt_01/roomseg_coverage_eval/events/milestone_060/tvars_original/roomseg_snapshots/roomseg_milestone_060_step_000219.npz,/media/echo/data/voxroom_roomseg_evaluation/grscene_all_available_gt_20260817/metrics_pr_f1_miou_excluding_training_grscenes_20260818_192125/match_visualizations/tvars_original/kujiale_grscene_MWAX5JYKTKJZ2AABAAAAADQ8_usd__kujiale_grscene_MWAX5JYKTKJZ2AABAAAAADQ8_usd__attempt_01__kujiale_grscene_MWAX5JYKTKJZ2AABAAAAADQ8_usd_grscene_frontier_000000/milestone_060.pred_gt_match.png
grscene,kujiale_grscene_MWAX5JYKTKJZ2AABAAAAADQ8_usd,kujiale_grscene_MWAX5JYKTKJZ2AABAAAAADQ8_usd__kujiale_grscene_MWAX5JYKTKJZ2AABAAAAADQ8_usd__attempt_01__kujiale_grscene_MWAX5JYKTKJZ2AABAAAAADQ8_usd_grscene_frontier_000000,voxroom,milestone_060,coverage_milestone,0.6023770491803279,0.6,False,219,0.9824634502537727,0.9794997376854798,0.9809793554994446,0.9621583988215504,98.24634502537727,97.94997376854798,98.09793554994445,96.21583988215504,6,6,14578,0,0,/media/echo/data/voxroom_roomseg_evaluation/grscene_remaining25_union_fixed0p5_batch32_dual_clean_20260816_0120/grscene/kujiale_grscene_MWAX5JYKTKJZ2AABAAAAADQ8_usd/attempt_01/roomseg_coverage_eval/events/milestone_060/voxroom/roomseg_snapshots/roomseg_milestone_060_step_000219.npz,/media/echo/data/voxroom_roomseg_evaluation/grscene_all_available_gt_20260817/metrics_pr_f1_miou_excluding_training_grscenes_20260818_192125/match_visualizations/voxroom/kujiale_grscene_MWAX5JYKTKJZ2AABAAAAADQ8_usd__kujiale_grscene_MWAX5JYKTKJZ2AABAAAAADQ8_usd__attempt_01__kujiale_grscene_MWAX5JYKTKJZ2AABAAAAADQ8_usd_grscene_frontier_000000/milestone_060.pred_gt_match.png
grscene,kujiale_grscene_MWAX5JYKTKJZ2AABAAAAADQ8_usd,kujiale_grscene_MWAX5JYKTKJZ2AABAAAAADQ8_usd__kujiale_grscene_MWAX5JYKTKJZ2AABAAAAADQ8_usd__attempt_01__kujiale_grscene_MWAX5JYKTKJZ2AABAAAAADQ8_usd_grscene_frontier_000000,tvars_original,milestone_070,coverage_milestone,0.701516393442623,0.7,False,362,0.9123843731295438,0.9467159154651891,0.9292331482734363,0.5580252654217625,91.23843731295437,94.67159154651891,92.92331482734363,55.802526542176246,6,4,16927,0,0,/media/echo/data/voxroom_roomseg_evaluation/grscene_remaining25_union_fixed0p5_batch32_dual_clean_20260816_0120/grscene/kujiale_grscene_MWAX5JYKTKJZ2AABAAAAADQ8_usd/attempt_01/roomseg_coverage_eval/events/milestone_070/tvars_original/roomseg_snapshots/roomseg_milestone_070_step_000362.npz,/media/echo/data/voxroom_roomseg_evaluation/grscene_all_available_gt_20260817/metrics_pr_f1_miou_excluding_training_grscenes_20260818_192125/match_visualizations/tvars_original/kujiale_grscene_MWAX5JYKTKJZ2AABAAAAADQ8_usd__kujiale_grscene_MWAX5JYKTKJZ2AABAAAAADQ8_usd__attempt_01__kujiale_grscene_MWAX5JYKTKJZ2AABAAAAADQ8_usd_grscene_frontier_000000/milestone_070.pred_gt_match.png
grscene,kujiale_grscene_MWAX5JYKTKJZ2AABAAAAADQ8_usd,kujiale_grscene_MWAX5JYKTKJZ2AABAAAAADQ8_usd__kujiale_grscene_MWAX5JYKTKJZ2AABAAAAADQ8_usd__attempt_01__kujiale_grscene_MWAX5JYKTKJZ2AABAAAAADQ8_usd_grscene_frontier_000000,voxroom,milestone_070,coverage_milestone,0.701516393442623,0.7,False,362,0.9949516281729411,0.976771836010093,0.9857779209361781,0.9718009447392687,99.49516281729412,97.6771836010093,98.57779209361782,97.18009447392687,6,6,16927,0,0,/media/echo/data/voxroom_roomseg_evaluation/grscene_remaining25_union_fixed0p5_batch32_dual_clean_20260816_0120/grscene/kujiale_grscene_MWAX5JYKTKJZ2AABAAAAADQ8_usd/attempt_01/roomseg_coverage_eval/events/milestone_070/voxroom/roomseg_snapshots/roomseg_milestone_070_step_000362.npz,/media/echo/data/voxroom_roomseg_evaluation/grscene_all_available_gt_20260817/metrics_pr_f1_miou_excluding_training_grscenes_20260818_192125/match_visualizations/voxroom/kujiale_grscene_MWAX5JYKTKJZ2AABAAAAADQ8_usd__kujiale_grscene_MWAX5JYKTKJZ2AABAAAAADQ8_usd__attempt_01__kujiale_grscene_MWAX5JYKTKJZ2AABAAAAADQ8_usd_grscene_frontier_000000/milestone_070.pred_gt_match.png
grscene,kujiale_grscene_MWAX5JYKTKJZ2AABAAAAADQ8_usd,kujiale_grscene_MWAX5JYKTKJZ2AABAAAAADQ8_usd__kujiale_grscene_MWAX5JYKTKJZ2AABAAAAADQ8_usd__attempt_01__kujiale_grscene_MWAX5JYKTKJZ2AABAAAAADQ8_usd_grscene_frontier_000000,tvars_original,milestone_080,coverage_milestone,0.8005327868852459,0.8,False,400,0.9209363447527203,0.9463530497725765,0.9334717168730097,0.5633393560388192,92.09363447527204,94.63530497725765,93.34717168730097,56.333935603881926,6,4,19328,0,0,/media/echo/data/voxroom_roomseg_evaluation/grscene_remaining25_union_fixed0p5_batch32_dual_clean_20260816_0120/grscene/kujiale_grscene_MWAX5JYKTKJZ2AABAAAAADQ8_usd/attempt_01/roomseg_coverage_eval/events/milestone_080/tvars_original/roomseg_snapshots/roomseg_milestone_080_step_000400.npz,/media/echo/data/voxroom_roomseg_evaluation/grscene_all_available_gt_20260817/metrics_pr_f1_miou_excluding_training_grscenes_20260818_192125/match_visualizations/tvars_original/kujiale_grscene_MWAX5JYKTKJZ2AABAAAAADQ8_usd__kujiale_grscene_MWAX5JYKTKJZ2AABAAAAADQ8_usd__attempt_01__kujiale_grscene_MWAX5JYKTKJZ2AABAAAAADQ8_usd_grscene_frontier_000000/milestone_080.pred_gt_match.png
grscene,kujiale_grscene_MWAX5JYKTKJZ2AABAAAAADQ8_usd,kujiale_grscene_MWAX5JYKTKJZ2AABAAAAADQ8_usd__kujiale_grscene_MWAX5JYKTKJZ2AABAAAAADQ8_usd__attempt_01__kujiale_grscene_MWAX5JYKTKJZ2AABAAAAADQ8_usd_grscene_frontier_000000,voxroom,milestone_080,coverage_milestone,0.8005327868852459,0.8,False,400,0.9951438906740867,0.9824705220620001,0.9887665982821234,0.977684013828307,99.51438906740867,98.24705220620001,98.87665982821234,97.7684013828307,6,6,19328,0,0,/media/echo/data/voxroom_roomseg_evaluation/grscene_remaining25_union_fixed0p5_batch32_dual_clean_20260816_0120/grscene/kujiale_grscene_MWAX5JYKTKJZ2AABAAAAADQ8_usd/attempt_01/roomseg_coverage_eval/events/milestone_080/voxroom/roomseg_snapshots/roomseg_milestone_080_step_000400.npz,/media/echo/data/voxroom_roomseg_evaluation/grscene_all_available_gt_20260817/metrics_pr_f1_miou_excluding_training_grscenes_20260818_192125/match_visualizations/voxroom/kujiale_grscene_MWAX5JYKTKJZ2AABAAAAADQ8_usd__kujiale_grscene_MWAX5JYKTKJZ2AABAAAAADQ8_usd__attempt_01__kujiale_grscene_MWAX5JYKTKJZ2AABAAAAADQ8_usd_grscene_frontier_000000/milestone_080.pred_gt_match.png
grscene,kujiale_grscene_MWAX5JYKTKJZ2AABAAAAADQ8_usd,kujiale_grscene_MWAX5JYKTKJZ2AABAAAAADQ8_usd__kujiale_grscene_MWAX5JYKTKJZ2AABAAAAADQ8_usd__attempt_01__kujiale_grscene_MWAX5JYKTKJZ2AABAAAAADQ8_usd_grscene_frontier_000000,tvars_original,milestone_090,coverage_milestone,0.9025409836065573,0.9,False,429,0.9270026767383039,0.9465578595657173,0.9366782150910063,0.5674932030779153,92.7002676738304,94.65578595657172,93.66782150910063,56.74932030779153,6,4,21796,0,0,/media/echo/data/voxroom_roomseg_evaluation/grscene_remaining25_union_fixed0p5_batch32_dual_clean_20260816_0120/grscene/kujiale_grscene_MWAX5JYKTKJZ2AABAAAAADQ8_usd/attempt_01/roomseg_coverage_eval/events/milestone_090/tvars_original/roomseg_snapshots/roomseg_milestone_090_step_000429.npz,/media/echo/data/voxroom_roomseg_evaluation/grscene_all_available_gt_20260817/metrics_pr_f1_miou_excluding_training_grscenes_20260818_192125/match_visualizations/tvars_original/kujiale_grscene_MWAX5JYKTKJZ2AABAAAAADQ8_usd__kujiale_grscene_MWAX5JYKTKJZ2AABAAAAADQ8_usd__attempt_01__kujiale_grscene_MWAX5JYKTKJZ2AABAAAAADQ8_usd_grscene_frontier_000000/milestone_090.pred_gt_match.png
grscene,kujiale_grscene_MWAX5JYKTKJZ2AABAAAAADQ8_usd,kujiale_grscene_MWAX5JYKTKJZ2AABAAAAADQ8_usd__kujiale_grscene_MWAX5JYKTKJZ2AABAAAAADQ8_usd__attempt_01__kujiale_grscene_MWAX5JYKTKJZ2AABAAAAADQ8_usd_grscene_frontier_000000,voxroom,milestone_090,coverage_milestone,0.9025409836065573,0.9,False,429,0.9951621005176391,0.9830377994089404,0.9890627953063261,0.9782683306511388,99.5162100517639,98.30377994089405,98.90627953063262,97.82683306511389,6,6,21796,0,0,/media/echo/data/voxroom_roomseg_evaluation/grscene_remaining25_union_fixed0p5_batch32_dual_clean_20260816_0120/grscene/kujiale_grscene_MWAX5JYKTKJZ2AABAAAAADQ8_usd/attempt_01/roomseg_coverage_eval/events/milestone_090/voxroom/roomseg_snapshots/roomseg_milestone_090_step_000429.npz,/media/echo/data/voxroom_roomseg_evaluation/grscene_all_available_gt_20260817/metrics_pr_f1_miou_excluding_training_grscenes_20260818_192125/match_visualizations/voxroom/kujiale_grscene_MWAX5JYKTKJZ2AABAAAAADQ8_usd__kujiale_grscene_MWAX5JYKTKJZ2AABAAAAADQ8_usd__attempt_01__kujiale_grscene_MWAX5JYKTKJZ2AABAAAAADQ8_usd_grscene_frontier_000000/milestone_090.pred_gt_match.png
grscene,kujiale_grscene_MWAX5JYKTKJZ2AABAAAAADQ8_usd,kujiale_grscene_MWAX5JYKTKJZ2AABAAAAADQ8_usd__kujiale_grscene_MWAX5JYKTKJZ2AABAAAAADQ8_usd__attempt_01__kujiale_grscene_MWAX5JYKTKJZ2AABAAAAADQ8_usd_grscene_frontier_000000,tvars_original,final,terminal_forced,0.9996721311475409,,True,754,0.9288724329930245,0.9762501541128078,0.9519721848851337,0.597438447104717,92.88724329930244,97.62501541128078,95.19721848851337,59.743844710471706,6,4,24012,0,0,/media/echo/data/voxroom_roomseg_evaluation/grscene_remaining25_union_fixed0p5_batch32_dual_clean_20260816_0120/grscene/kujiale_grscene_MWAX5JYKTKJZ2AABAAAAADQ8_usd/attempt_01/roomseg_coverage_eval/events/final/tvars_original/roomseg_snapshots/roomseg_final_step_000754.npz,/media/echo/data/voxroom_roomseg_evaluation/grscene_all_available_gt_20260817/metrics_pr_f1_miou_excluding_training_grscenes_20260818_192125/match_visualizations/tvars_original/kujiale_grscene_MWAX5JYKTKJZ2AABAAAAADQ8_usd__kujiale_grscene_MWAX5JYKTKJZ2AABAAAAADQ8_usd__attempt_01__kujiale_grscene_MWAX5JYKTKJZ2AABAAAAADQ8_usd_grscene_frontier_000000/final.pred_gt_match.png
grscene,kujiale_grscene_MWAX5JYKTKJZ2AABAAAAADQ8_usd,kujiale_grscene_MWAX5JYKTKJZ2AABAAAAADQ8_usd__kujiale_grscene_MWAX5JYKTKJZ2AABAAAAADQ8_usd__attempt_01__kujiale_grscene_MWAX5JYKTKJZ2AABAAAAADQ8_usd_grscene_frontier_000000,voxroom,final,terminal_forced,0.9996721311475409,,True,754,0.9947241575352436,0.9916058202272197,0.9931625411440289,0.9863359148601137,99.47241575352436,99.16058202272197,99.3162541144029,98.63359148601137,6,6,24012,0,0,/media/echo/data/voxroom_roomseg_evaluation/grscene_remaining25_union_fixed0p5_batch32_dual_clean_20260816_0120/grscene/kujiale_grscene_MWAX5JYKTKJZ2AABAAAAADQ8_usd/attempt_01/roomseg_coverage_eval/events/final/voxroom/roomseg_snapshots/roomseg_final_step_000754.npz,/media/echo/data/voxroom_roomseg_evaluation/grscene_all_available_gt_20260817/metrics_pr_f1_miou_excluding_training_grscenes_20260818_192125/match_visualizations/voxroom/kujiale_grscene_MWAX5JYKTKJZ2AABAAAAADQ8_usd__kujiale_grscene_MWAX5JYKTKJZ2AABAAAAADQ8_usd__attempt_01__kujiale_grscene_MWAX5JYKTKJZ2AABAAAAADQ8_usd_grscene_frontier_000000/final.pred_gt_match.png
grscene,kujiale_grscene_MWAX5JYKTKJZ2AABAAAAADY8_usd,kujiale_grscene_MWAX5JYKTKJZ2AABAAAAADY8_usd__kujiale_grscene_MWAX5JYKTKJZ2AABAAAAADY8_usd__attempt_01__kujiale_grscene_MWAX5JYKTKJZ2AABAAAAADY8_usd_grscene_frontier_000000,tvars_original,milestone_020,coverage_milestone,0.20744816995136933,0.2,False,26,0.5792435135979994,0.9953879769194558,0.7323263031587879,0.14384412358329451,57.92435135979994,99.53879769194558,73.2326303158788,14.38441235832945,4,1,6451,0,0,/media/echo/data/voxroom_roomseg_evaluation/grscene_remaining25_union_fixed0p5_batch32_dual_clean_20260816_0120/grscene/kujiale_grscene_MWAX5JYKTKJZ2AABAAAAADY8_usd/attempt_01/roomseg_coverage_eval/events/milestone_020/tvars_original/roomseg_snapshots/roomseg_milestone_020_step_000026.npz,/media/echo/data/voxroom_roomseg_evaluation/grscene_all_available_gt_20260817/metrics_pr_f1_miou_excluding_training_grscenes_20260818_192125/match_visualizations/tvars_original/kujiale_grscene_MWAX5JYKTKJZ2AABAAAAADY8_usd__kujiale_grscene_MWAX5JYKTKJZ2AABAAAAADY8_usd__attempt_01__kujiale_grscene_MWAX5JYKTKJZ2AABAAAAADY8_usd_grscene_frontier_000000/milestone_020.pred_gt_match.png
grscene,kujiale_grscene_MWAX5JYKTKJZ2AABAAAAADY8_usd,kujiale_grscene_MWAX5JYKTKJZ2AABAAAAADY8_usd__kujiale_grscene_MWAX5JYKTKJZ2AABAAAAADY8_usd__attempt_01__kujiale_grscene_MWAX5JYKTKJZ2AABAAAAADY8_usd_grscene_frontier_000000,voxroom,milestone_020,coverage_milestone,0.20744816995136933,0.2,False,26,0.8144257817379357,0.9931200076242709,0.8949400267800407,0.40606703221919394,81.44257817379356,99.31200076242709,89.49400267800407,40.606703221919396,4,2,6451,0,0,/media/echo/data/voxroom_roomseg_evaluation/grscene_remaining25_union_fixed0p5_batch32_dual_clean_20260816_0120/grscene/kujiale_grscene_MWAX5JYKTKJZ2AABAAAAADY8_usd/attempt_01/roomseg_coverage_eval/events/milestone_020/voxroom/roomseg_snapshots/roomseg_milestone_020_step_000026.npz,/media/echo/data/voxroom_roomseg_evaluation/grscene_all_available_gt_20260817/metrics_pr_f1_miou_excluding_training_grscenes_20260818_192125/match_visualizations/voxroom/kujiale_grscene_MWAX5JYKTKJZ2AABAAAAADY8_usd__kujiale_grscene_MWAX5JYKTKJZ2AABAAAAADY8_usd__attempt_01__kujiale_grscene_MWAX5JYKTKJZ2AABAAAAADY8_usd_grscene_frontier_000000/milestone_020.pred_gt_match.png
grscene,kujiale_grscene_MWAX5JYKTKJZ2AABAAAAADY8_usd,kujiale_grscene_MWAX5JYKTKJZ2AABAAAAADY8_usd__kujiale_grscene_MWAX5JYKTKJZ2AABAAAAADY8_usd__attempt_01__kujiale_grscene_MWAX5JYKTKJZ2AABAAAAADY8_usd_grscene_frontier_000000,tvars_original,milestone_040,coverage_milestone,0.4036345021755823,0.4,False,184,0.6995604435711051,0.9878877573413953,0.8190914510448382,0.27853558187879013,69.95604435711051,98.78877573413953,81.90914510448381,27.853558187879013,5,2,12439,1,0,/media/echo/data/voxroom_roomseg_evaluation/grscene_remaining25_union_fixed0p5_batch32_dual_clean_20260816_0120/grscene/kujiale_grscene_MWAX5JYKTKJZ2AABAAAAADY8_usd/attempt_01/roomseg_coverage_eval/events/milestone_040/tvars_original/roomseg_snapshots/roomseg_milestone_040_step_000184.npz,/media/echo/data/voxroom_roomseg_evaluation/grscene_all_available_gt_20260817/metrics_pr_f1_miou_excluding_training_grscenes_20260818_192125/match_visualizations/tvars_original/kujiale_grscene_MWAX5JYKTKJZ2AABAAAAADY8_usd__kujiale_grscene_MWAX5JYKTKJZ2AABAAAAADY8_usd__attempt_01__kujiale_grscene_MWAX5JYKTKJZ2AABAAAAADY8_usd_grscene_frontier_000000/milestone_040.pred_gt_match.png
grscene,kujiale_grscene_MWAX5JYKTKJZ2AABAAAAADY8_usd,kujiale_grscene_MWAX5JYKTKJZ2AABAAAAADY8_usd__kujiale_grscene_MWAX5JYKTKJZ2AABAAAAADY8_usd__attempt_01__kujiale_grscene_MWAX5JYKTKJZ2AABAAAAADY8_usd_grscene_frontier_000000,voxroom,milestone_040,coverage_milestone,0.4036345021755823,0.4,False,184,0.7031407739764441,0.9874736019608559,0.8213971945898254,0.27853574435641704,70.31407739764441,98.7473601960856,82.13971945898254,27.853574435641704,5,2,12439,1,0,/media/echo/data/voxroom_roomseg_evaluation/grscene_remaining25_union_fixed0p5_batch32_dual_clean_20260816_0120/grscene/kujiale_grscene_MWAX5JYKTKJZ2AABAAAAADY8_usd/attempt_01/roomseg_coverage_eval/events/milestone_040/voxroom/roomseg_snapshots/roomseg_milestone_040_step_000184.npz,/media/echo/data/voxroom_roomseg_evaluation/grscene_all_available_gt_20260817/metrics_pr_f1_miou_excluding_training_grscenes_20260818_192125/match_visualizations/voxroom/kujiale_grscene_MWAX5JYKTKJZ2AABAAAAADY8_usd__kujiale_grscene_MWAX5JYKTKJZ2AABAAAAADY8_usd__attempt_01__kujiale_grscene_MWAX5JYKTKJZ2AABAAAAADY8_usd_grscene_frontier_000000/milestone_040.pred_gt_match.png
grscene,kujiale_grscene_MWAX5JYKTKJZ2AABAAAAADY8_usd,kujiale_grscene_MWAX5JYKTKJZ2AABAAAAADY8_usd__kujiale_grscene_MWAX5JYKTKJZ2AABAAAAADY8_usd__attempt_01__kujiale_grscene_MWAX5JYKTKJZ2AABAAAAADY8_usd_grscene_frontier_000000,tvars_original,milestone_060,coverage_milestone,0.6000447914000512,0.6,False,519,0.6579220607661823,0.9979215880837123,0.7930152441278171,0.1879265893539143,65.79220607661823,99.79215880837124,79.3015244127817,18.79265893539143,7,2,18531,0,0,/media/echo/data/voxroom_roomseg_evaluation/grscene_remaining25_union_fixed0p5_batch32_dual_clean_20260816_0120/grscene/kujiale_grscene_MWAX5JYKTKJZ2AABAAAAADY8_usd/attempt_01/roomseg_coverage_eval/events/milestone_060/tvars_original/roomseg_snapshots/roomseg_milestone_060_step_000519.npz,/media/echo/data/voxroom_roomseg_evaluation/grscene_all_available_gt_20260817/metrics_pr_f1_miou_excluding_training_grscenes_20260818_192125/match_visualizations/tvars_original/kujiale_grscene_MWAX5JYKTKJZ2AABAAAAADY8_usd__kujiale_grscene_MWAX5JYKTKJZ2AABAAAAADY8_usd__attempt_01__kujiale_grscene_MWAX5JYKTKJZ2AABAAAAADY8_usd_grscene_frontier_000000/milestone_060.pred_gt_match.png
grscene,kujiale_grscene_MWAX5JYKTKJZ2AABAAAAADY8_usd,kujiale_grscene_MWAX5JYKTKJZ2AABAAAAADY8_usd__kujiale_grscene_MWAX5JYKTKJZ2AABAAAAADY8_usd__attempt_01__kujiale_grscene_MWAX5JYKTKJZ2AABAAAAADY8_usd_grscene_frontier_000000,voxroom,milestone_060,coverage_milestone,0.6000447914000512,0.6,False,519,0.8546129555346932,0.9480379866010179,0.8989045263841879,0.4374683662635471,85.46129555346931,94.80379866010179,89.8904526384188,43.746836626354714,7,4,18531,0,0,/media/echo/data/voxroom_roomseg_evaluation/grscene_remaining25_union_fixed0p5_batch32_dual_clean_20260816_0120/grscene/kujiale_grscene_MWAX5JYKTKJZ2AABAAAAADY8_usd/attempt_01/roomseg_coverage_eval/events/milestone_060/voxroom/roomseg_snapshots/roomseg_milestone_060_step_000519.npz,/media/echo/data/voxroom_roomseg_evaluation/grscene_all_available_gt_20260817/metrics_pr_f1_miou_excluding_training_grscenes_20260818_192125/match_visualizations/voxroom/kujiale_grscene_MWAX5JYKTKJZ2AABAAAAADY8_usd__kujiale_grscene_MWAX5JYKTKJZ2AABAAAAADY8_usd__attempt_01__kujiale_grscene_MWAX5JYKTKJZ2AABAAAAADY8_usd_grscene_frontier_000000/milestone_060.pred_gt_match.png
grscene,kujiale_grscene_MWAX5JYKTKJZ2AABAAAAADY8_usd,kujiale_grscene_MWAX5JYKTKJZ2AABAAAAADY8_usd__kujiale_grscene_MWAX5JYKTKJZ2AABAAAAADY8_usd__attempt_01__kujiale_grscene_MWAX5JYKTKJZ2AABAAAAADY8_usd_grscene_frontier_000000,tvars_original,milestone_070,coverage_milestone,0.7095917583823906,0.7,False,543,0.6287718804159446,0.9968688358592149,0.7711459071810776,0.1796009691242689,62.87718804159446,99.68688358592149,77.11459071810776,17.96009691242689,7,2,21892,1,0,/media/echo/data/voxroom_roomseg_evaluation/grscene_remaining25_union_fixed0p5_batch32_dual_clean_20260816_0120/grscene/kujiale_grscene_MWAX5JYKTKJZ2AABAAAAADY8_usd/attempt_01/roomseg_coverage_eval/events/milestone_070/tvars_original/roomseg_snapshots/roomseg_milestone_070_step_000543.npz,/media/echo/data/voxroom_roomseg_evaluation/grscene_all_available_gt_20260817/metrics_pr_f1_miou_excluding_training_grscenes_20260818_192125/match_visualizations/tvars_original/kujiale_grscene_MWAX5JYKTKJZ2AABAAAAADY8_usd__kujiale_grscene_MWAX5JYKTKJZ2AABAAAAADY8_usd__attempt_01__kujiale_grscene_MWAX5JYKTKJZ2AABAAAAADY8_usd_grscene_frontier_000000/milestone_070.pred_gt_match.png
grscene,kujiale_grscene_MWAX5JYKTKJZ2AABAAAAADY8_usd,kujiale_grscene_MWAX5JYKTKJZ2AABAAAAADY8_usd__kujiale_grscene_MWAX5JYKTKJZ2AABAAAAADY8_usd__attempt_01__kujiale_grscene_MWAX5JYKTKJZ2AABAAAAADY8_usd_grscene_frontier_000000,voxroom,milestone_070,coverage_milestone,0.7095917583823906,0.7,False,543,0.83239782199516,0.9471431685970998,0.8860710877982398,0.4254609421818151,83.239782199516,94.71431685970998,88.60710877982399,42.546094218181516,7,4,21892,1,0,/media/echo/data/voxroom_roomseg_evaluation/grscene_remaining25_union_fixed0p5_batch32_dual_clean_20260816_0120/grscene/kujiale_grscene_MWAX5JYKTKJZ2AABAAAAADY8_usd/attempt_01/roomseg_coverage_eval/events/milestone_070/voxroom/roomseg_snapshots/roomseg_milestone_070_step_000543.npz,/media/echo/data/voxroom_roomseg_evaluation/grscene_all_available_gt_20260817/metrics_pr_f1_miou_excluding_training_grscenes_20260818_192125/match_visualizations/voxroom/kujiale_grscene_MWAX5JYKTKJZ2AABAAAAADY8_usd__kujiale_grscene_MWAX5JYKTKJZ2AABAAAAADY8_usd__attempt_01__kujiale_grscene_MWAX5JYKTKJZ2AABAAAAADY8_usd_grscene_frontier_000000/milestone_070.pred_gt_match.png
grscene,kujiale_grscene_MWAX5JYKTKJZ2AABAAAAADY8_usd,kujiale_grscene_MWAX5JYKTKJZ2AABAAAAADY8_usd__kujiale_grscene_MWAX5JYKTKJZ2AABAAAAADY8_usd__attempt_01__kujiale_grscene_MWAX5JYKTKJZ2AABAAAAADY8_usd_grscene_frontier_000000,tvars_original,milestone_080,coverage_milestone,0.8063091886357819,0.8,False,567,0.6331137887383375,0.9979898581521365,0.77474063824414,0.15820158614854893,63.311378873833746,99.79898581521365,77.474063824414,15.820158614854893,8,2,24745,1,0,/media/echo/data/voxroom_roomseg_evaluation/grscene_remaining25_union_fixed0p5_batch32_dual_clean_20260816_0120/grscene/kujiale_grscene_MWAX5JYKTKJZ2AABAAAAADY8_usd/attempt_01/roomseg_coverage_eval/events/milestone_080/tvars_original/roomseg_snapshots/roomseg_milestone_080_step_000567.npz,/media/echo/data/voxroom_roomseg_evaluation/grscene_all_available_gt_20260817/metrics_pr_f1_miou_excluding_training_grscenes_20260818_192125/match_visualizations/tvars_original/kujiale_grscene_MWAX5JYKTKJZ2AABAAAAADY8_usd__kujiale_grscene_MWAX5JYKTKJZ2AABAAAAADY8_usd__attempt_01__kujiale_grscene_MWAX5JYKTKJZ2AABAAAAADY8_usd_grscene_frontier_000000/milestone_080.pred_gt_match.png
grscene,kujiale_grscene_MWAX5JYKTKJZ2AABAAAAADY8_usd,kujiale_grscene_MWAX5JYKTKJZ2AABAAAAADY8_usd__kujiale_grscene_MWAX5JYKTKJZ2AABAAAAADY8_usd__attempt_01__kujiale_grscene_MWAX5JYKTKJZ2AABAAAAADY8_usd_grscene_frontier_000000,voxroom,milestone_080,coverage_milestone,0.8063091886357819,0.8,False,567,0.8325523626714842,0.9536784545047035,0.8890085680886158,0.3723057267414487,83.25523626714842,95.36784545047034,88.90085680886159,37.23057267414487,8,4,24745,1,0,/media/echo/data/voxroom_roomseg_evaluation/grscene_remaining25_union_fixed0p5_batch32_dual_clean_20260816_0120/grscene/kujiale_grscene_MWAX5JYKTKJZ2AABAAAAADY8_usd/attempt_01/roomseg_coverage_eval/events/milestone_080/voxroom/roomseg_snapshots/roomseg_milestone_080_step_000567.npz,/media/echo/data/voxroom_roomseg_evaluation/grscene_all_available_gt_20260817/metrics_pr_f1_miou_excluding_training_grscenes_20260818_192125/match_visualizations/voxroom/kujiale_grscene_MWAX5JYKTKJZ2AABAAAAADY8_usd__kujiale_grscene_MWAX5JYKTKJZ2AABAAAAADY8_usd__attempt_01__kujiale_grscene_MWAX5JYKTKJZ2AABAAAAADY8_usd_grscene_frontier_000000/milestone_080.pred_gt_match.png
grscene,kujiale_grscene_MWAX5JYKTKJZ2AABAAAAADY8_usd,kujiale_grscene_MWAX5JYKTKJZ2AABAAAAADY8_usd__kujiale_grscene_MWAX5JYKTKJZ2AABAAAAADY8_usd__attempt_01__kujiale_grscene_MWAX5JYKTKJZ2AABAAAAADY8_usd_grscene_frontier_000000,tvars_original,milestone_090,coverage_milestone,0.9020348093166112,0.9,False,609,0.7579545202440378,0.9857088458560221,0.8569572428789927,0.1715797384047462,75.79545202440377,98.57088458560222,85.69572428789927,17.157973840474618,8,3,27689,1,0,/media/echo/data/voxroom_roomseg_evaluation/grscene_remaining25_union_fixed0p5_batch32_dual_clean_20260816_0120/grscene/kujiale_grscene_MWAX5JYKTKJZ2AABAAAAADY8_usd/attempt_01/roomseg_coverage_eval/events/milestone_090/tvars_original/roomseg_snapshots/roomseg_milestone_090_step_000609.npz,/media/echo/data/voxroom_roomseg_evaluation/grscene_all_available_gt_20260817/metrics_pr_f1_miou_excluding_training_grscenes_20260818_192125/match_visualizations/tvars_original/kujiale_grscene_MWAX5JYKTKJZ2AABAAAAADY8_usd__kujiale_grscene_MWAX5JYKTKJZ2AABAAAAADY8_usd__attempt_01__kujiale_grscene_MWAX5JYKTKJZ2AABAAAAADY8_usd_grscene_frontier_000000/milestone_090.pred_gt_match.png
grscene,kujiale_grscene_MWAX5JYKTKJZ2AABAAAAADY8_usd,kujiale_grscene_MWAX5JYKTKJZ2AABAAAAADY8_usd__kujiale_grscene_MWAX5JYKTKJZ2AABAAAAADY8_usd__attempt_01__kujiale_grscene_MWAX5JYKTKJZ2AABAAAAADY8_usd_grscene_frontier_000000,voxroom,milestone_090,coverage_milestone,0.9020348093166112,0.9,False,609,0.8319862549607976,0.9538087897263194,0.8887423058698515,0.37204318657191443,83.19862549607976,95.38087897263195,88.87423058698515,37.20431865719144,8,4,27689,1,0,/media/echo/data/voxroom_roomseg_evaluation/grscene_remaining25_union_fixed0p5_batch32_dual_clean_20260816_0120/grscene/kujiale_grscene_MWAX5JYKTKJZ2AABAAAAADY8_usd/attempt_01/roomseg_coverage_eval/events/milestone_090/voxroom/roomseg_snapshots/roomseg_milestone_090_step_000609.npz,/media/echo/data/voxroom_roomseg_evaluation/grscene_all_available_gt_20260817/metrics_pr_f1_miou_excluding_training_grscenes_20260818_192125/match_visualizations/voxroom/kujiale_grscene_MWAX5JYKTKJZ2AABAAAAADY8_usd__kujiale_grscene_MWAX5JYKTKJZ2AABAAAAADY8_usd__attempt_01__kujiale_grscene_MWAX5JYKTKJZ2AABAAAAADY8_usd_grscene_frontier_000000/milestone_090.pred_gt_match.png
grscene,kujiale_grscene_MWAX5JYKTKJZ2AABAAAAADY8_usd,kujiale_grscene_MWAX5JYKTKJZ2AABAAAAADY8_usd__kujiale_grscene_MWAX5JYKTKJZ2AABAAAAADY8_usd__attempt_01__kujiale_grscene_MWAX5JYKTKJZ2AABAAAAADY8_usd_grscene_frontier_000000,tvars_original,final,terminal_forced,0.9999680061428206,,True,1133,0.8158458603063329,0.9984653165952851,0.8979648095370657,0.36182572995195306,81.58458603063329,99.84653165952851,89.79648095370656,36.18257299519531,9,4,30671,0,0,/media/echo/data/voxroom_roomseg_evaluation/grscene_remaining25_union_fixed0p5_batch32_dual_clean_20260816_0120/grscene/kujiale_grscene_MWAX5JYKTKJZ2AABAAAAADY8_usd/attempt_01/roomseg_coverage_eval/events/final/tvars_original/roomseg_snapshots/roomseg_final_step_001133.npz,/media/echo/data/voxroom_roomseg_evaluation/grscene_all_available_gt_20260817/metrics_pr_f1_miou_excluding_training_grscenes_20260818_192125/match_visualizations/tvars_original/kujiale_grscene_MWAX5JYKTKJZ2AABAAAAADY8_usd__kujiale_grscene_MWAX5JYKTKJZ2AABAAAAADY8_usd__attempt_01__kujiale_grscene_MWAX5JYKTKJZ2AABAAAAADY8_usd_grscene_frontier_000000/final.pred_gt_match.png
grscene,kujiale_grscene_MWAX5JYKTKJZ2AABAAAAADY8_usd,kujiale_grscene_MWAX5JYKTKJZ2AABAAAAADY8_usd__kujiale_grscene_MWAX5JYKTKJZ2AABAAAAADY8_usd__attempt_01__kujiale_grscene_MWAX5JYKTKJZ2AABAAAAADY8_usd_grscene_frontier_000000,voxroom,final,terminal_forced,0.9999680061428206,,True,1133,0.9126167164362771,0.9466270474953679,0.9293108139280567,0.6594272770522386,91.26167164362771,94.66270474953679,92.93108139280567,65.94272770522386,9,7,30671,0,0,/media/echo/data/voxroom_roomseg_evaluation/grscene_remaining25_union_fixed0p5_batch32_dual_clean_20260816_0120/grscene/kujiale_grscene_MWAX5JYKTKJZ2AABAAAAADY8_usd/attempt_01/roomseg_coverage_eval/events/final/voxroom/roomseg_snapshots/roomseg_final_step_001133.npz,/media/echo/data/voxroom_roomseg_evaluation/grscene_all_available_gt_20260817/metrics_pr_f1_miou_excluding_training_grscenes_20260818_192125/match_visualizations/voxroom/kujiale_grscene_MWAX5JYKTKJZ2AABAAAAADY8_usd__kujiale_grscene_MWAX5JYKTKJZ2AABAAAAADY8_usd__attempt_01__kujiale_grscene_MWAX5JYKTKJZ2AABAAAAADY8_usd_grscene_frontier_000000/final.pred_gt_match.png
grscene,kujiale_grscene_MWAX5JYKTKJZ2AABAAAAAEA8_usd,kujiale_grscene_MWAX5JYKTKJZ2AABAAAAAEA8_usd__kujiale_grscene_MWAX5JYKTKJZ2AABAAAAAEA8_usd__attempt_01__kujiale_grscene_MWAX5JYKTKJZ2AABAAAAAEA8_usd_grscene_frontier_000000,tvars_original,milestone_020,coverage_milestone,0.4632847972444027,0.2,False,0,0.9313742437337943,0.9970789017228205,0.9631072553905681,0.4642426331207996,93.13742437337943,99.70789017228205,96.3107255390568,46.42426331207996,2,1,5804,1,0,/media/echo/data/voxroom_roomseg_evaluation/grscene_remaining25_union_fixed0p5_batch32_dual_clean_20260816_0120/grscene/kujiale_grscene_MWAX5JYKTKJZ2AABAAAAAEA8_usd/attempt_01/roomseg_coverage_eval/events/milestone_020/tvars_original/roomseg_snapshots/roomseg_milestone_020_step_000000.npz,/media/echo/data/voxroom_roomseg_evaluation/grscene_all_available_gt_20260817/metrics_pr_f1_miou_excluding_training_grscenes_20260818_192125/match_visualizations/tvars_original/kujiale_grscene_MWAX5JYKTKJZ2AABAAAAAEA8_usd__kujiale_grscene_MWAX5JYKTKJZ2AABAAAAAEA8_usd__attempt_01__kujiale_grscene_MWAX5JYKTKJZ2AABAAAAAEA8_usd_grscene_frontier_000000/milestone_020.pred_gt_match.png
grscene,kujiale_grscene_MWAX5JYKTKJZ2AABAAAAAEA8_usd,kujiale_grscene_MWAX5JYKTKJZ2AABAAAAAEA8_usd__kujiale_grscene_MWAX5JYKTKJZ2AABAAAAAEA8_usd__attempt_01__kujiale_grscene_MWAX5JYKTKJZ2AABAAAAAEA8_usd_grscene_frontier_000000,voxroom,milestone_020,coverage_milestone,0.4632847972444027,0.2,False,0,1.0,0.9794909620243281,0.9896392363647378,0.9794909620243281,100.0,97.94909620243281,98.96392363647378,97.94909620243281,2,2,5804,1,0,/media/echo/data/voxroom_roomseg_evaluation/grscene_remaining25_union_fixed0p5_batch32_dual_clean_20260816_0120/grscene/kujiale_grscene_MWAX5JYKTKJZ2AABAAAAAEA8_usd/attempt_01/roomseg_coverage_eval/events/milestone_020/voxroom/roomseg_snapshots/roomseg_milestone_020_step_000000.npz,/media/echo/data/voxroom_roomseg_evaluation/grscene_all_available_gt_20260817/metrics_pr_f1_miou_excluding_training_grscenes_20260818_192125/match_visualizations/voxroom/kujiale_grscene_MWAX5JYKTKJZ2AABAAAAAEA8_usd__kujiale_grscene_MWAX5JYKTKJZ2AABAAAAAEA8_usd__attempt_01__kujiale_grscene_MWAX5JYKTKJZ2AABAAAAAEA8_usd_grscene_frontier_000000/milestone_020.pred_gt_match.png
grscene,kujiale_grscene_MWAX5JYKTKJZ2AABAAAAAEA8_usd,kujiale_grscene_MWAX5JYKTKJZ2AABAAAAAEA8_usd__kujiale_grscene_MWAX5JYKTKJZ2AABAAAAAEA8_usd__attempt_01__kujiale_grscene_MWAX5JYKTKJZ2AABAAAAAEA8_usd_grscene_frontier_000000,tvars_original,milestone_040,coverage_milestone,0.4632847972444027,0.4,False,0,0.9313742437337943,0.9970789017228205,0.9631072553905681,0.4642426331207996,93.13742437337943,99.70789017228205,96.3107255390568,46.42426331207996,2,1,5804,1,0,/media/echo/data/voxroom_roomseg_evaluation/grscene_remaining25_union_fixed0p5_batch32_dual_clean_20260816_0120/grscene/kujiale_grscene_MWAX5JYKTKJZ2AABAAAAAEA8_usd/attempt_01/roomseg_coverage_eval/events/milestone_040/tvars_original/roomseg_snapshots/roomseg_milestone_040_step_000000.npz,/media/echo/data/voxroom_roomseg_evaluation/grscene_all_available_gt_20260817/metrics_pr_f1_miou_excluding_training_grscenes_20260818_192125/match_visualizations/tvars_original/kujiale_grscene_MWAX5JYKTKJZ2AABAAAAAEA8_usd__kujiale_grscene_MWAX5JYKTKJZ2AABAAAAAEA8_usd__attempt_01__kujiale_grscene_MWAX5JYKTKJZ2AABAAAAAEA8_usd_grscene_frontier_000000/milestone_040.pred_gt_match.png
grscene,kujiale_grscene_MWAX5JYKTKJZ2AABAAAAAEA8_usd,kujiale_grscene_MWAX5JYKTKJZ2AABAAAAAEA8_usd__kujiale_grscene_MWAX5JYKTKJZ2AABAAAAAEA8_usd__attempt_01__kujiale_grscene_MWAX5JYKTKJZ2AABAAAAAEA8_usd_grscene_frontier_000000,voxroom,milestone_040,coverage_milestone,0.4632847972444027,0.4,False,0,1.0,0.9794909620243281,0.9896392363647378,0.9794909620243281,100.0,97.94909620243281,98.96392363647378,97.94909620243281,2,2,5804,1,0,/media/echo/data/voxroom_roomseg_evaluation/grscene_remaining25_union_fixed0p5_batch32_dual_clean_20260816_0120/grscene/kujiale_grscene_MWAX5JYKTKJZ2AABAAAAAEA8_usd/attempt_01/roomseg_coverage_eval/events/milestone_040/voxroom/roomseg_snapshots/roomseg_milestone_040_step_000000.npz,/media/echo/data/voxroom_roomseg_evaluation/grscene_all_available_gt_20260817/metrics_pr_f1_miou_excluding_training_grscenes_20260818_192125/match_visualizations/voxroom/kujiale_grscene_MWAX5JYKTKJZ2AABAAAAAEA8_usd__kujiale_grscene_MWAX5JYKTKJZ2AABAAAAAEA8_usd__attempt_01__kujiale_grscene_MWAX5JYKTKJZ2AABAAAAAEA8_usd_grscene_frontier_000000/milestone_040.pred_gt_match.png
grscene,kujiale_grscene_MWAX5JYKTKJZ2AABAAAAAEA8_usd,kujiale_grscene_MWAX5JYKTKJZ2AABAAAAAEA8_usd__kujiale_grscene_MWAX5JYKTKJZ2AABAAAAAEA8_usd__attempt_01__kujiale_grscene_MWAX5JYKTKJZ2AABAAAAAEA8_usd_grscene_frontier_000000,tvars_original,milestone_060,coverage_milestone,0.6091279160795365,0.6,False,80,0.8888306926803718,0.9964318256971101,0.9395605982824683,0.29534873602227735,88.88306926803719,99.643182569711,93.95605982824684,29.534873602227734,3,1,7665,1,0,/media/echo/data/voxroom_roomseg_evaluation/grscene_remaining25_union_fixed0p5_batch32_dual_clean_20260816_0120/grscene/kujiale_grscene_MWAX5JYKTKJZ2AABAAAAAEA8_usd/attempt_01/roomseg_coverage_eval/events/milestone_060/tvars_original/roomseg_snapshots/roomseg_milestone_060_step_000080.npz,/media/echo/data/voxroom_roomseg_evaluation/grscene_all_available_gt_20260817/metrics_pr_f1_miou_excluding_training_grscenes_20260818_192125/match_visualizations/tvars_original/kujiale_grscene_MWAX5JYKTKJZ2AABAAAAAEA8_usd__kujiale_grscene_MWAX5JYKTKJZ2AABAAAAAEA8_usd__attempt_01__kujiale_grscene_MWAX5JYKTKJZ2AABAAAAAEA8_usd_grscene_frontier_000000/milestone_060.pred_gt_match.png
grscene,kujiale_grscene_MWAX5JYKTKJZ2AABAAAAAEA8_usd,kujiale_grscene_MWAX5JYKTKJZ2AABAAAAAEA8_usd__kujiale_grscene_MWAX5JYKTKJZ2AABAAAAAEA8_usd__attempt_01__kujiale_grscene_MWAX5JYKTKJZ2AABAAAAAEA8_usd_grscene_frontier_000000,voxroom,milestone_060,coverage_milestone,0.6091279160795365,0.6,False,80,0.8092783505154639,0.9527454103769424,0.8751712108360293,0.51973220602128,80.9278350515464,95.27454103769423,87.51712108360293,51.973220602128,3,2,7665,1,1,/media/echo/data/voxroom_roomseg_evaluation/grscene_remaining25_union_fixed0p5_batch32_dual_clean_20260816_0120/grscene/kujiale_grscene_MWAX5JYKTKJZ2AABAAAAAEA8_usd/attempt_01/roomseg_coverage_eval/events/milestone_060/voxroom/roomseg_snapshots/roomseg_milestone_060_step_000080.npz,/media/echo/data/voxroom_roomseg_evaluation/grscene_all_available_gt_20260817/metrics_pr_f1_miou_excluding_training_grscenes_20260818_192125/match_visualizations/voxroom/kujiale_grscene_MWAX5JYKTKJZ2AABAAAAAEA8_usd__kujiale_grscene_MWAX5JYKTKJZ2AABAAAAAEA8_usd__attempt_01__kujiale_grscene_MWAX5JYKTKJZ2AABAAAAAEA8_usd_grscene_frontier_000000/milestone_060.pred_gt_match.png
grscene,kujiale_grscene_MWAX5JYKTKJZ2AABAAAAAEA8_usd,kujiale_grscene_MWAX5JYKTKJZ2AABAAAAAEA8_usd__kujiale_grscene_MWAX5JYKTKJZ2AABAAAAAEA8_usd__attempt_01__kujiale_grscene_MWAX5JYKTKJZ2AABAAAAAEA8_usd_grscene_frontier_000000,tvars_original,milestone_070,coverage_milestone,0.7024424612494129,0.7,False,125,0.7232281355299247,0.8450313915432505,0.7793996685110735,0.4807588788384265,72.32281355299247,84.50313915432504,77.93996685110734,48.07588788384265,3,2,8820,2,0,/media/echo/data/voxroom_roomseg_evaluation/grscene_remaining25_union_fixed0p5_batch32_dual_clean_20260816_0120/grscene/kujiale_grscene_MWAX5JYKTKJZ2AABAAAAAEA8_usd/attempt_01/roomseg_coverage_eval/events/milestone_070/tvars_original/roomseg_snapshots/roomseg_milestone_070_step_000125.npz,/media/echo/data/voxroom_roomseg_evaluation/grscene_all_available_gt_20260817/metrics_pr_f1_miou_excluding_training_grscenes_20260818_192125/match_visualizations/tvars_original/kujiale_grscene_MWAX5JYKTKJZ2AABAAAAAEA8_usd__kujiale_grscene_MWAX5JYKTKJZ2AABAAAAAEA8_usd__attempt_01__kujiale_grscene_MWAX5JYKTKJZ2AABAAAAAEA8_usd_grscene_frontier_000000/milestone_070.pred_gt_match.png
grscene,kujiale_grscene_MWAX5JYKTKJZ2AABAAAAAEA8_usd,kujiale_grscene_MWAX5JYKTKJZ2AABAAAAAEA8_usd__kujiale_grscene_MWAX5JYKTKJZ2AABAAAAAEA8_usd__attempt_01__kujiale_grscene_MWAX5JYKTKJZ2AABAAAAAEA8_usd_grscene_frontier_000000,voxroom,milestone_070,coverage_milestone,0.7024424612494129,0.7,False,125,0.8271827182718272,0.9373737338855929,0.8788376844323523,0.5225219303545441,82.71827182718272,93.73737338855929,87.88376844323523,52.25219303545441,3,2,8820,2,2,/media/echo/data/voxroom_roomseg_evaluation/grscene_remaining25_union_fixed0p5_batch32_dual_clean_20260816_0120/grscene/kujiale_grscene_MWAX5JYKTKJZ2AABAAAAAEA8_usd/attempt_01/roomseg_coverage_eval/events/milestone_070/voxroom/roomseg_snapshots/roomseg_milestone_070_step_000125.npz,/media/echo/data/voxroom_roomseg_evaluation/grscene_all_available_gt_20260817/metrics_pr_f1_miou_excluding_training_grscenes_20260818_192125/match_visualizations/voxroom/kujiale_grscene_MWAX5JYKTKJZ2AABAAAAAEA8_usd__kujiale_grscene_MWAX5JYKTKJZ2AABAAAAAEA8_usd__attempt_01__kujiale_grscene_MWAX5JYKTKJZ2AABAAAAAEA8_usd_grscene_frontier_000000/milestone_070.pred_gt_match.png
grscene,kujiale_grscene_MWAX5JYKTKJZ2AABAAAAAEA8_usd,kujiale_grscene_MWAX5JYKTKJZ2AABAAAAAEA8_usd__kujiale_grscene_MWAX5JYKTKJZ2AABAAAAAEA8_usd__attempt_01__kujiale_grscene_MWAX5JYKTKJZ2AABAAAAAEA8_usd_grscene_frontier_000000,tvars_original,milestone_080,coverage_milestone,0.8075778925943322,0.8,False,140,0.7064885015597699,0.8838537241276543,0.7852806560387445,0.35232659137802547,70.64885015597699,88.38537241276543,78.52806560387445,35.23265913780255,4,2,10148,2,0,/media/echo/data/voxroom_roomseg_evaluation/grscene_remaining25_union_fixed0p5_batch32_dual_clean_20260816_0120/grscene/kujiale_grscene_MWAX5JYKTKJZ2AABAAAAAEA8_usd/attempt_01/roomseg_coverage_eval/events/milestone_080/tvars_original/roomseg_snapshots/roomseg_milestone_080_step_000140.npz,/media/echo/data/voxroom_roomseg_evaluation/grscene_all_available_gt_20260817/metrics_pr_f1_miou_excluding_training_grscenes_20260818_192125/match_visualizations/tvars_original/kujiale_grscene_MWAX5JYKTKJZ2AABAAAAAEA8_usd__kujiale_grscene_MWAX5JYKTKJZ2AABAAAAAEA8_usd__attempt_01__kujiale_grscene_MWAX5JYKTKJZ2AABAAAAAEA8_usd_grscene_frontier_000000/milestone_080.pred_gt_match.png
grscene,kujiale_grscene_MWAX5JYKTKJZ2AABAAAAAEA8_usd,kujiale_grscene_MWAX5JYKTKJZ2AABAAAAAEA8_usd__kujiale_grscene_MWAX5JYKTKJZ2AABAAAAAEA8_usd__attempt_01__kujiale_grscene_MWAX5JYKTKJZ2AABAAAAAEA8_usd_grscene_frontier_000000,voxroom,milestone_080,coverage_milestone,0.8075778925943322,0.8,False,140,0.8775815162469391,0.9020205308763517,0.8896332148549118,0.5869122026423222,87.75815162469391,90.20205308763516,88.96332148549118,58.69122026423222,4,3,10148,2,2,/media/echo/data/voxroom_roomseg_evaluation/grscene_remaining25_union_fixed0p5_batch32_dual_clean_20260816_0120/grscene/kujiale_grscene_MWAX5JYKTKJZ2AABAAAAAEA8_usd/attempt_01/roomseg_coverage_eval/events/milestone_080/voxroom/roomseg_snapshots/roomseg_milestone_080_step_000140.npz,/media/echo/data/voxroom_roomseg_evaluation/grscene_all_available_gt_20260817/metrics_pr_f1_miou_excluding_training_grscenes_20260818_192125/match_visualizations/voxroom/kujiale_grscene_MWAX5JYKTKJZ2AABAAAAAEA8_usd__kujiale_grscene_MWAX5JYKTKJZ2AABAAAAAEA8_usd__attempt_01__kujiale_grscene_MWAX5JYKTKJZ2AABAAAAAEA8_usd_grscene_frontier_000000/milestone_080.pred_gt_match.png
grscene,kujiale_grscene_MWAX5JYKTKJZ2AABAAAAAEA8_usd,kujiale_grscene_MWAX5JYKTKJZ2AABAAAAAEA8_usd__kujiale_grscene_MWAX5JYKTKJZ2AABAAAAAEA8_usd__attempt_01__kujiale_grscene_MWAX5JYKTKJZ2AABAAAAAEA8_usd_grscene_frontier_000000,tvars_original,milestone_090,coverage_milestone,0.900109597620166,0.9,False,415,0.6698509713529055,0.8846323081430305,0.7624035828702151,0.328584264473298,66.98509713529054,88.46323081430305,76.24035828702151,32.858426447329805,4,2,11209,3,0,/media/echo/data/voxroom_roomseg_evaluation/grscene_remaining25_union_fixed0p5_batch32_dual_clean_20260816_0120/grscene/kujiale_grscene_MWAX5JYKTKJZ2AABAAAAAEA8_usd/attempt_01/roomseg_coverage_eval/events/milestone_090/tvars_original/roomseg_snapshots/roomseg_milestone_090_step_000415.npz,/media/echo/data/voxroom_roomseg_evaluation/grscene_all_available_gt_20260817/metrics_pr_f1_miou_excluding_training_grscenes_20260818_192125/match_visualizations/tvars_original/kujiale_grscene_MWAX5JYKTKJZ2AABAAAAAEA8_usd__kujiale_grscene_MWAX5JYKTKJZ2AABAAAAAEA8_usd__attempt_01__kujiale_grscene_MWAX5JYKTKJZ2AABAAAAAEA8_usd_grscene_frontier_000000/milestone_090.pred_gt_match.png
grscene,kujiale_grscene_MWAX5JYKTKJZ2AABAAAAAEA8_usd,kujiale_grscene_MWAX5JYKTKJZ2AABAAAAAEA8_usd__kujiale_grscene_MWAX5JYKTKJZ2AABAAAAAEA8_usd__attempt_01__kujiale_grscene_MWAX5JYKTKJZ2AABAAAAAEA8_usd_grscene_frontier_000000,voxroom,milestone_090,coverage_milestone,0.900109597620166,0.9,False,415,0.8915254237288135,0.9549500320070484,0.9221484415406334,0.6385928105760172,89.15254237288136,95.49500320070484,92.21484415406334,63.85928105760173,4,3,11209,3,2,/media/echo/data/voxroom_roomseg_evaluation/grscene_remaining25_union_fixed0p5_batch32_dual_clean_20260816_0120/grscene/kujiale_grscene_MWAX5JYKTKJZ2AABAAAAAEA8_usd/attempt_01/roomseg_coverage_eval/events/milestone_090/voxroom/roomseg_snapshots/roomseg_milestone_090_step_000415.npz,/media/echo/data/voxroom_roomseg_evaluation/grscene_all_available_gt_20260817/metrics_pr_f1_miou_excluding_training_grscenes_20260818_192125/match_visualizations/voxroom/kujiale_grscene_MWAX5JYKTKJZ2AABAAAAAEA8_usd__kujiale_grscene_MWAX5JYKTKJZ2AABAAAAAEA8_usd__attempt_01__kujiale_grscene_MWAX5JYKTKJZ2AABAAAAAEA8_usd_grscene_frontier_000000/milestone_090.pred_gt_match.png
grscene,kujiale_grscene_MWAX5JYKTKJZ2AABAAAAAEA8_usd,kujiale_grscene_MWAX5JYKTKJZ2AABAAAAAEA8_usd__kujiale_grscene_MWAX5JYKTKJZ2AABAAAAAEA8_usd__attempt_01__kujiale_grscene_MWAX5JYKTKJZ2AABAAAAAEA8_usd_grscene_frontier_000000,tvars_original,final,terminal_forced,1.0,,True,789,0.8253178809789853,0.9087200879252635,0.8650132820833621,0.49468219336335517,82.53178809789853,90.87200879252634,86.50132820833622,49.468219336335515,5,3,12537,2,0,/media/echo/data/voxroom_roomseg_evaluation/grscene_remaining25_union_fixed0p5_batch32_dual_clean_20260816_0120/grscene/kujiale_grscene_MWAX5JYKTKJZ2AABAAAAAEA8_usd/attempt_01/roomseg_coverage_eval/events/final/tvars_original/roomseg_snapshots/roomseg_final_step_000789.npz,/media/echo/data/voxroom_roomseg_evaluation/grscene_all_available_gt_20260817/metrics_pr_f1_miou_excluding_training_grscenes_20260818_192125/match_visualizations/tvars_original/kujiale_grscene_MWAX5JYKTKJZ2AABAAAAAEA8_usd__kujiale_grscene_MWAX5JYKTKJZ2AABAAAAAEA8_usd__attempt_01__kujiale_grscene_MWAX5JYKTKJZ2AABAAAAAEA8_usd_grscene_frontier_000000/final.pred_gt_match.png
grscene,kujiale_grscene_MWAX5JYKTKJZ2AABAAAAAEA8_usd,kujiale_grscene_MWAX5JYKTKJZ2AABAAAAAEA8_usd__kujiale_grscene_MWAX5JYKTKJZ2AABAAAAAEA8_usd__attempt_01__kujiale_grscene_MWAX5JYKTKJZ2AABAAAAAEA8_usd_grscene_frontier_000000,voxroom,final,terminal_forced,1.0,,True,789,0.8787744227353463,0.9648510787440099,0.9198033429983314,0.6834111574728274,87.87744227353464,96.485107874401,91.98033429983315,68.34111574728274,5,4,12537,2,1,/media/echo/data/voxroom_roomseg_evaluation/grscene_remaining25_union_fixed0p5_batch32_dual_clean_20260816_0120/grscene/kujiale_grscene_MWAX5JYKTKJZ2AABAAAAAEA8_usd/attempt_01/roomseg_coverage_eval/events/final/voxroom/roomseg_snapshots/roomseg_final_step_000789.npz,/media/echo/data/voxroom_roomseg_evaluation/grscene_all_available_gt_20260817/metrics_pr_f1_miou_excluding_training_grscenes_20260818_192125/match_visualizations/voxroom/kujiale_grscene_MWAX5JYKTKJZ2AABAAAAAEA8_usd__kujiale_grscene_MWAX5JYKTKJZ2AABAAAAAEA8_usd__attempt_01__kujiale_grscene_MWAX5JYKTKJZ2AABAAAAAEA8_usd_grscene_frontier_000000/final.pred_gt_match.png
grscene,kujiale_grscene_MWAX5JYKTKJZ2AABAAAAAEI8_usd,kujiale_grscene_MWAX5JYKTKJZ2AABAAAAAEI8_usd__kujiale_grscene_MWAX5JYKTKJZ2AABAAAAAEI8_usd__attempt_01__kujiale_grscene_MWAX5JYKTKJZ2AABAAAAAEI8_usd_grscene_frontier_000000,tvars_original,milestone_020,coverage_milestone,0.20121818577333042,0.2,False,22,1.0,0.9773855488141202,0.9885634588563458,0.9773855488141202,100.0,97.73855488141201,98.85634588563458,97.73855488141201,1,1,3626,0,0,/media/echo/data/voxroom_roomseg_evaluation/grscene_remaining25_union_fixed0p5_batch32_dual_clean_20260816_0120/grscene/kujiale_grscene_MWAX5JYKTKJZ2AABAAAAAEI8_usd/attempt_01/roomseg_coverage_eval/events/milestone_020/tvars_original/roomseg_snapshots/roomseg_milestone_020_step_000022.npz,/media/echo/data/voxroom_roomseg_evaluation/grscene_all_available_gt_20260817/metrics_pr_f1_miou_excluding_training_grscenes_20260818_192125/match_visualizations/tvars_original/kujiale_grscene_MWAX5JYKTKJZ2AABAAAAAEI8_usd__kujiale_grscene_MWAX5JYKTKJZ2AABAAAAAEI8_usd__attempt_01__kujiale_grscene_MWAX5JYKTKJZ2AABAAAAAEI8_usd_grscene_frontier_000000/milestone_020.pred_gt_match.png
grscene,kujiale_grscene_MWAX5JYKTKJZ2AABAAAAAEI8_usd,kujiale_grscene_MWAX5JYKTKJZ2AABAAAAAEI8_usd__kujiale_grscene_MWAX5JYKTKJZ2AABAAAAAEI8_usd__attempt_01__kujiale_grscene_MWAX5JYKTKJZ2AABAAAAAEI8_usd_grscene_frontier_000000,voxroom,milestone_020,coverage_milestone,0.20121818577333042,0.2,False,22,1.0,0.9773855488141202,0.9885634588563458,0.9773855488141202,100.0,97.73855488141201,98.85634588563458,97.73855488141201,1,1,3626,0,0,/media/echo/data/voxroom_roomseg_evaluation/grscene_remaining25_union_fixed0p5_batch32_dual_clean_20260816_0120/grscene/kujiale_grscene_MWAX5JYKTKJZ2AABAAAAAEI8_usd/attempt_01/roomseg_coverage_eval/events/milestone_020/voxroom/roomseg_snapshots/roomseg_milestone_020_step_000022.npz,/media/echo/data/voxroom_roomseg_evaluation/grscene_all_available_gt_20260817/metrics_pr_f1_miou_excluding_training_grscenes_20260818_192125/match_visualizations/voxroom/kujiale_grscene_MWAX5JYKTKJZ2AABAAAAAEI8_usd__kujiale_grscene_MWAX5JYKTKJZ2AABAAAAAEI8_usd__attempt_01__kujiale_grscene_MWAX5JYKTKJZ2AABAAAAAEI8_usd_grscene_frontier_000000/milestone_020.pred_gt_match.png
grscene,kujiale_grscene_MWAX5JYKTKJZ2AABAAAAAEI8_usd,kujiale_grscene_MWAX5JYKTKJZ2AABAAAAAEI8_usd__kujiale_grscene_MWAX5JYKTKJZ2AABAAAAAEI8_usd__attempt_01__kujiale_grscene_MWAX5JYKTKJZ2AABAAAAAEI8_usd_grscene_frontier_000000,tvars_original,milestone_040,coverage_milestone,0.4007504894496411,0.4,False,79,0.8316355404640634,0.9913630389828694,0.9045017873472398,0.41099146972451406,83.16355404640635,99.13630389828694,90.45017873472399,41.09914697245141,2,1,7155,3,0,/media/echo/data/voxroom_roomseg_evaluation/grscene_remaining25_union_fixed0p5_batch32_dual_clean_20260816_0120/grscene/kujiale_grscene_MWAX5JYKTKJZ2AABAAAAAEI8_usd/attempt_01/roomseg_coverage_eval/events/milestone_040/tvars_original/roomseg_snapshots/roomseg_milestone_040_step_000079.npz,/media/echo/data/voxroom_roomseg_evaluation/grscene_all_available_gt_20260817/metrics_pr_f1_miou_excluding_training_grscenes_20260818_192125/match_visualizations/tvars_original/kujiale_grscene_MWAX5JYKTKJZ2AABAAAAAEI8_usd__kujiale_grscene_MWAX5JYKTKJZ2AABAAAAAEI8_usd__attempt_01__kujiale_grscene_MWAX5JYKTKJZ2AABAAAAAEI8_usd_grscene_frontier_000000/milestone_040.pred_gt_match.png
grscene,kujiale_grscene_MWAX5JYKTKJZ2AABAAAAAEI8_usd,kujiale_grscene_MWAX5JYKTKJZ2AABAAAAAEI8_usd__kujiale_grscene_MWAX5JYKTKJZ2AABAAAAAEI8_usd__attempt_01__kujiale_grscene_MWAX5JYKTKJZ2AABAAAAAEI8_usd_grscene_frontier_000000,voxroom,milestone_040,coverage_milestone,0.4007504894496411,0.4,False,79,1.0,0.9854139848715141,0.9926534137264931,0.9854139848715141,100.0,98.54139848715141,99.2653413726493,98.54139848715141,2,2,7155,3,0,/media/echo/data/voxroom_roomseg_evaluation/grscene_remaining25_union_fixed0p5_batch32_dual_clean_20260816_0120/grscene/kujiale_grscene_MWAX5JYKTKJZ2AABAAAAAEI8_usd/attempt_01/roomseg_coverage_eval/events/milestone_040/voxroom/roomseg_snapshots/roomseg_milestone_040_step_000079.npz,/media/echo/data/voxroom_roomseg_evaluation/grscene_all_available_gt_20260817/metrics_pr_f1_miou_excluding_training_grscenes_20260818_192125/match_visualizations/voxroom/kujiale_grscene_MWAX5JYKTKJZ2AABAAAAAEI8_usd__kujiale_grscene_MWAX5JYKTKJZ2AABAAAAAEI8_usd__attempt_01__kujiale_grscene_MWAX5JYKTKJZ2AABAAAAAEI8_usd_grscene_frontier_000000/milestone_040.pred_gt_match.png
grscene,kujiale_grscene_MWAX5JYKTKJZ2AABAAAAAEI8_usd,kujiale_grscene_MWAX5JYKTKJZ2AABAAAAAEI8_usd__kujiale_grscene_MWAX5JYKTKJZ2AABAAAAAEI8_usd__attempt_01__kujiale_grscene_MWAX5JYKTKJZ2AABAAAAAEI8_usd_grscene_frontier_000000,tvars_original,milestone_060,coverage_milestone,0.6041983902545138,0.6,False,162,0.8850967007963595,0.9612596557273698,0.9216073017397547,0.40738415728366945,88.50967007963595,96.12596557273699,92.16073017397547,40.738415728366945,6,3,10754,2,0,/media/echo/data/voxroom_roomseg_evaluation/grscene_remaining25_union_fixed0p5_batch32_dual_clean_20260816_0120/grscene/kujiale_grscene_MWAX5JYKTKJZ2AABAAAAAEI8_usd/attempt_01/roomseg_coverage_eval/events/milestone_060/tvars_original/roomseg_snapshots/roomseg_milestone_060_step_000162.npz,/media/echo/data/voxroom_roomseg_evaluation/grscene_all_available_gt_20260817/metrics_pr_f1_miou_excluding_training_grscenes_20260818_192125/match_visualizations/tvars_original/kujiale_grscene_MWAX5JYKTKJZ2AABAAAAAEI8_usd__kujiale_grscene_MWAX5JYKTKJZ2AABAAAAAEI8_usd__attempt_01__kujiale_grscene_MWAX5JYKTKJZ2AABAAAAAEI8_usd_grscene_frontier_000000/milestone_060.pred_gt_match.png
grscene,kujiale_grscene_MWAX5JYKTKJZ2AABAAAAAEI8_usd,kujiale_grscene_MWAX5JYKTKJZ2AABAAAAAEI8_usd__kujiale_grscene_MWAX5JYKTKJZ2AABAAAAAEI8_usd__attempt_01__kujiale_grscene_MWAX5JYKTKJZ2AABAAAAAEI8_usd_grscene_frontier_000000,voxroom,milestone_060,coverage_milestone,0.6041983902545138,0.6,False,162,0.9803930576387927,0.9365156485075524,0.9579521833491014,0.9177327520289736,98.03930576387927,93.65156485075524,95.79521833491013,91.77327520289737,6,6,10754,2,0,/media/echo/data/voxroom_roomseg_evaluation/grscene_remaining25_union_fixed0p5_batch32_dual_clean_20260816_0120/grscene/kujiale_grscene_MWAX5JYKTKJZ2AABAAAAAEI8_usd/attempt_01/roomseg_coverage_eval/events/milestone_060/voxroom/roomseg_snapshots/roomseg_milestone_060_step_000162.npz,/media/echo/data/voxroom_roomseg_evaluation/grscene_all_available_gt_20260817/metrics_pr_f1_miou_excluding_training_grscenes_20260818_192125/match_visualizations/voxroom/kujiale_grscene_MWAX5JYKTKJZ2AABAAAAAEI8_usd__kujiale_grscene_MWAX5JYKTKJZ2AABAAAAAEI8_usd__attempt_01__kujiale_grscene_MWAX5JYKTKJZ2AABAAAAAEI8_usd_grscene_frontier_000000/milestone_060.pred_gt_match.png
grscene,kujiale_grscene_MWAX5JYKTKJZ2AABAAAAAEI8_usd,kujiale_grscene_MWAX5JYKTKJZ2AABAAAAAEI8_usd__kujiale_grscene_MWAX5JYKTKJZ2AABAAAAAEI8_usd__attempt_01__kujiale_grscene_MWAX5JYKTKJZ2AABAAAAAEI8_usd_grscene_frontier_000000,tvars_original,milestone_070,coverage_milestone,0.7010006525995214,0.7,False,201,0.9002951484965873,0.9773451282669505,0.9372392446780915,0.43268843038991706,90.02951484965874,97.73451282669505,93.72392446780916,43.268843038991704,6,3,12526,2,0,/media/echo/data/voxroom_roomseg_evaluation/grscene_remaining25_union_fixed0p5_batch32_dual_clean_20260816_0120/grscene/kujiale_grscene_MWAX5JYKTKJZ2AABAAAAAEI8_usd/attempt_01/roomseg_coverage_eval/events/milestone_070/tvars_original/roomseg_snapshots/roomseg_milestone_070_step_000201.npz,/media/echo/data/voxroom_roomseg_evaluation/grscene_all_available_gt_20260817/metrics_pr_f1_miou_excluding_training_grscenes_20260818_192125/match_visualizations/tvars_original/kujiale_grscene_MWAX5JYKTKJZ2AABAAAAAEI8_usd__kujiale_grscene_MWAX5JYKTKJZ2AABAAAAAEI8_usd__attempt_01__kujiale_grscene_MWAX5JYKTKJZ2AABAAAAAEI8_usd_grscene_frontier_000000/milestone_070.pred_gt_match.png
grscene,kujiale_grscene_MWAX5JYKTKJZ2AABAAAAAEI8_usd,kujiale_grscene_MWAX5JYKTKJZ2AABAAAAAEI8_usd__kujiale_grscene_MWAX5JYKTKJZ2AABAAAAAEI8_usd__attempt_01__kujiale_grscene_MWAX5JYKTKJZ2AABAAAAAEI8_usd_grscene_frontier_000000,voxroom,milestone_070,coverage_milestone,0.7010006525995214,0.7,False,201,0.9263822734734038,0.9239196861049966,0.9251493410468006,0.8258084135115468,92.63822734734039,92.39196861049966,92.51493410468005,82.58084135115467,6,6,12526,2,0,/media/echo/data/voxroom_roomseg_evaluation/grscene_remaining25_union_fixed0p5_batch32_dual_clean_20260816_0120/grscene/kujiale_grscene_MWAX5JYKTKJZ2AABAAAAAEI8_usd/attempt_01/roomseg_coverage_eval/events/milestone_070/voxroom/roomseg_snapshots/roomseg_milestone_070_step_000201.npz,/media/echo/data/voxroom_roomseg_evaluation/grscene_all_available_gt_20260817/metrics_pr_f1_miou_excluding_training_grscenes_20260818_192125/match_visualizations/voxroom/kujiale_grscene_MWAX5JYKTKJZ2AABAAAAAEI8_usd__kujiale_grscene_MWAX5JYKTKJZ2AABAAAAAEI8_usd__attempt_01__kujiale_grscene_MWAX5JYKTKJZ2AABAAAAAEI8_usd_grscene_frontier_000000/milestone_070.pred_gt_match.png
grscene,kujiale_grscene_MWAX5JYKTKJZ2AABAAAAAEI8_usd,kujiale_grscene_MWAX5JYKTKJZ2AABAAAAAEI8_usd__kujiale_grscene_MWAX5JYKTKJZ2AABAAAAAEI8_usd__attempt_01__kujiale_grscene_MWAX5JYKTKJZ2AABAAAAAEI8_usd_grscene_frontier_000000,tvars_original,milestone_080,coverage_milestone,0.8002501631498804,0.8,False,341,0.9134569662387065,0.9819734136238373,0.9464768158891138,0.43951752987278087,91.34569662387065,98.19734136238372,94.64768158891138,43.951752987278084,6,3,14257,2,0,/media/echo/data/voxroom_roomseg_evaluation/grscene_remaining25_union_fixed0p5_batch32_dual_clean_20260816_0120/grscene/kujiale_grscene_MWAX5JYKTKJZ2AABAAAAAEI8_usd/attempt_01/roomseg_coverage_eval/events/milestone_080/tvars_original/roomseg_snapshots/roomseg_milestone_080_step_000341.npz,/media/echo/data/voxroom_roomseg_evaluation/grscene_all_available_gt_20260817/metrics_pr_f1_miou_excluding_training_grscenes_20260818_192125/match_visualizations/tvars_original/kujiale_grscene_MWAX5JYKTKJZ2AABAAAAAEI8_usd__kujiale_grscene_MWAX5JYKTKJZ2AABAAAAAEI8_usd__attempt_01__kujiale_grscene_MWAX5JYKTKJZ2AABAAAAAEI8_usd_grscene_frontier_000000/milestone_080.pred_gt_match.png
grscene,kujiale_grscene_MWAX5JYKTKJZ2AABAAAAAEI8_usd,kujiale_grscene_MWAX5JYKTKJZ2AABAAAAAEI8_usd__kujiale_grscene_MWAX5JYKTKJZ2AABAAAAAEI8_usd__attempt_01__kujiale_grscene_MWAX5JYKTKJZ2AABAAAAAEI8_usd_grscene_frontier_000000,voxroom,milestone_080,coverage_milestone,0.8002501631498804,0.8,False,341,0.9937313182608475,0.8848907075719085,0.9361580959452566,0.8812238058762825,99.37313182608474,88.48907075719085,93.61580959452566,88.12238058762824,6,7,14257,2,0,/media/echo/data/voxroom_roomseg_evaluation/grscene_remaining25_union_fixed0p5_batch32_dual_clean_20260816_0120/grscene/kujiale_grscene_MWAX5JYKTKJZ2AABAAAAAEI8_usd/attempt_01/roomseg_coverage_eval/events/milestone_080/voxroom/roomseg_snapshots/roomseg_milestone_080_step_000341.npz,/media/echo/data/voxroom_roomseg_evaluation/grscene_all_available_gt_20260817/metrics_pr_f1_miou_excluding_training_grscenes_20260818_192125/match_visualizations/voxroom/kujiale_grscene_MWAX5JYKTKJZ2AABAAAAAEI8_usd__kujiale_grscene_MWAX5JYKTKJZ2AABAAAAAEI8_usd__attempt_01__kujiale_grscene_MWAX5JYKTKJZ2AABAAAAAEI8_usd_grscene_frontier_000000/milestone_080.pred_gt_match.png
grscene,kujiale_grscene_MWAX5JYKTKJZ2AABAAAAAEI8_usd,kujiale_grscene_MWAX5JYKTKJZ2AABAAAAAEI8_usd__kujiale_grscene_MWAX5JYKTKJZ2AABAAAAAEI8_usd__attempt_01__kujiale_grscene_MWAX5JYKTKJZ2AABAAAAAEI8_usd_grscene_frontier_000000,tvars_original,milestone_090,coverage_milestone,0.9010767892103546,0.9,False,591,0.7720062110766763,0.9889856604000276,0.8671284460323418,0.3247443370960884,77.20062110766763,98.89856604000275,86.71284460323419,32.47443370960884,7,3,16192,1,0,/media/echo/data/voxroom_roomseg_evaluation/grscene_remaining25_union_fixed0p5_batch32_dual_clean_20260816_0120/grscene/kujiale_grscene_MWAX5JYKTKJZ2AABAAAAAEI8_usd/attempt_01/roomseg_coverage_eval/events/milestone_090/tvars_original/roomseg_snapshots/roomseg_milestone_090_step_000591.npz,/media/echo/data/voxroom_roomseg_evaluation/grscene_all_available_gt_20260817/metrics_pr_f1_miou_excluding_training_grscenes_20260818_192125/match_visualizations/tvars_original/kujiale_grscene_MWAX5JYKTKJZ2AABAAAAAEI8_usd__kujiale_grscene_MWAX5JYKTKJZ2AABAAAAAEI8_usd__attempt_01__kujiale_grscene_MWAX5JYKTKJZ2AABAAAAAEI8_usd_grscene_frontier_000000/milestone_090.pred_gt_match.png
grscene,kujiale_grscene_MWAX5JYKTKJZ2AABAAAAAEI8_usd,kujiale_grscene_MWAX5JYKTKJZ2AABAAAAAEI8_usd__kujiale_grscene_MWAX5JYKTKJZ2AABAAAAAEI8_usd__attempt_01__kujiale_grscene_MWAX5JYKTKJZ2AABAAAAAEI8_usd_grscene_frontier_000000,voxroom,milestone_090,coverage_milestone,0.9010767892103546,0.9,False,591,0.929245472231,0.9148411956452245,0.9219870775843372,0.7077518661582645,92.92454722309999,91.48411956452244,92.19870775843371,70.77518661582644,7,7,16192,1,0,/media/echo/data/voxroom_roomseg_evaluation/grscene_remaining25_union_fixed0p5_batch32_dual_clean_20260816_0120/grscene/kujiale_grscene_MWAX5JYKTKJZ2AABAAAAAEI8_usd/attempt_01/roomseg_coverage_eval/events/milestone_090/voxroom/roomseg_snapshots/roomseg_milestone_090_step_000591.npz,/media/echo/data/voxroom_roomseg_evaluation/grscene_all_available_gt_20260817/metrics_pr_f1_miou_excluding_training_grscenes_20260818_192125/match_visualizations/voxroom/kujiale_grscene_MWAX5JYKTKJZ2AABAAAAAEI8_usd__kujiale_grscene_MWAX5JYKTKJZ2AABAAAAAEI8_usd__attempt_01__kujiale_grscene_MWAX5JYKTKJZ2AABAAAAAEI8_usd_grscene_frontier_000000/milestone_090.pred_gt_match.png
grscene,kujiale_grscene_MWAX5JYKTKJZ2AABAAAAAEI8_usd,kujiale_grscene_MWAX5JYKTKJZ2AABAAAAAEI8_usd__kujiale_grscene_MWAX5JYKTKJZ2AABAAAAAEI8_usd__attempt_01__kujiale_grscene_MWAX5JYKTKJZ2AABAAAAAEI8_usd_grscene_frontier_000000,tvars_original,final,terminal_forced,0.9912986730476397,,True,662,0.7317451225944658,0.9916219284572432,0.8420893380356663,0.27042330617413457,73.17451225944657,99.16219284572432,84.20893380356664,27.042330617413455,8,3,17719,0,0,/media/echo/data/voxroom_roomseg_evaluation/grscene_remaining25_union_fixed0p5_batch32_dual_clean_20260816_0120/grscene/kujiale_grscene_MWAX5JYKTKJZ2AABAAAAAEI8_usd/attempt_01/roomseg_coverage_eval/events/final/tvars_original/roomseg_snapshots/roomseg_final_step_000662.npz,/media/echo/data/voxroom_roomseg_evaluation/grscene_all_available_gt_20260817/metrics_pr_f1_miou_excluding_training_grscenes_20260818_192125/match_visualizations/tvars_original/kujiale_grscene_MWAX5JYKTKJZ2AABAAAAAEI8_usd__kujiale_grscene_MWAX5JYKTKJZ2AABAAAAAEI8_usd__attempt_01__kujiale_grscene_MWAX5JYKTKJZ2AABAAAAAEI8_usd_grscene_frontier_000000/final.pred_gt_match.png
grscene,kujiale_grscene_MWAX5JYKTKJZ2AABAAAAAEI8_usd,kujiale_grscene_MWAX5JYKTKJZ2AABAAAAAEI8_usd__kujiale_grscene_MWAX5JYKTKJZ2AABAAAAAEI8_usd__attempt_01__kujiale_grscene_MWAX5JYKTKJZ2AABAAAAAEI8_usd_grscene_frontier_000000,voxroom,final,terminal_forced,0.9912986730476397,,True,662,0.9102757047721247,0.9218401692388845,0.9160214390851764,0.5978267624134859,91.02757047721248,92.18401692388845,91.60214390851765,59.78267624134859,8,7,17719,0,0,/media/echo/data/voxroom_roomseg_evaluation/grscene_remaining25_union_fixed0p5_batch32_dual_clean_20260816_0120/grscene/kujiale_grscene_MWAX5JYKTKJZ2AABAAAAAEI8_usd/attempt_01/roomseg_coverage_eval/events/final/voxroom/roomseg_snapshots/roomseg_final_step_000662.npz,/media/echo/data/voxroom_roomseg_evaluation/grscene_all_available_gt_20260817/metrics_pr_f1_miou_excluding_training_grscenes_20260818_192125/match_visualizations/voxroom/kujiale_grscene_MWAX5JYKTKJZ2AABAAAAAEI8_usd__kujiale_grscene_MWAX5JYKTKJZ2AABAAAAAEI8_usd__attempt_01__kujiale_grscene_MWAX5JYKTKJZ2AABAAAAAEI8_usd_grscene_frontier_000000/final.pred_gt_match.png
grscene,kujiale_grscene_MWBGLKQKTKJZ2AABAAAAAAA8_usd,kujiale_grscene_MWBGLKQKTKJZ2AABAAAAAAA8_usd__kujiale_grscene_MWBGLKQKTKJZ2AABAAAAAAA8_usd__attempt_01__kujiale_grscene_MWBGLKQKTKJZ2AABAAAAAAA8_usd_grscene_frontier_000000,tvars_original,milestone_020,coverage_milestone,0.20126348411705108,0.2,False,8,0.7904649793996468,0.9917478280438198,0.8797399762701118,0.521477591446288,79.04649793996468,99.17478280438198,87.97399762701119,52.1477591446288,3,2,3150,1,0,/media/echo/data/voxroom_roomseg_evaluation/grscene_remaining25_union_fixed0p5_batch32_dual_clean_20260816_0120/grscene/kujiale_grscene_MWBGLKQKTKJZ2AABAAAAAAA8_usd/attempt_01/roomseg_coverage_eval/events/milestone_020/tvars_original/roomseg_snapshots/roomseg_milestone_020_step_000008.npz,/media/echo/data/voxroom_roomseg_evaluation/grscene_all_available_gt_20260817/metrics_pr_f1_miou_excluding_training_grscenes_20260818_192125/match_visualizations/tvars_original/kujiale_grscene_MWBGLKQKTKJZ2AABAAAAAAA8_usd__kujiale_grscene_MWBGLKQKTKJZ2AABAAAAAAA8_usd__attempt_01__kujiale_grscene_MWBGLKQKTKJZ2AABAAAAAAA8_usd_grscene_frontier_000000/milestone_020.pred_gt_match.png
grscene,kujiale_grscene_MWBGLKQKTKJZ2AABAAAAAAA8_usd,kujiale_grscene_MWBGLKQKTKJZ2AABAAAAAAA8_usd__kujiale_grscene_MWBGLKQKTKJZ2AABAAAAAAA8_usd__attempt_01__kujiale_grscene_MWBGLKQKTKJZ2AABAAAAAAA8_usd_grscene_frontier_000000,voxroom,milestone_020,coverage_milestone,0.20126348411705108,0.2,False,8,0.7923578199052133,0.9908301863828882,0.8805488188683764,0.5218129489855698,79.23578199052133,99.08301863828882,88.05488188683765,52.181294898556985,3,2,3150,1,0,/media/echo/data/voxroom_roomseg_evaluation/grscene_remaining25_union_fixed0p5_batch32_dual_clean_20260816_0120/grscene/kujiale_grscene_MWBGLKQKTKJZ2AABAAAAAAA8_usd/attempt_01/roomseg_coverage_eval/events/milestone_020/voxroom/roomseg_snapshots/roomseg_milestone_020_step_000008.npz,/media/echo/data/voxroom_roomseg_evaluation/grscene_all_available_gt_20260817/metrics_pr_f1_miou_excluding_training_grscenes_20260818_192125/match_visualizations/voxroom/kujiale_grscene_MWBGLKQKTKJZ2AABAAAAAAA8_usd__kujiale_grscene_MWBGLKQKTKJZ2AABAAAAAAA8_usd__attempt_01__kujiale_grscene_MWBGLKQKTKJZ2AABAAAAAAA8_usd_grscene_frontier_000000/milestone_020.pred_gt_match.png
grscene,kujiale_grscene_MWBGLKQKTKJZ2AABAAAAAAA8_usd,kujiale_grscene_MWBGLKQKTKJZ2AABAAAAAAA8_usd__kujiale_grscene_MWBGLKQKTKJZ2AABAAAAAAA8_usd__attempt_01__kujiale_grscene_MWBGLKQKTKJZ2AABAAAAAAA8_usd_grscene_frontier_000000,tvars_original,milestone_040,coverage_milestone,0.41200309911198524,0.4,False,82,0.9272812597562861,0.9712442205138392,0.9487537288158426,0.675590345415531,92.7281259756286,97.12442205138392,94.87537288158427,67.5590345415531,4,3,6720,1,0,/media/echo/data/voxroom_roomseg_evaluation/grscene_remaining25_union_fixed0p5_batch32_dual_clean_20260816_0120/grscene/kujiale_grscene_MWBGLKQKTKJZ2AABAAAAAAA8_usd/attempt_01/roomseg_coverage_eval/events/milestone_040/tvars_original/roomseg_snapshots/roomseg_milestone_040_step_000082.npz,/media/echo/data/voxroom_roomseg_evaluation/grscene_all_available_gt_20260817/metrics_pr_f1_miou_excluding_training_grscenes_20260818_192125/match_visualizations/tvars_original/kujiale_grscene_MWBGLKQKTKJZ2AABAAAAAAA8_usd__kujiale_grscene_MWBGLKQKTKJZ2AABAAAAAAA8_usd__attempt_01__kujiale_grscene_MWBGLKQKTKJZ2AABAAAAAAA8_usd_grscene_frontier_000000/milestone_040.pred_gt_match.png
grscene,kujiale_grscene_MWBGLKQKTKJZ2AABAAAAAAA8_usd,kujiale_grscene_MWBGLKQKTKJZ2AABAAAAAAA8_usd__kujiale_grscene_MWBGLKQKTKJZ2AABAAAAAAA8_usd__attempt_01__kujiale_grscene_MWBGLKQKTKJZ2AABAAAAAAA8_usd_grscene_frontier_000000,voxroom,milestone_040,coverage_milestone,0.41200309911198524,0.4,False,82,0.8661440185830429,0.9687898299725767,0.9145959317883232,0.4281247108376366,86.61440185830429,96.87898299725767,91.45959317883232,42.81247108376366,4,2,6720,1,0,/media/echo/data/voxroom_roomseg_evaluation/grscene_remaining25_union_fixed0p5_batch32_dual_clean_20260816_0120/grscene/kujiale_grscene_MWBGLKQKTKJZ2AABAAAAAAA8_usd/attempt_01/roomseg_coverage_eval/events/milestone_040/voxroom/roomseg_snapshots/roomseg_milestone_040_step_000082.npz,/media/echo/data/voxroom_roomseg_evaluation/grscene_all_available_gt_20260817/metrics_pr_f1_miou_excluding_training_grscenes_20260818_192125/match_visualizations/voxroom/kujiale_grscene_MWBGLKQKTKJZ2AABAAAAAAA8_usd__kujiale_grscene_MWBGLKQKTKJZ2AABAAAAAAA8_usd__attempt_01__kujiale_grscene_MWBGLKQKTKJZ2AABAAAAAAA8_usd_grscene_frontier_000000/milestone_040.pred_gt_match.png
grscene,kujiale_grscene_MWBGLKQKTKJZ2AABAAAAAAA8_usd,kujiale_grscene_MWBGLKQKTKJZ2AABAAAAAAA8_usd__kujiale_grscene_MWBGLKQKTKJZ2AABAAAAAAA8_usd__attempt_01__kujiale_grscene_MWBGLKQKTKJZ2AABAAAAAAA8_usd_grscene_frontier_000000,tvars_original,milestone_060,coverage_milestone,0.606174384647476,0.6,False,107,0.9251418364247216,0.974324118891103,0.9490962468700208,0.5393902325414912,92.51418364247216,97.4324118891103,94.90962468700208,53.93902325414912,5,3,9717,2,0,/media/echo/data/voxroom_roomseg_evaluation/grscene_remaining25_union_fixed0p5_batch32_dual_clean_20260816_0120/grscene/kujiale_grscene_MWBGLKQKTKJZ2AABAAAAAAA8_usd/attempt_01/roomseg_coverage_eval/events/milestone_060/tvars_original/roomseg_snapshots/roomseg_milestone_060_step_000107.npz,/media/echo/data/voxroom_roomseg_evaluation/grscene_all_available_gt_20260817/metrics_pr_f1_miou_excluding_training_grscenes_20260818_192125/match_visualizations/tvars_original/kujiale_grscene_MWBGLKQKTKJZ2AABAAAAAAA8_usd__kujiale_grscene_MWBGLKQKTKJZ2AABAAAAAAA8_usd__attempt_01__kujiale_grscene_MWBGLKQKTKJZ2AABAAAAAAA8_usd_grscene_frontier_000000/milestone_060.pred_gt_match.png
grscene,kujiale_grscene_MWBGLKQKTKJZ2AABAAAAAAA8_usd,kujiale_grscene_MWBGLKQKTKJZ2AABAAAAAAA8_usd__kujiale_grscene_MWBGLKQKTKJZ2AABAAAAAAA8_usd__attempt_01__kujiale_grscene_MWBGLKQKTKJZ2AABAAAAAAA8_usd_grscene_frontier_000000,voxroom,milestone_060,coverage_milestone,0.606174384647476,0.6,False,107,0.8735014213323447,0.9706990980691046,0.919538881948242,0.3446385306254497,87.35014213323447,97.06990980691046,91.9538881948242,34.46385306254497,5,2,9717,2,0,/media/echo/data/voxroom_roomseg_evaluation/grscene_remaining25_union_fixed0p5_batch32_dual_clean_20260816_0120/grscene/kujiale_grscene_MWBGLKQKTKJZ2AABAAAAAAA8_usd/attempt_01/roomseg_coverage_eval/events/milestone_060/voxroom/roomseg_snapshots/roomseg_milestone_060_step_000107.npz,/media/echo/data/voxroom_roomseg_evaluation/grscene_all_available_gt_20260817/metrics_pr_f1_miou_excluding_training_grscenes_20260818_192125/match_visualizations/voxroom/kujiale_grscene_MWBGLKQKTKJZ2AABAAAAAAA8_usd__kujiale_grscene_MWBGLKQKTKJZ2AABAAAAAAA8_usd__attempt_01__kujiale_grscene_MWBGLKQKTKJZ2AABAAAAAAA8_usd_grscene_frontier_000000/milestone_060.pred_gt_match.png
grscene,kujiale_grscene_MWBGLKQKTKJZ2AABAAAAAAA8_usd,kujiale_grscene_MWBGLKQKTKJZ2AABAAAAAAA8_usd__kujiale_grscene_MWBGLKQKTKJZ2AABAAAAAAA8_usd__attempt_01__kujiale_grscene_MWBGLKQKTKJZ2AABAAAAAAA8_usd_grscene_frontier_000000,tvars_original,milestone_070,coverage_milestone,0.7058227546337684,0.7,False,131,0.9032411692693559,0.9804642761664965,0.9402698297414005,0.43914345696761564,90.32411692693559,98.04642761664965,94.02698297414005,43.914345696761565,6,3,11383,1,0,/media/echo/data/voxroom_roomseg_evaluation/grscene_remaining25_union_fixed0p5_batch32_dual_clean_20260816_0120/grscene/kujiale_grscene_MWBGLKQKTKJZ2AABAAAAAAA8_usd/attempt_01/roomseg_coverage_eval/events/milestone_070/tvars_original/roomseg_snapshots/roomseg_milestone_070_step_000131.npz,/media/echo/data/voxroom_roomseg_evaluation/grscene_all_available_gt_20260817/metrics_pr_f1_miou_excluding_training_grscenes_20260818_192125/match_visualizations/tvars_original/kujiale_grscene_MWBGLKQKTKJZ2AABAAAAAAA8_usd__kujiale_grscene_MWBGLKQKTKJZ2AABAAAAAAA8_usd__attempt_01__kujiale_grscene_MWBGLKQKTKJZ2AABAAAAAAA8_usd_grscene_frontier_000000/milestone_070.pred_gt_match.png
grscene,kujiale_grscene_MWBGLKQKTKJZ2AABAAAAAAA8_usd,kujiale_grscene_MWBGLKQKTKJZ2AABAAAAAAA8_usd__kujiale_grscene_MWBGLKQKTKJZ2AABAAAAAAA8_usd__attempt_01__kujiale_grscene_MWBGLKQKTKJZ2AABAAAAAAA8_usd_grscene_frontier_000000,voxroom,milestone_070,coverage_milestone,0.7058227546337684,0.7,False,131,0.9110254951391025,0.9769221815625079,0.9428238135553164,0.45114077638224476,91.10254951391025,97.69221815625079,94.28238135553164,45.11407763822447,6,3,11383,1,0,/media/echo/data/voxroom_roomseg_evaluation/grscene_remaining25_union_fixed0p5_batch32_dual_clean_20260816_0120/grscene/kujiale_grscene_MWBGLKQKTKJZ2AABAAAAAAA8_usd/attempt_01/roomseg_coverage_eval/events/milestone_070/voxroom/roomseg_snapshots/roomseg_milestone_070_step_000131.npz,/media/echo/data/voxroom_roomseg_evaluation/grscene_all_available_gt_20260817/metrics_pr_f1_miou_excluding_training_grscenes_20260818_192125/match_visualizations/voxroom/kujiale_grscene_MWBGLKQKTKJZ2AABAAAAAAA8_usd__kujiale_grscene_MWBGLKQKTKJZ2AABAAAAAAA8_usd__attempt_01__kujiale_grscene_MWBGLKQKTKJZ2AABAAAAAAA8_usd_grscene_frontier_000000/milestone_070.pred_gt_match.png
grscene,kujiale_grscene_MWBGLKQKTKJZ2AABAAAAAAA8_usd,kujiale_grscene_MWBGLKQKTKJZ2AABAAAAAAA8_usd__kujiale_grscene_MWBGLKQKTKJZ2AABAAAAAAA8_usd__attempt_01__kujiale_grscene_MWBGLKQKTKJZ2AABAAAAAAA8_usd_grscene_frontier_000000,tvars_original,milestone_080,coverage_milestone,0.8001668752607426,0.8,False,198,0.8843428302061481,0.9799288688767085,0.9296853776511924,0.4314858366122859,88.43428302061481,97.99288688767085,92.96853776511924,43.14858366122859,8,4,13135,0,0,/media/echo/data/voxroom_roomseg_evaluation/grscene_remaining25_union_fixed0p5_batch32_dual_clean_20260816_0120/grscene/kujiale_grscene_MWBGLKQKTKJZ2AABAAAAAAA8_usd/attempt_01/roomseg_coverage_eval/events/milestone_080/tvars_original/roomseg_snapshots/roomseg_milestone_080_step_000198.npz,/media/echo/data/voxroom_roomseg_evaluation/grscene_all_available_gt_20260817/metrics_pr_f1_miou_excluding_training_grscenes_20260818_192125/match_visualizations/tvars_original/kujiale_grscene_MWBGLKQKTKJZ2AABAAAAAAA8_usd__kujiale_grscene_MWBGLKQKTKJZ2AABAAAAAAA8_usd__attempt_01__kujiale_grscene_MWBGLKQKTKJZ2AABAAAAAAA8_usd_grscene_frontier_000000/milestone_080.pred_gt_match.png
grscene,kujiale_grscene_MWBGLKQKTKJZ2AABAAAAAAA8_usd,kujiale_grscene_MWBGLKQKTKJZ2AABAAAAAAA8_usd__kujiale_grscene_MWBGLKQKTKJZ2AABAAAAAAA8_usd__attempt_01__kujiale_grscene_MWBGLKQKTKJZ2AABAAAAAAA8_usd_grscene_frontier_000000,voxroom,milestone_080,coverage_milestone,0.8001668752607426,0.8,False,198,0.9533469698599664,0.8421451209649025,0.8943024626584721,0.5766118440044958,95.33469698599663,84.21451209649024,89.43024626584722,57.661184400449585,8,5,13135,0,1,/media/echo/data/voxroom_roomseg_evaluation/grscene_remaining25_union_fixed0p5_batch32_dual_clean_20260816_0120/grscene/kujiale_grscene_MWBGLKQKTKJZ2AABAAAAAAA8_usd/attempt_01/roomseg_coverage_eval/events/milestone_080/voxroom/roomseg_snapshots/roomseg_milestone_080_step_000198.npz,/media/echo/data/voxroom_roomseg_evaluation/grscene_all_available_gt_20260817/metrics_pr_f1_miou_excluding_training_grscenes_20260818_192125/match_visualizations/voxroom/kujiale_grscene_MWBGLKQKTKJZ2AABAAAAAAA8_usd__kujiale_grscene_MWBGLKQKTKJZ2AABAAAAAAA8_usd__attempt_01__kujiale_grscene_MWBGLKQKTKJZ2AABAAAAAAA8_usd_grscene_frontier_000000/milestone_080.pred_gt_match.png
grscene,kujiale_grscene_MWBGLKQKTKJZ2AABAAAAAAA8_usd,kujiale_grscene_MWBGLKQKTKJZ2AABAAAAAAA8_usd__kujiale_grscene_MWBGLKQKTKJZ2AABAAAAAAA8_usd__attempt_01__kujiale_grscene_MWBGLKQKTKJZ2AABAAAAAAA8_usd_grscene_frontier_000000,tvars_original,milestone_090,coverage_milestone,0.9030335538470707,0.9,False,343,0.9101999268402098,0.9836443645792821,0.9454980356445079,0.5580213385000472,91.01999268402098,98.3644364579282,94.54980356445078,55.80213385000472,8,5,14801,0,0,/media/echo/data/voxroom_roomseg_evaluation/grscene_remaining25_union_fixed0p5_batch32_dual_clean_20260816_0120/grscene/kujiale_grscene_MWBGLKQKTKJZ2AABAAAAAAA8_usd/attempt_01/roomseg_coverage_eval/events/milestone_090/tvars_original/roomseg_snapshots/roomseg_milestone_090_step_000343.npz,/media/echo/data/voxroom_roomseg_evaluation/grscene_all_available_gt_20260817/metrics_pr_f1_miou_excluding_training_grscenes_20260818_192125/match_visualizations/tvars_original/kujiale_grscene_MWBGLKQKTKJZ2AABAAAAAAA8_usd__kujiale_grscene_MWBGLKQKTKJZ2AABAAAAAAA8_usd__attempt_01__kujiale_grscene_MWBGLKQKTKJZ2AABAAAAAAA8_usd_grscene_frontier_000000/milestone_090.pred_gt_match.png
grscene,kujiale_grscene_MWBGLKQKTKJZ2AABAAAAAAA8_usd,kujiale_grscene_MWBGLKQKTKJZ2AABAAAAAAA8_usd__kujiale_grscene_MWBGLKQKTKJZ2AABAAAAAAA8_usd__attempt_01__kujiale_grscene_MWBGLKQKTKJZ2AABAAAAAAA8_usd_grscene_frontier_000000,voxroom,milestone_090,coverage_milestone,0.9030335538470707,0.9,False,343,0.9453913316275326,0.9590839732550887,0.9521884293208375,0.8011292199446928,94.53913316275326,95.90839732550887,95.21884293208375,80.11292199446927,8,7,14801,0,0,/media/echo/data/voxroom_roomseg_evaluation/grscene_remaining25_union_fixed0p5_batch32_dual_clean_20260816_0120/grscene/kujiale_grscene_MWBGLKQKTKJZ2AABAAAAAAA8_usd/attempt_01/roomseg_coverage_eval/events/milestone_090/voxroom/roomseg_snapshots/roomseg_milestone_090_step_000343.npz,/media/echo/data/voxroom_roomseg_evaluation/grscene_all_available_gt_20260817/metrics_pr_f1_miou_excluding_training_grscenes_20260818_192125/match_visualizations/voxroom/kujiale_grscene_MWBGLKQKTKJZ2AABAAAAAAA8_usd__kujiale_grscene_MWBGLKQKTKJZ2AABAAAAAAA8_usd__attempt_01__kujiale_grscene_MWBGLKQKTKJZ2AABAAAAAAA8_usd_grscene_frontier_000000/milestone_090.pred_gt_match.png
grscene,kujiale_grscene_MWBGLKQKTKJZ2AABAAAAAAA8_usd,kujiale_grscene_MWBGLKQKTKJZ2AABAAAAAAA8_usd__kujiale_grscene_MWBGLKQKTKJZ2AABAAAAAAA8_usd__attempt_01__kujiale_grscene_MWBGLKQKTKJZ2AABAAAAAAA8_usd_grscene_frontier_000000,tvars_original,final,terminal_forced,0.9972584778592288,,True,828,0.9039057884481778,0.9970392645805177,0.9481910706767175,0.5630693077688386,90.39057884481778,99.70392645805177,94.81910706767175,56.30693077688386,8,5,16335,0,0,/media/echo/data/voxroom_roomseg_evaluation/grscene_remaining25_union_fixed0p5_batch32_dual_clean_20260816_0120/grscene/kujiale_grscene_MWBGLKQKTKJZ2AABAAAAAAA8_usd/attempt_01/roomseg_coverage_eval/events/final/tvars_original/roomseg_snapshots/roomseg_final_step_000828.npz,/media/echo/data/voxroom_roomseg_evaluation/grscene_all_available_gt_20260817/metrics_pr_f1_miou_excluding_training_grscenes_20260818_192125/match_visualizations/tvars_original/kujiale_grscene_MWBGLKQKTKJZ2AABAAAAAAA8_usd__kujiale_grscene_MWBGLKQKTKJZ2AABAAAAAAA8_usd__attempt_01__kujiale_grscene_MWBGLKQKTKJZ2AABAAAAAAA8_usd_grscene_frontier_000000/final.pred_gt_match.png
grscene,kujiale_grscene_MWBGLKQKTKJZ2AABAAAAAAA8_usd,kujiale_grscene_MWBGLKQKTKJZ2AABAAAAAAA8_usd__kujiale_grscene_MWBGLKQKTKJZ2AABAAAAAAA8_usd__attempt_01__kujiale_grscene_MWBGLKQKTKJZ2AABAAAAAAA8_usd_grscene_frontier_000000,voxroom,final,terminal_forced,0.9972584778592288,,True,828,0.9559801036823374,0.9238894173635401,0.9396608553032194,0.759399359262094,95.59801036823374,92.38894173635401,93.96608553032195,75.9399359262094,8,8,16335,0,0,/media/echo/data/voxroom_roomseg_evaluation/grscene_remaining25_union_fixed0p5_batch32_dual_clean_20260816_0120/grscene/kujiale_grscene_MWBGLKQKTKJZ2AABAAAAAAA8_usd/attempt_01/roomseg_coverage_eval/events/final/voxroom/roomseg_snapshots/roomseg_final_step_000828.npz,/media/echo/data/voxroom_roomseg_evaluation/grscene_all_available_gt_20260817/metrics_pr_f1_miou_excluding_training_grscenes_20260818_192125/match_visualizations/voxroom/kujiale_grscene_MWBGLKQKTKJZ2AABAAAAAAA8_usd__kujiale_grscene_MWBGLKQKTKJZ2AABAAAAAAA8_usd__attempt_01__kujiale_grscene_MWBGLKQKTKJZ2AABAAAAAAA8_usd_grscene_frontier_000000/final.pred_gt_match.png
grscene,kujiale_grscene_MWBGLKQKTKJZ2AABAAAAAAI8_usd,kujiale_grscene_MWBGLKQKTKJZ2AABAAAAAAI8_usd__kujiale_grscene_MWBGLKQKTKJZ2AABAAAAAAI8_usd__attempt_01__kujiale_grscene_MWBGLKQKTKJZ2AABAAAAAAI8_usd_grscene_frontier_000000,tvars_original,milestone_020,coverage_milestone,0.3260283209710047,0.2,False,0,0.9112107623318386,0.9010360426230535,0.9060948398884904,0.45389563974267333,91.12107623318386,90.10360426230535,90.60948398884904,45.38956397426733,2,1,5715,2,0,/media/echo/data/voxroom_roomseg_evaluation/grscene_remaining25_union_fixed0p5_batch32_dual_clean_20260816_0120/grscene/kujiale_grscene_MWBGLKQKTKJZ2AABAAAAAAI8_usd/attempt_01/roomseg_coverage_eval/events/milestone_020/tvars_original/roomseg_snapshots/roomseg_milestone_020_step_000000.npz,/media/echo/data/voxroom_roomseg_evaluation/grscene_all_available_gt_20260817/metrics_pr_f1_miou_excluding_training_grscenes_20260818_192125/match_visualizations/tvars_original/kujiale_grscene_MWBGLKQKTKJZ2AABAAAAAAI8_usd__kujiale_grscene_MWBGLKQKTKJZ2AABAAAAAAI8_usd__attempt_01__kujiale_grscene_MWBGLKQKTKJZ2AABAAAAAAI8_usd_grscene_frontier_000000/milestone_020.pred_gt_match.png
grscene,kujiale_grscene_MWBGLKQKTKJZ2AABAAAAAAI8_usd,kujiale_grscene_MWBGLKQKTKJZ2AABAAAAAAI8_usd__kujiale_grscene_MWBGLKQKTKJZ2AABAAAAAAI8_usd__attempt_01__kujiale_grscene_MWBGLKQKTKJZ2AABAAAAAAI8_usd_grscene_frontier_000000,voxroom,milestone_020,coverage_milestone,0.3260283209710047,0.2,False,0,0.8965760677726792,0.9751402771507407,0.9342093288717235,0.4466326710040443,89.65760677726792,97.51402771507406,93.42093288717234,44.66326710040443,2,1,5715,2,0,/media/echo/data/voxroom_roomseg_evaluation/grscene_remaining25_union_fixed0p5_batch32_dual_clean_20260816_0120/grscene/kujiale_grscene_MWBGLKQKTKJZ2AABAAAAAAI8_usd/attempt_01/roomseg_coverage_eval/events/milestone_020/voxroom/roomseg_snapshots/roomseg_milestone_020_step_000000.npz,/media/echo/data/voxroom_roomseg_evaluation/grscene_all_available_gt_20260817/metrics_pr_f1_miou_excluding_training_grscenes_20260818_192125/match_visualizations/voxroom/kujiale_grscene_MWBGLKQKTKJZ2AABAAAAAAI8_usd__kujiale_grscene_MWBGLKQKTKJZ2AABAAAAAAI8_usd__attempt_01__kujiale_grscene_MWBGLKQKTKJZ2AABAAAAAAI8_usd_grscene_frontier_000000/milestone_020.pred_gt_match.png
grscene,kujiale_grscene_MWBGLKQKTKJZ2AABAAAAAAI8_usd,kujiale_grscene_MWBGLKQKTKJZ2AABAAAAAAI8_usd__kujiale_grscene_MWBGLKQKTKJZ2AABAAAAAAI8_usd__attempt_01__kujiale_grscene_MWBGLKQKTKJZ2AABAAAAAAI8_usd_grscene_frontier_000000,tvars_original,milestone_040,coverage_milestone,0.4232973701955496,0.4,False,20,0.683901236950547,0.8735669876330496,0.7671855309422254,0.304710982978599,68.39012369505471,87.35669876330496,76.71855309422254,30.4710982978599,4,2,7356,1,0,/media/echo/data/voxroom_roomseg_evaluation/grscene_remaining25_union_fixed0p5_batch32_dual_clean_20260816_0120/grscene/kujiale_grscene_MWBGLKQKTKJZ2AABAAAAAAI8_usd/attempt_01/roomseg_coverage_eval/events/milestone_040/tvars_original/roomseg_snapshots/roomseg_milestone_040_step_000020.npz,/media/echo/data/voxroom_roomseg_evaluation/grscene_all_available_gt_20260817/metrics_pr_f1_miou_excluding_training_grscenes_20260818_192125/match_visualizations/tvars_original/kujiale_grscene_MWBGLKQKTKJZ2AABAAAAAAI8_usd__kujiale_grscene_MWBGLKQKTKJZ2AABAAAAAAI8_usd__attempt_01__kujiale_grscene_MWBGLKQKTKJZ2AABAAAAAAI8_usd_grscene_frontier_000000/milestone_040.pred_gt_match.png
grscene,kujiale_grscene_MWBGLKQKTKJZ2AABAAAAAAI8_usd,kujiale_grscene_MWBGLKQKTKJZ2AABAAAAAAI8_usd__kujiale_grscene_MWBGLKQKTKJZ2AABAAAAAAI8_usd__attempt_01__kujiale_grscene_MWBGLKQKTKJZ2AABAAAAAAI8_usd_grscene_frontier_000000,voxroom,milestone_040,coverage_milestone,0.4232973701955496,0.4,False,20,0.8632015524003444,0.982072142272225,0.9188080881724587,0.43066192223137173,86.32015524003444,98.2072142272225,91.88080881724588,43.06619222313717,4,2,7356,1,0,/media/echo/data/voxroom_roomseg_evaluation/grscene_remaining25_union_fixed0p5_batch32_dual_clean_20260816_0120/grscene/kujiale_grscene_MWBGLKQKTKJZ2AABAAAAAAI8_usd/attempt_01/roomseg_coverage_eval/events/milestone_040/voxroom/roomseg_snapshots/roomseg_milestone_040_step_000020.npz,/media/echo/data/voxroom_roomseg_evaluation/grscene_all_available_gt_20260817/metrics_pr_f1_miou_excluding_training_grscenes_20260818_192125/match_visualizations/voxroom/kujiale_grscene_MWBGLKQKTKJZ2AABAAAAAAI8_usd__kujiale_grscene_MWBGLKQKTKJZ2AABAAAAAAI8_usd__attempt_01__kujiale_grscene_MWBGLKQKTKJZ2AABAAAAAAI8_usd_grscene_frontier_000000/milestone_040.pred_gt_match.png
grscene,kujiale_grscene_MWBGLKQKTKJZ2AABAAAAAAI8_usd,kujiale_grscene_MWBGLKQKTKJZ2AABAAAAAAI8_usd__kujiale_grscene_MWBGLKQKTKJZ2AABAAAAAAI8_usd__attempt_01__kujiale_grscene_MWBGLKQKTKJZ2AABAAAAAAI8_usd_grscene_frontier_000000,tvars_original,milestone_060,coverage_milestone,0.6019892110586649,0.6,False,128,0.7290225001671219,0.8051795217032085,0.7652108126931574,0.2796052557505793,72.90225001671219,80.51795217032085,76.52108126931574,27.960525575057932,7,3,10428,1,0,/media/echo/data/voxroom_roomseg_evaluation/grscene_remaining25_union_fixed0p5_batch32_dual_clean_20260816_0120/grscene/kujiale_grscene_MWBGLKQKTKJZ2AABAAAAAAI8_usd/attempt_01/roomseg_coverage_eval/events/milestone_060/tvars_original/roomseg_snapshots/roomseg_milestone_060_step_000128.npz,/media/echo/data/voxroom_roomseg_evaluation/grscene_all_available_gt_20260817/metrics_pr_f1_miou_excluding_training_grscenes_20260818_192125/match_visualizations/tvars_original/kujiale_grscene_MWBGLKQKTKJZ2AABAAAAAAI8_usd__kujiale_grscene_MWBGLKQKTKJZ2AABAAAAAAI8_usd__attempt_01__kujiale_grscene_MWBGLKQKTKJZ2AABAAAAAAI8_usd_grscene_frontier_000000/milestone_060.pred_gt_match.png
grscene,kujiale_grscene_MWBGLKQKTKJZ2AABAAAAAAI8_usd,kujiale_grscene_MWBGLKQKTKJZ2AABAAAAAAI8_usd__kujiale_grscene_MWBGLKQKTKJZ2AABAAAAAAI8_usd__attempt_01__kujiale_grscene_MWBGLKQKTKJZ2AABAAAAAAI8_usd_grscene_frontier_000000,voxroom,milestone_060,coverage_milestone,0.6019892110586649,0.6,False,128,0.8860531064707399,0.8897924295507176,0.8879188311432443,0.37546207210261656,88.60531064707399,88.97924295507175,88.79188311432443,37.546207210261656,7,3,10428,1,1,/media/echo/data/voxroom_roomseg_evaluation/grscene_remaining25_union_fixed0p5_batch32_dual_clean_20260816_0120/grscene/kujiale_grscene_MWBGLKQKTKJZ2AABAAAAAAI8_usd/attempt_01/roomseg_coverage_eval/events/milestone_060/voxroom/roomseg_snapshots/roomseg_milestone_060_step_000128.npz,/media/echo/data/voxroom_roomseg_evaluation/grscene_all_available_gt_20260817/metrics_pr_f1_miou_excluding_training_grscenes_20260818_192125/match_visualizations/voxroom/kujiale_grscene_MWBGLKQKTKJZ2AABAAAAAAI8_usd__kujiale_grscene_MWBGLKQKTKJZ2AABAAAAAAI8_usd__attempt_01__kujiale_grscene_MWBGLKQKTKJZ2AABAAAAAAI8_usd_grscene_frontier_000000/milestone_060.pred_gt_match.png
grscene,kujiale_grscene_MWBGLKQKTKJZ2AABAAAAAAI8_usd,kujiale_grscene_MWBGLKQKTKJZ2AABAAAAAAI8_usd__kujiale_grscene_MWBGLKQKTKJZ2AABAAAAAAI8_usd__attempt_01__kujiale_grscene_MWBGLKQKTKJZ2AABAAAAAAI8_usd_grscene_frontier_000000,tvars_original,milestone_070,coverage_milestone,0.7026298044504383,0.7,False,276,0.7782028241318548,0.9086563372192805,0.8383852594107088,0.3593900593506543,77.82028241318548,90.86563372192805,83.83852594107088,35.93900593506543,8,4,12343,0,0,/media/echo/data/voxroom_roomseg_evaluation/grscene_remaining25_union_fixed0p5_batch32_dual_clean_20260816_0120/grscene/kujiale_grscene_MWBGLKQKTKJZ2AABAAAAAAI8_usd/attempt_01/roomseg_coverage_eval/events/milestone_070/tvars_original/roomseg_snapshots/roomseg_milestone_070_step_000276.npz,/media/echo/data/voxroom_roomseg_evaluation/grscene_all_available_gt_20260817/metrics_pr_f1_miou_excluding_training_grscenes_20260818_192125/match_visualizations/tvars_original/kujiale_grscene_MWBGLKQKTKJZ2AABAAAAAAI8_usd__kujiale_grscene_MWBGLKQKTKJZ2AABAAAAAAI8_usd__attempt_01__kujiale_grscene_MWBGLKQKTKJZ2AABAAAAAAI8_usd_grscene_frontier_000000/milestone_070.pred_gt_match.png
grscene,kujiale_grscene_MWBGLKQKTKJZ2AABAAAAAAI8_usd,kujiale_grscene_MWBGLKQKTKJZ2AABAAAAAAI8_usd__kujiale_grscene_MWBGLKQKTKJZ2AABAAAAAAI8_usd__attempt_01__kujiale_grscene_MWBGLKQKTKJZ2AABAAAAAAI8_usd_grscene_frontier_000000,voxroom,milestone_070,coverage_milestone,0.7026298044504383,0.7,False,276,0.9143150616986304,0.9768532512015338,0.9445501328997659,0.6749154181650184,91.43150616986304,97.68532512015338,94.45501328997659,67.49154181650184,8,6,12343,0,0,/media/echo/data/voxroom_roomseg_evaluation/grscene_remaining25_union_fixed0p5_batch32_dual_clean_20260816_0120/grscene/kujiale_grscene_MWBGLKQKTKJZ2AABAAAAAAI8_usd/attempt_01/roomseg_coverage_eval/events/milestone_070/voxroom/roomseg_snapshots/roomseg_milestone_070_step_000276.npz,/media/echo/data/voxroom_roomseg_evaluation/grscene_all_available_gt_20260817/metrics_pr_f1_miou_excluding_training_grscenes_20260818_192125/match_visualizations/voxroom/kujiale_grscene_MWBGLKQKTKJZ2AABAAAAAAI8_usd__kujiale_grscene_MWBGLKQKTKJZ2AABAAAAAAI8_usd__attempt_01__kujiale_grscene_MWBGLKQKTKJZ2AABAAAAAAI8_usd_grscene_frontier_000000/milestone_070.pred_gt_match.png
grscene,kujiale_grscene_MWBGLKQKTKJZ2AABAAAAAAI8_usd,kujiale_grscene_MWBGLKQKTKJZ2AABAAAAAAI8_usd__kujiale_grscene_MWBGLKQKTKJZ2AABAAAAAAI8_usd__attempt_01__kujiale_grscene_MWBGLKQKTKJZ2AABAAAAAAI8_usd_grscene_frontier_000000,tvars_original,milestone_080,coverage_milestone,0.8001798156889188,0.8,False,423,0.804095025477134,0.8969111100065448,0.8479707942339249,0.3763979470653997,80.4095025477134,89.69111100065447,84.79707942339249,37.639794706539966,8,4,14033,0,0,/media/echo/data/voxroom_roomseg_evaluation/grscene_remaining25_union_fixed0p5_batch32_dual_clean_20260816_0120/grscene/kujiale_grscene_MWBGLKQKTKJZ2AABAAAAAAI8_usd/attempt_01/roomseg_coverage_eval/events/milestone_080/tvars_original/roomseg_snapshots/roomseg_milestone_080_step_000423.npz,/media/echo/data/voxroom_roomseg_evaluation/grscene_all_available_gt_20260817/metrics_pr_f1_miou_excluding_training_grscenes_20260818_192125/match_visualizations/tvars_original/kujiale_grscene_MWBGLKQKTKJZ2AABAAAAAAI8_usd__kujiale_grscene_MWBGLKQKTKJZ2AABAAAAAAI8_usd__attempt_01__kujiale_grscene_MWBGLKQKTKJZ2AABAAAAAAI8_usd_grscene_frontier_000000/milestone_080.pred_gt_match.png
grscene,kujiale_grscene_MWBGLKQKTKJZ2AABAAAAAAI8_usd,kujiale_grscene_MWBGLKQKTKJZ2AABAAAAAAI8_usd__kujiale_grscene_MWBGLKQKTKJZ2AABAAAAAAI8_usd__attempt_01__kujiale_grscene_MWBGLKQKTKJZ2AABAAAAAAI8_usd_grscene_frontier_000000,voxroom,milestone_080,coverage_milestone,0.8001798156889188,0.8,False,423,0.9363518042129495,0.9578764267337252,0.9469918204491442,0.7941833630235924,93.63518042129495,95.78764267337252,94.69918204491442,79.41833630235924,8,7,14033,0,0,/media/echo/data/voxroom_roomseg_evaluation/grscene_remaining25_union_fixed0p5_batch32_dual_clean_20260816_0120/grscene/kujiale_grscene_MWBGLKQKTKJZ2AABAAAAAAI8_usd/attempt_01/roomseg_coverage_eval/events/milestone_080/voxroom/roomseg_snapshots/roomseg_milestone_080_step_000423.npz,/media/echo/data/voxroom_roomseg_evaluation/grscene_all_available_gt_20260817/metrics_pr_f1_miou_excluding_training_grscenes_20260818_192125/match_visualizations/voxroom/kujiale_grscene_MWBGLKQKTKJZ2AABAAAAAAI8_usd__kujiale_grscene_MWBGLKQKTKJZ2AABAAAAAAI8_usd__attempt_01__kujiale_grscene_MWBGLKQKTKJZ2AABAAAAAAI8_usd_grscene_frontier_000000/milestone_080.pred_gt_match.png
grscene,kujiale_grscene_MWBGLKQKTKJZ2AABAAAAAAI8_usd,kujiale_grscene_MWBGLKQKTKJZ2AABAAAAAAI8_usd__kujiale_grscene_MWBGLKQKTKJZ2AABAAAAAAI8_usd__attempt_01__kujiale_grscene_MWBGLKQKTKJZ2AABAAAAAAI8_usd_grscene_frontier_000000,tvars_original,milestone_090,coverage_milestone,0.9006518318723309,0.9,False,677,0.8625521639330649,0.8990822477886002,0.8804384533178494,0.5020918795426841,86.25521639330648,89.90822477886002,88.04384533178494,50.20918795426841,8,6,15728,1,0,/media/echo/data/voxroom_roomseg_evaluation/grscene_remaining25_union_fixed0p5_batch32_dual_clean_20260816_0120/grscene/kujiale_grscene_MWBGLKQKTKJZ2AABAAAAAAI8_usd/attempt_01/roomseg_coverage_eval/events/milestone_090/tvars_original/roomseg_snapshots/roomseg_milestone_090_step_000677.npz,/media/echo/data/voxroom_roomseg_evaluation/grscene_all_available_gt_20260817/metrics_pr_f1_miou_excluding_training_grscenes_20260818_192125/match_visualizations/tvars_original/kujiale_grscene_MWBGLKQKTKJZ2AABAAAAAAI8_usd__kujiale_grscene_MWBGLKQKTKJZ2AABAAAAAAI8_usd__attempt_01__kujiale_grscene_MWBGLKQKTKJZ2AABAAAAAAI8_usd_grscene_frontier_000000/milestone_090.pred_gt_match.png
grscene,kujiale_grscene_MWBGLKQKTKJZ2AABAAAAAAI8_usd,kujiale_grscene_MWBGLKQKTKJZ2AABAAAAAAI8_usd__kujiale_grscene_MWBGLKQKTKJZ2AABAAAAAAI8_usd__attempt_01__kujiale_grscene_MWBGLKQKTKJZ2AABAAAAAAI8_usd_grscene_frontier_000000,voxroom,milestone_090,coverage_milestone,0.9006518318723309,0.9,False,677,0.9211700066382017,0.9741897743891877,0.9469383173832242,0.6750533863270947,92.11700066382016,97.41897743891877,94.69383173832242,67.50533863270947,8,6,15728,1,0,/media/echo/data/voxroom_roomseg_evaluation/grscene_remaining25_union_fixed0p5_batch32_dual_clean_20260816_0120/grscene/kujiale_grscene_MWBGLKQKTKJZ2AABAAAAAAI8_usd/attempt_01/roomseg_coverage_eval/events/milestone_090/voxroom/roomseg_snapshots/roomseg_milestone_090_step_000677.npz,/media/echo/data/voxroom_roomseg_evaluation/grscene_all_available_gt_20260817/metrics_pr_f1_miou_excluding_training_grscenes_20260818_192125/match_visualizations/voxroom/kujiale_grscene_MWBGLKQKTKJZ2AABAAAAAAI8_usd__kujiale_grscene_MWBGLKQKTKJZ2AABAAAAAAI8_usd__attempt_01__kujiale_grscene_MWBGLKQKTKJZ2AABAAAAAAI8_usd_grscene_frontier_000000/milestone_090.pred_gt_match.png
grscene,kujiale_grscene_MWBGLKQKTKJZ2AABAAAAAAI8_usd,kujiale_grscene_MWBGLKQKTKJZ2AABAAAAAAI8_usd__kujiale_grscene_MWBGLKQKTKJZ2AABAAAAAAI8_usd__attempt_01__kujiale_grscene_MWBGLKQKTKJZ2AABAAAAAAI8_usd_grscene_frontier_000000,tvars_original,final,terminal_forced,0.99449314452686,,True,845,0.8444434746839397,0.9143091296026954,0.8779886113091064,0.43999419864441935,84.44434746839397,91.43091296026954,87.79886113091064,43.99941986444193,9,6,17245,0,0,/media/echo/data/voxroom_roomseg_evaluation/grscene_remaining25_union_fixed0p5_batch32_dual_clean_20260816_0120/grscene/kujiale_grscene_MWBGLKQKTKJZ2AABAAAAAAI8_usd/attempt_01/roomseg_coverage_eval/events/final/tvars_original/roomseg_snapshots/roomseg_final_step_000845.npz,/media/echo/data/voxroom_roomseg_evaluation/grscene_all_available_gt_20260817/metrics_pr_f1_miou_excluding_training_grscenes_20260818_192125/match_visualizations/tvars_original/kujiale_grscene_MWBGLKQKTKJZ2AABAAAAAAI8_usd__kujiale_grscene_MWBGLKQKTKJZ2AABAAAAAAI8_usd__attempt_01__kujiale_grscene_MWBGLKQKTKJZ2AABAAAAAAI8_usd_grscene_frontier_000000/final.pred_gt_match.png
grscene,kujiale_grscene_MWBGLKQKTKJZ2AABAAAAAAI8_usd,kujiale_grscene_MWBGLKQKTKJZ2AABAAAAAAI8_usd__kujiale_grscene_MWBGLKQKTKJZ2AABAAAAAAI8_usd__attempt_01__kujiale_grscene_MWBGLKQKTKJZ2AABAAAAAAI8_usd_grscene_frontier_000000,voxroom,final,terminal_forced,0.99449314452686,,True,845,0.940472916339253,0.9723283932256953,0.9561353968587712,0.7141768874218811,94.0472916339253,97.23283932256953,95.61353968587713,71.41768874218812,9,7,17245,0,0,/media/echo/data/voxroom_roomseg_evaluation/grscene_remaining25_union_fixed0p5_batch32_dual_clean_20260816_0120/grscene/kujiale_grscene_MWBGLKQKTKJZ2AABAAAAAAI8_usd/attempt_01/roomseg_coverage_eval/events/final/voxroom/roomseg_snapshots/roomseg_final_step_000845.npz,/media/echo/data/voxroom_roomseg_evaluation/grscene_all_available_gt_20260817/metrics_pr_f1_miou_excluding_training_grscenes_20260818_192125/match_visualizations/voxroom/kujiale_grscene_MWBGLKQKTKJZ2AABAAAAAAI8_usd__kujiale_grscene_MWBGLKQKTKJZ2AABAAAAAAI8_usd__attempt_01__kujiale_grscene_MWBGLKQKTKJZ2AABAAAAAAI8_usd_grscene_frontier_000000/final.pred_gt_match.png
grscene,kujiale_grscene_MWBGLKQKTKJZ2AABAAAAAAQ8_usd,kujiale_grscene_MWBGLKQKTKJZ2AABAAAAAAQ8_usd__kujiale_grscene_MWBGLKQKTKJZ2AABAAAAAAQ8_usd__attempt_01__kujiale_grscene_MWBGLKQKTKJZ2AABAAAAAAQ8_usd_grscene_frontier_000000,tvars_original,milestone_020,coverage_milestone,0.2550265134776845,0.2,False,0,1.0,0.9910597470562582,0.9955098017741759,0.9910597470562582,100.0,99.10597470562583,99.55098017741759,99.10597470562583,1,1,4586,0,0,/media/echo/data/voxroom_roomseg_evaluation/grscene_remaining25_union_fixed0p5_batch32_dual_clean_20260816_0120/grscene/kujiale_grscene_MWBGLKQKTKJZ2AABAAAAAAQ8_usd/attempt_01/roomseg_coverage_eval/events/milestone_020/tvars_original/roomseg_snapshots/roomseg_milestone_020_step_000000.npz,/media/echo/data/voxroom_roomseg_evaluation/grscene_all_available_gt_20260817/metrics_pr_f1_miou_excluding_training_grscenes_20260818_192125/match_visualizations/tvars_original/kujiale_grscene_MWBGLKQKTKJZ2AABAAAAAAQ8_usd__kujiale_grscene_MWBGLKQKTKJZ2AABAAAAAAQ8_usd__attempt_01__kujiale_grscene_MWBGLKQKTKJZ2AABAAAAAAQ8_usd_grscene_frontier_000000/milestone_020.pred_gt_match.png
grscene,kujiale_grscene_MWBGLKQKTKJZ2AABAAAAAAQ8_usd,kujiale_grscene_MWBGLKQKTKJZ2AABAAAAAAQ8_usd__kujiale_grscene_MWBGLKQKTKJZ2AABAAAAAAQ8_usd__attempt_01__kujiale_grscene_MWBGLKQKTKJZ2AABAAAAAAQ8_usd_grscene_frontier_000000,voxroom,milestone_020,coverage_milestone,0.2550265134776845,0.2,False,0,1.0,0.9910597470562582,0.9955098017741759,0.9910597470562582,100.0,99.10597470562583,99.55098017741759,99.10597470562583,1,1,4586,0,0,/media/echo/data/voxroom_roomseg_evaluation/grscene_remaining25_union_fixed0p5_batch32_dual_clean_20260816_0120/grscene/kujiale_grscene_MWBGLKQKTKJZ2AABAAAAAAQ8_usd/attempt_01/roomseg_coverage_eval/events/milestone_020/voxroom/roomseg_snapshots/roomseg_milestone_020_step_000000.npz,/media/echo/data/voxroom_roomseg_evaluation/grscene_all_available_gt_20260817/metrics_pr_f1_miou_excluding_training_grscenes_20260818_192125/match_visualizations/voxroom/kujiale_grscene_MWBGLKQKTKJZ2AABAAAAAAQ8_usd__kujiale_grscene_MWBGLKQKTKJZ2AABAAAAAAQ8_usd__attempt_01__kujiale_grscene_MWBGLKQKTKJZ2AABAAAAAAQ8_usd_grscene_frontier_000000/milestone_020.pred_gt_match.png
grscene,kujiale_grscene_MWBGLKQKTKJZ2AABAAAAAAQ8_usd,kujiale_grscene_MWBGLKQKTKJZ2AABAAAAAAQ8_usd__kujiale_grscene_MWBGLKQKTKJZ2AABAAAAAAQ8_usd__attempt_01__kujiale_grscene_MWBGLKQKTKJZ2AABAAAAAAQ8_usd_grscene_frontier_000000,tvars_original,milestone_040,coverage_milestone,0.4074237737516571,0.4,False,76,1.0,0.9922630560928434,0.996116504854369,0.9922630560928434,100.0,99.22630560928434,99.6116504854369,99.22630560928434,1,1,7238,1,0,/media/echo/data/voxroom_roomseg_evaluation/grscene_remaining25_union_fixed0p5_batch32_dual_clean_20260816_0120/grscene/kujiale_grscene_MWBGLKQKTKJZ2AABAAAAAAQ8_usd/attempt_01/roomseg_coverage_eval/events/milestone_040/tvars_original/roomseg_snapshots/roomseg_milestone_040_step_000076.npz,/media/echo/data/voxroom_roomseg_evaluation/grscene_all_available_gt_20260817/metrics_pr_f1_miou_excluding_training_grscenes_20260818_192125/match_visualizations/tvars_original/kujiale_grscene_MWBGLKQKTKJZ2AABAAAAAAQ8_usd__kujiale_grscene_MWBGLKQKTKJZ2AABAAAAAAQ8_usd__attempt_01__kujiale_grscene_MWBGLKQKTKJZ2AABAAAAAAQ8_usd_grscene_frontier_000000/milestone_040.pred_gt_match.png
grscene,kujiale_grscene_MWBGLKQKTKJZ2AABAAAAAAQ8_usd,kujiale_grscene_MWBGLKQKTKJZ2AABAAAAAAQ8_usd__kujiale_grscene_MWBGLKQKTKJZ2AABAAAAAAQ8_usd__attempt_01__kujiale_grscene_MWBGLKQKTKJZ2AABAAAAAAQ8_usd_grscene_frontier_000000,voxroom,milestone_040,coverage_milestone,0.4074237737516571,0.4,False,76,1.0,0.9922630560928434,0.996116504854369,0.9922630560928434,100.0,99.22630560928434,99.6116504854369,99.22630560928434,1,1,7238,1,0,/media/echo/data/voxroom_roomseg_evaluation/grscene_remaining25_union_fixed0p5_batch32_dual_clean_20260816_0120/grscene/kujiale_grscene_MWBGLKQKTKJZ2AABAAAAAAQ8_usd/attempt_01/roomseg_coverage_eval/events/milestone_040/voxroom/roomseg_snapshots/roomseg_milestone_040_step_000076.npz,/media/echo/data/voxroom_roomseg_evaluation/grscene_all_available_gt_20260817/metrics_pr_f1_miou_excluding_training_grscenes_20260818_192125/match_visualizations/voxroom/kujiale_grscene_MWBGLKQKTKJZ2AABAAAAAAQ8_usd__kujiale_grscene_MWBGLKQKTKJZ2AABAAAAAAQ8_usd__attempt_01__kujiale_grscene_MWBGLKQKTKJZ2AABAAAAAAQ8_usd_grscene_frontier_000000/milestone_040.pred_gt_match.png
grscene,kujiale_grscene_MWBGLKQKTKJZ2AABAAAAAAQ8_usd,kujiale_grscene_MWBGLKQKTKJZ2AABAAAAAAQ8_usd__kujiale_grscene_MWBGLKQKTKJZ2AABAAAAAAQ8_usd__attempt_01__kujiale_grscene_MWBGLKQKTKJZ2AABAAAAAAQ8_usd_grscene_frontier_000000,tvars_original,milestone_060,coverage_milestone,0.6072691117984975,0.6,False,116,0.8986094938450693,0.9786964503692197,0.936944694182316,0.5345583700569639,89.86094938450692,97.86964503692197,93.69446941823159,53.455837005696395,5,3,10825,2,0,/media/echo/data/voxroom_roomseg_evaluation/grscene_remaining25_union_fixed0p5_batch32_dual_clean_20260816_0120/grscene/kujiale_grscene_MWBGLKQKTKJZ2AABAAAAAAQ8_usd/attempt_01/roomseg_coverage_eval/events/milestone_060/tvars_original/roomseg_snapshots/roomseg_milestone_060_step_000116.npz,/media/echo/data/voxroom_roomseg_evaluation/grscene_all_available_gt_20260817/metrics_pr_f1_miou_excluding_training_grscenes_20260818_192125/match_visualizations/tvars_original/kujiale_grscene_MWBGLKQKTKJZ2AABAAAAAAQ8_usd__kujiale_grscene_MWBGLKQKTKJZ2AABAAAAAAQ8_usd__attempt_01__kujiale_grscene_MWBGLKQKTKJZ2AABAAAAAAQ8_usd_grscene_frontier_000000/milestone_060.pred_gt_match.png
grscene,kujiale_grscene_MWBGLKQKTKJZ2AABAAAAAAQ8_usd,kujiale_grscene_MWBGLKQKTKJZ2AABAAAAAAQ8_usd__kujiale_grscene_MWBGLKQKTKJZ2AABAAAAAAQ8_usd__attempt_01__kujiale_grscene_MWBGLKQKTKJZ2AABAAAAAAQ8_usd_grscene_frontier_000000,voxroom,milestone_060,coverage_milestone,0.6072691117984975,0.6,False,116,0.9815835099473356,0.9742677820817743,0.9779119640249219,0.7599360355847107,98.15835099473355,97.42677820817744,97.79119640249219,75.99360355847107,5,4,10825,2,0,/media/echo/data/voxroom_roomseg_evaluation/grscene_remaining25_union_fixed0p5_batch32_dual_clean_20260816_0120/grscene/kujiale_grscene_MWBGLKQKTKJZ2AABAAAAAAQ8_usd/attempt_01/roomseg_coverage_eval/events/milestone_060/voxroom/roomseg_snapshots/roomseg_milestone_060_step_000116.npz,/media/echo/data/voxroom_roomseg_evaluation/grscene_all_available_gt_20260817/metrics_pr_f1_miou_excluding_training_grscenes_20260818_192125/match_visualizations/voxroom/kujiale_grscene_MWBGLKQKTKJZ2AABAAAAAAQ8_usd__kujiale_grscene_MWBGLKQKTKJZ2AABAAAAAAQ8_usd__attempt_01__kujiale_grscene_MWBGLKQKTKJZ2AABAAAAAAQ8_usd_grscene_frontier_000000/milestone_060.pred_gt_match.png
grscene,kujiale_grscene_MWBGLKQKTKJZ2AABAAAAAAQ8_usd,kujiale_grscene_MWBGLKQKTKJZ2AABAAAAAAQ8_usd__kujiale_grscene_MWBGLKQKTKJZ2AABAAAAAAQ8_usd__attempt_01__kujiale_grscene_MWBGLKQKTKJZ2AABAAAAAAQ8_usd_grscene_frontier_000000,tvars_original,milestone_070,coverage_milestone,0.7011710119310649,0.7,False,152,0.8718473911768349,0.9801349586865395,0.9228253247609138,0.37052466685471414,87.18473911768349,98.01349586865396,92.28253247609139,37.052466685471416,7,3,12502,0,0,/media/echo/data/voxroom_roomseg_evaluation/grscene_remaining25_union_fixed0p5_batch32_dual_clean_20260816_0120/grscene/kujiale_grscene_MWBGLKQKTKJZ2AABAAAAAAQ8_usd/attempt_01/roomseg_coverage_eval/events/milestone_070/tvars_original/roomseg_snapshots/roomseg_milestone_070_step_000152.npz,/media/echo/data/voxroom_roomseg_evaluation/grscene_all_available_gt_20260817/metrics_pr_f1_miou_excluding_training_grscenes_20260818_192125/match_visualizations/tvars_original/kujiale_grscene_MWBGLKQKTKJZ2AABAAAAAAQ8_usd__kujiale_grscene_MWBGLKQKTKJZ2AABAAAAAAQ8_usd__attempt_01__kujiale_grscene_MWBGLKQKTKJZ2AABAAAAAAQ8_usd_grscene_frontier_000000/milestone_070.pred_gt_match.png
grscene,kujiale_grscene_MWBGLKQKTKJZ2AABAAAAAAQ8_usd,kujiale_grscene_MWBGLKQKTKJZ2AABAAAAAAQ8_usd__kujiale_grscene_MWBGLKQKTKJZ2AABAAAAAAQ8_usd__attempt_01__kujiale_grscene_MWBGLKQKTKJZ2AABAAAAAAQ8_usd_grscene_frontier_000000,voxroom,milestone_070,coverage_milestone,0.7011710119310649,0.7,False,152,0.9194818811332727,0.9752562575315039,0.9465481693359371,0.6371274873513434,91.94818811332726,97.5256257531504,94.65481693359371,63.71274873513434,7,5,12502,0,0,/media/echo/data/voxroom_roomseg_evaluation/grscene_remaining25_union_fixed0p5_batch32_dual_clean_20260816_0120/grscene/kujiale_grscene_MWBGLKQKTKJZ2AABAAAAAAQ8_usd/attempt_01/roomseg_coverage_eval/events/milestone_070/voxroom/roomseg_snapshots/roomseg_milestone_070_step_000152.npz,/media/echo/data/voxroom_roomseg_evaluation/grscene_all_available_gt_20260817/metrics_pr_f1_miou_excluding_training_grscenes_20260818_192125/match_visualizations/voxroom/kujiale_grscene_MWBGLKQKTKJZ2AABAAAAAAQ8_usd__kujiale_grscene_MWBGLKQKTKJZ2AABAAAAAAQ8_usd__attempt_01__kujiale_grscene_MWBGLKQKTKJZ2AABAAAAAAQ8_usd_grscene_frontier_000000/milestone_070.pred_gt_match.png
grscene,kujiale_grscene_MWBGLKQKTKJZ2AABAAAAAAQ8_usd,kujiale_grscene_MWBGLKQKTKJZ2AABAAAAAAQ8_usd__kujiale_grscene_MWBGLKQKTKJZ2AABAAAAAAQ8_usd__attempt_01__kujiale_grscene_MWBGLKQKTKJZ2AABAAAAAAQ8_usd_grscene_frontier_000000,tvars_original,milestone_080,coverage_milestone,0.8062859036676977,0.8,False,288,0.9328719647712227,0.9680607222334594,0.9501406484737371,0.6366964324204528,93.28719647712227,96.80607222334594,95.01406484737372,63.66964324204528,7,5,14389,0,0,/media/echo/data/voxroom_roomseg_evaluation/grscene_remaining25_union_fixed0p5_batch32_dual_clean_20260816_0120/grscene/kujiale_grscene_MWBGLKQKTKJZ2AABAAAAAAQ8_usd/attempt_01/roomseg_coverage_eval/events/milestone_080/tvars_original/roomseg_snapshots/roomseg_milestone_080_step_000288.npz,/media/echo/data/voxroom_roomseg_evaluation/grscene_all_available_gt_20260817/metrics_pr_f1_miou_excluding_training_grscenes_20260818_192125/match_visualizations/tvars_original/kujiale_grscene_MWBGLKQKTKJZ2AABAAAAAAQ8_usd__kujiale_grscene_MWBGLKQKTKJZ2AABAAAAAAQ8_usd__attempt_01__kujiale_grscene_MWBGLKQKTKJZ2AABAAAAAAQ8_usd_grscene_frontier_000000/milestone_080.pred_gt_match.png
grscene,kujiale_grscene_MWBGLKQKTKJZ2AABAAAAAAQ8_usd,kujiale_grscene_MWBGLKQKTKJZ2AABAAAAAAQ8_usd__kujiale_grscene_MWBGLKQKTKJZ2AABAAAAAAQ8_usd__attempt_01__kujiale_grscene_MWBGLKQKTKJZ2AABAAAAAAQ8_usd_grscene_frontier_000000,voxroom,milestone_080,coverage_milestone,0.8062859036676977,0.8,False,288,0.879661096157248,0.9789277846336545,0.9266435379976926,0.6161731093277493,87.9661096157248,97.89277846336545,92.66435379976926,61.61731093277493,7,5,14389,0,0,/media/echo/data/voxroom_roomseg_evaluation/grscene_remaining25_union_fixed0p5_batch32_dual_clean_20260816_0120/grscene/kujiale_grscene_MWBGLKQKTKJZ2AABAAAAAAQ8_usd/attempt_01/roomseg_coverage_eval/events/milestone_080/voxroom/roomseg_snapshots/roomseg_milestone_080_step_000288.npz,/media/echo/data/voxroom_roomseg_evaluation/grscene_all_available_gt_20260817/metrics_pr_f1_miou_excluding_training_grscenes_20260818_192125/match_visualizations/voxroom/kujiale_grscene_MWBGLKQKTKJZ2AABAAAAAAQ8_usd__kujiale_grscene_MWBGLKQKTKJZ2AABAAAAAAQ8_usd__attempt_01__kujiale_grscene_MWBGLKQKTKJZ2AABAAAAAAQ8_usd_grscene_frontier_000000/milestone_080.pred_gt_match.png
grscene,kujiale_grscene_MWBGLKQKTKJZ2AABAAAAAAQ8_usd,kujiale_grscene_MWBGLKQKTKJZ2AABAAAAAAQ8_usd__kujiale_grscene_MWBGLKQKTKJZ2AABAAAAAAQ8_usd__attempt_01__kujiale_grscene_MWBGLKQKTKJZ2AABAAAAAAQ8_usd_grscene_frontier_000000,tvars_original,milestone_090,coverage_milestone,0.9131131241714538,0.9,False,395,0.9386825905297723,0.9698840401816373,0.9540282730520429,0.6419105196673308,93.86825905297724,96.98840401816373,95.40282730520428,64.19105196673308,7,5,16300,0,0,/media/echo/data/voxroom_roomseg_evaluation/grscene_remaining25_union_fixed0p5_batch32_dual_clean_20260816_0120/grscene/kujiale_grscene_MWBGLKQKTKJZ2AABAAAAAAQ8_usd/attempt_01/roomseg_coverage_eval/events/milestone_090/tvars_original/roomseg_snapshots/roomseg_milestone_090_step_000395.npz,/media/echo/data/voxroom_roomseg_evaluation/grscene_all_available_gt_20260817/metrics_pr_f1_miou_excluding_training_grscenes_20260818_192125/match_visualizations/tvars_original/kujiale_grscene_MWBGLKQKTKJZ2AABAAAAAAQ8_usd__kujiale_grscene_MWBGLKQKTKJZ2AABAAAAAAQ8_usd__attempt_01__kujiale_grscene_MWBGLKQKTKJZ2AABAAAAAAQ8_usd_grscene_frontier_000000/milestone_090.pred_gt_match.png
grscene,kujiale_grscene_MWBGLKQKTKJZ2AABAAAAAAQ8_usd,kujiale_grscene_MWBGLKQKTKJZ2AABAAAAAAQ8_usd__kujiale_grscene_MWBGLKQKTKJZ2AABAAAAAAQ8_usd__attempt_01__kujiale_grscene_MWBGLKQKTKJZ2AABAAAAAAQ8_usd_grscene_frontier_000000,voxroom,milestone_090,coverage_milestone,0.9131131241714538,0.9,False,395,0.905512870252222,0.9571088860376349,0.9305962540308433,0.599213725719831,90.55128702522221,95.7108886037635,93.05962540308434,59.9213725719831,7,6,16300,0,0,/media/echo/data/voxroom_roomseg_evaluation/grscene_remaining25_union_fixed0p5_batch32_dual_clean_20260816_0120/grscene/kujiale_grscene_MWBGLKQKTKJZ2AABAAAAAAQ8_usd/attempt_01/roomseg_coverage_eval/events/milestone_090/voxroom/roomseg_snapshots/roomseg_milestone_090_step_000395.npz,/media/echo/data/voxroom_roomseg_evaluation/grscene_all_available_gt_20260817/metrics_pr_f1_miou_excluding_training_grscenes_20260818_192125/match_visualizations/voxroom/kujiale_grscene_MWBGLKQKTKJZ2AABAAAAAAQ8_usd__kujiale_grscene_MWBGLKQKTKJZ2AABAAAAAAQ8_usd__attempt_01__kujiale_grscene_MWBGLKQKTKJZ2AABAAAAAAQ8_usd_grscene_frontier_000000/milestone_090.pred_gt_match.png
grscene,kujiale_grscene_MWBGLKQKTKJZ2AABAAAAAAQ8_usd,kujiale_grscene_MWBGLKQKTKJZ2AABAAAAAAQ8_usd__kujiale_grscene_MWBGLKQKTKJZ2AABAAAAAAQ8_usd__attempt_01__kujiale_grscene_MWBGLKQKTKJZ2AABAAAAAAQ8_usd_grscene_frontier_000000,tvars_original,final,terminal_forced,0.9999447635881573,,True,834,0.9410755320521635,0.9853407441098296,0.9626995748429373,0.6579310189787491,94.10755320521635,98.53407441098297,96.26995748429373,65.7931018978749,7,5,17766,0,0,/media/echo/data/voxroom_roomseg_evaluation/grscene_remaining25_union_fixed0p5_batch32_dual_clean_20260816_0120/grscene/kujiale_grscene_MWBGLKQKTKJZ2AABAAAAAAQ8_usd/attempt_01/roomseg_coverage_eval/events/final/tvars_original/roomseg_snapshots/roomseg_final_step_000834.npz,/media/echo/data/voxroom_roomseg_evaluation/grscene_all_available_gt_20260817/metrics_pr_f1_miou_excluding_training_grscenes_20260818_192125/match_visualizations/tvars_original/kujiale_grscene_MWBGLKQKTKJZ2AABAAAAAAQ8_usd__kujiale_grscene_MWBGLKQKTKJZ2AABAAAAAAQ8_usd__attempt_01__kujiale_grscene_MWBGLKQKTKJZ2AABAAAAAAQ8_usd_grscene_frontier_000000/final.pred_gt_match.png
grscene,kujiale_grscene_MWBGLKQKTKJZ2AABAAAAAAQ8_usd,kujiale_grscene_MWBGLKQKTKJZ2AABAAAAAAQ8_usd__kujiale_grscene_MWBGLKQKTKJZ2AABAAAAAAQ8_usd__attempt_01__kujiale_grscene_MWBGLKQKTKJZ2AABAAAAAAQ8_usd_grscene_frontier_000000,voxroom,final,terminal_forced,0.9999447635881573,,True,834,0.9057526978652222,0.9696041381558429,0.936591423165371,0.6046844013796837,90.57526978652221,96.96041381558429,93.6591423165371,60.46844013796837,7,6,17766,0,0,/media/echo/data/voxroom_roomseg_evaluation/grscene_remaining25_union_fixed0p5_batch32_dual_clean_20260816_0120/grscene/kujiale_grscene_MWBGLKQKTKJZ2AABAAAAAAQ8_usd/attempt_01/roomseg_coverage_eval/events/final/voxroom/roomseg_snapshots/roomseg_final_step_000834.npz,/media/echo/data/voxroom_roomseg_evaluation/grscene_all_available_gt_20260817/metrics_pr_f1_miou_excluding_training_grscenes_20260818_192125/match_visualizations/voxroom/kujiale_grscene_MWBGLKQKTKJZ2AABAAAAAAQ8_usd__kujiale_grscene_MWBGLKQKTKJZ2AABAAAAAAQ8_usd__attempt_01__kujiale_grscene_MWBGLKQKTKJZ2AABAAAAAAQ8_usd_grscene_frontier_000000/final.pred_gt_match.png
grscene,kujiale_grscene_MWBGLKQKTKJZ2AABAAAAAAY8_usd,kujiale_grscene_MWBGLKQKTKJZ2AABAAAAAAY8_usd__kujiale_grscene_MWBGLKQKTKJZ2AABAAAAAAY8_usd__attempt_01__kujiale_grscene_MWBGLKQKTKJZ2AABAAAAAAY8_usd_grscene_frontier_000000,tvars_original,milestone_020,coverage_milestone,0.20075612557427258,0.2,False,23,0.7489658738366081,0.9929822867588373,0.8538828685377016,0.4935866353694216,74.8965873836608,99.29822867588372,85.38828685377015,49.35866353694216,3,2,4054,1,0,/media/echo/data/voxroom_roomseg_evaluation/grscene_remaining25_union_fixed0p5_batch32_dual_clean_20260816_0120/grscene/kujiale_grscene_MWBGLKQKTKJZ2AABAAAAAAY8_usd/attempt_01/roomseg_coverage_eval/events/milestone_020/tvars_original/roomseg_snapshots/roomseg_milestone_020_step_000023.npz,/media/echo/data/voxroom_roomseg_evaluation/grscene_all_available_gt_20260817/metrics_pr_f1_miou_excluding_training_grscenes_20260818_192125/match_visualizations/tvars_original/kujiale_grscene_MWBGLKQKTKJZ2AABAAAAAAY8_usd__kujiale_grscene_MWBGLKQKTKJZ2AABAAAAAAY8_usd__attempt_01__kujiale_grscene_MWBGLKQKTKJZ2AABAAAAAAY8_usd_grscene_frontier_000000/milestone_020.pred_gt_match.png
grscene,kujiale_grscene_MWBGLKQKTKJZ2AABAAAAAAY8_usd,kujiale_grscene_MWBGLKQKTKJZ2AABAAAAAAY8_usd__kujiale_grscene_MWBGLKQKTKJZ2AABAAAAAAY8_usd__attempt_01__kujiale_grscene_MWBGLKQKTKJZ2AABAAAAAAY8_usd_grscene_frontier_000000,voxroom,milestone_020,coverage_milestone,0.20075612557427258,0.2,False,23,0.9709401709401709,0.9656812388970417,0.9683035645539244,0.9384602997194266,97.09401709401709,96.56812388970417,96.83035645539245,93.84602997194266,3,3,4054,1,0,/media/echo/data/voxroom_roomseg_evaluation/grscene_remaining25_union_fixed0p5_batch32_dual_clean_20260816_0120/grscene/kujiale_grscene_MWBGLKQKTKJZ2AABAAAAAAY8_usd/attempt_01/roomseg_coverage_eval/events/milestone_020/voxroom/roomseg_snapshots/roomseg_milestone_020_step_000023.npz,/media/echo/data/voxroom_roomseg_evaluation/grscene_all_available_gt_20260817/metrics_pr_f1_miou_excluding_training_grscenes_20260818_192125/match_visualizations/voxroom/kujiale_grscene_MWBGLKQKTKJZ2AABAAAAAAY8_usd__kujiale_grscene_MWBGLKQKTKJZ2AABAAAAAAY8_usd__attempt_01__kujiale_grscene_MWBGLKQKTKJZ2AABAAAAAAY8_usd_grscene_frontier_000000/milestone_020.pred_gt_match.png
grscene,kujiale_grscene_MWBGLKQKTKJZ2AABAAAAAAY8_usd,kujiale_grscene_MWBGLKQKTKJZ2AABAAAAAAY8_usd__kujiale_grscene_MWBGLKQKTKJZ2AABAAAAAAY8_usd__attempt_01__kujiale_grscene_MWBGLKQKTKJZ2AABAAAAAAY8_usd_grscene_frontier_000000,tvars_original,milestone_040,coverage_milestone,0.40921707503828486,0.4,False,89,0.9037204029443623,0.9771003683294707,0.9389789309756962,0.5920638727229949,90.37204029443623,97.71003683294707,93.89789309756962,59.20638727229949,6,4,8400,0,0,/media/echo/data/voxroom_roomseg_evaluation/grscene_remaining25_union_fixed0p5_batch32_dual_clean_20260816_0120/grscene/kujiale_grscene_MWBGLKQKTKJZ2AABAAAAAAY8_usd/attempt_01/roomseg_coverage_eval/events/milestone_040/tvars_original/roomseg_snapshots/roomseg_milestone_040_step_000089.npz,/media/echo/data/voxroom_roomseg_evaluation/grscene_all_available_gt_20260817/metrics_pr_f1_miou_excluding_training_grscenes_20260818_192125/match_visualizations/tvars_original/kujiale_grscene_MWBGLKQKTKJZ2AABAAAAAAY8_usd__kujiale_grscene_MWBGLKQKTKJZ2AABAAAAAAY8_usd__attempt_01__kujiale_grscene_MWBGLKQKTKJZ2AABAAAAAAY8_usd_grscene_frontier_000000/milestone_040.pred_gt_match.png
grscene,kujiale_grscene_MWBGLKQKTKJZ2AABAAAAAAY8_usd,kujiale_grscene_MWBGLKQKTKJZ2AABAAAAAAY8_usd__kujiale_grscene_MWBGLKQKTKJZ2AABAAAAAAY8_usd__attempt_01__kujiale_grscene_MWBGLKQKTKJZ2AABAAAAAAY8_usd_grscene_frontier_000000,voxroom,milestone_040,coverage_milestone,0.40921707503828486,0.4,False,89,0.9614501582296091,0.9682295702287976,0.9648279554066209,0.7714297384248265,96.14501582296091,96.82295702287976,96.4827955406621,77.14297384248266,6,5,8400,0,0,/media/echo/data/voxroom_roomseg_evaluation/grscene_remaining25_union_fixed0p5_batch32_dual_clean_20260816_0120/grscene/kujiale_grscene_MWBGLKQKTKJZ2AABAAAAAAY8_usd/attempt_01/roomseg_coverage_eval/events/milestone_040/voxroom/roomseg_snapshots/roomseg_milestone_040_step_000089.npz,/media/echo/data/voxroom_roomseg_evaluation/grscene_all_available_gt_20260817/metrics_pr_f1_miou_excluding_training_grscenes_20260818_192125/match_visualizations/voxroom/kujiale_grscene_MWBGLKQKTKJZ2AABAAAAAAY8_usd__kujiale_grscene_MWBGLKQKTKJZ2AABAAAAAAY8_usd__attempt_01__kujiale_grscene_MWBGLKQKTKJZ2AABAAAAAAY8_usd_grscene_frontier_000000/milestone_040.pred_gt_match.png
grscene,kujiale_grscene_MWBGLKQKTKJZ2AABAAAAAAY8_usd,kujiale_grscene_MWBGLKQKTKJZ2AABAAAAAAY8_usd__kujiale_grscene_MWBGLKQKTKJZ2AABAAAAAAY8_usd__attempt_01__kujiale_grscene_MWBGLKQKTKJZ2AABAAAAAAY8_usd_grscene_frontier_000000,tvars_original,milestone_060,coverage_milestone,0.6113131699846861,0.6,False,133,0.9419162950950506,0.975697656571206,0.9585094236636232,0.6594310355720515,94.19162950950506,97.5697656571206,95.85094236636232,65.94310355720515,7,5,12544,0,0,/media/echo/data/voxroom_roomseg_evaluation/grscene_remaining25_union_fixed0p5_batch32_dual_clean_20260816_0120/grscene/kujiale_grscene_MWBGLKQKTKJZ2AABAAAAAAY8_usd/attempt_01/roomseg_coverage_eval/events/milestone_060/tvars_original/roomseg_snapshots/roomseg_milestone_060_step_000133.npz,/media/echo/data/voxroom_roomseg_evaluation/grscene_all_available_gt_20260817/metrics_pr_f1_miou_excluding_training_grscenes_20260818_192125/match_visualizations/tvars_original/kujiale_grscene_MWBGLKQKTKJZ2AABAAAAAAY8_usd__kujiale_grscene_MWBGLKQKTKJZ2AABAAAAAAY8_usd__attempt_01__kujiale_grscene_MWBGLKQKTKJZ2AABAAAAAAY8_usd_grscene_frontier_000000/milestone_060.pred_gt_match.png
grscene,kujiale_grscene_MWBGLKQKTKJZ2AABAAAAAAY8_usd,kujiale_grscene_MWBGLKQKTKJZ2AABAAAAAAY8_usd__kujiale_grscene_MWBGLKQKTKJZ2AABAAAAAAY8_usd__attempt_01__kujiale_grscene_MWBGLKQKTKJZ2AABAAAAAAY8_usd_grscene_frontier_000000,voxroom,milestone_060,coverage_milestone,0.6113131699846861,0.6,False,133,0.9692046372926889,0.9689767327015762,0.9690906715978441,0.8016055971191844,96.92046372926889,96.89767327015763,96.90906715978441,80.16055971191844,7,6,12544,0,0,/media/echo/data/voxroom_roomseg_evaluation/grscene_remaining25_union_fixed0p5_batch32_dual_clean_20260816_0120/grscene/kujiale_grscene_MWBGLKQKTKJZ2AABAAAAAAY8_usd/attempt_01/roomseg_coverage_eval/events/milestone_060/voxroom/roomseg_snapshots/roomseg_milestone_060_step_000133.npz,/media/echo/data/voxroom_roomseg_evaluation/grscene_all_available_gt_20260817/metrics_pr_f1_miou_excluding_training_grscenes_20260818_192125/match_visualizations/voxroom/kujiale_grscene_MWBGLKQKTKJZ2AABAAAAAAY8_usd__kujiale_grscene_MWBGLKQKTKJZ2AABAAAAAAY8_usd__attempt_01__kujiale_grscene_MWBGLKQKTKJZ2AABAAAAAAY8_usd_grscene_frontier_000000/milestone_060.pred_gt_match.png
grscene,kujiale_grscene_MWBGLKQKTKJZ2AABAAAAAAY8_usd,kujiale_grscene_MWBGLKQKTKJZ2AABAAAAAAY8_usd__kujiale_grscene_MWBGLKQKTKJZ2AABAAAAAAY8_usd__attempt_01__kujiale_grscene_MWBGLKQKTKJZ2AABAAAAAAY8_usd_grscene_frontier_000000,tvars_original,milestone_070,coverage_milestone,0.7038189127105666,0.7,False,186,0.9374544831984203,0.9779692635081582,0.9572833918158831,0.6582938804963211,93.74544831984203,97.79692635081581,95.72833918158831,65.82938804963212,7,5,14394,0,0,/media/echo/data/voxroom_roomseg_evaluation/grscene_remaining25_union_fixed0p5_batch32_dual_clean_20260816_0120/grscene/kujiale_grscene_MWBGLKQKTKJZ2AABAAAAAAY8_usd/attempt_01/roomseg_coverage_eval/events/milestone_070/tvars_original/roomseg_snapshots/roomseg_milestone_070_step_000186.npz,/media/echo/data/voxroom_roomseg_evaluation/grscene_all_available_gt_20260817/metrics_pr_f1_miou_excluding_training_grscenes_20260818_192125/match_visualizations/tvars_original/kujiale_grscene_MWBGLKQKTKJZ2AABAAAAAAY8_usd__kujiale_grscene_MWBGLKQKTKJZ2AABAAAAAAY8_usd__attempt_01__kujiale_grscene_MWBGLKQKTKJZ2AABAAAAAAY8_usd_grscene_frontier_000000/milestone_070.pred_gt_match.png
grscene,kujiale_grscene_MWBGLKQKTKJZ2AABAAAAAAY8_usd,kujiale_grscene_MWBGLKQKTKJZ2AABAAAAAAY8_usd__kujiale_grscene_MWBGLKQKTKJZ2AABAAAAAAY8_usd__attempt_01__kujiale_grscene_MWBGLKQKTKJZ2AABAAAAAAY8_usd_grscene_frontier_000000,voxroom,milestone_070,coverage_milestone,0.7038189127105666,0.7,False,186,0.9791698047084404,0.9715223860943205,0.9753311050785262,0.8121305250070622,97.91698047084404,97.15223860943205,97.53311050785261,81.21305250070621,7,6,14394,0,0,/media/echo/data/voxroom_roomseg_evaluation/grscene_remaining25_union_fixed0p5_batch32_dual_clean_20260816_0120/grscene/kujiale_grscene_MWBGLKQKTKJZ2AABAAAAAAY8_usd/attempt_01/roomseg_coverage_eval/events/milestone_070/voxroom/roomseg_snapshots/roomseg_milestone_070_step_000186.npz,/media/echo/data/voxroom_roomseg_evaluation/grscene_all_available_gt_20260817/metrics_pr_f1_miou_excluding_training_grscenes_20260818_192125/match_visualizations/voxroom/kujiale_grscene_MWBGLKQKTKJZ2AABAAAAAAY8_usd__kujiale_grscene_MWBGLKQKTKJZ2AABAAAAAAY8_usd__attempt_01__kujiale_grscene_MWBGLKQKTKJZ2AABAAAAAAY8_usd_grscene_frontier_000000/milestone_070.pred_gt_match.png
grscene,kujiale_grscene_MWBGLKQKTKJZ2AABAAAAAAY8_usd,kujiale_grscene_MWBGLKQKTKJZ2AABAAAAAAY8_usd__kujiale_grscene_MWBGLKQKTKJZ2AABAAAAAAY8_usd__attempt_01__kujiale_grscene_MWBGLKQKTKJZ2AABAAAAAAY8_usd_grscene_frontier_000000,tvars_original,milestone_080,coverage_milestone,0.8185298621745789,0.8,False,452,0.9061129568532442,0.9806187342410289,0.9418947537935077,0.6371282007083778,90.61129568532442,98.06187342410288,94.18947537935077,63.712820070837786,7,5,16747,0,0,/media/echo/data/voxroom_roomseg_evaluation/grscene_remaining25_union_fixed0p5_batch32_dual_clean_20260816_0120/grscene/kujiale_grscene_MWBGLKQKTKJZ2AABAAAAAAY8_usd/attempt_01/roomseg_coverage_eval/events/milestone_080/tvars_original/roomseg_snapshots/roomseg_milestone_080_step_000452.npz,/media/echo/data/voxroom_roomseg_evaluation/grscene_all_available_gt_20260817/metrics_pr_f1_miou_excluding_training_grscenes_20260818_192125/match_visualizations/tvars_original/kujiale_grscene_MWBGLKQKTKJZ2AABAAAAAAY8_usd__kujiale_grscene_MWBGLKQKTKJZ2AABAAAAAAY8_usd__attempt_01__kujiale_grscene_MWBGLKQKTKJZ2AABAAAAAAY8_usd_grscene_frontier_000000/milestone_080.pred_gt_match.png
grscene,kujiale_grscene_MWBGLKQKTKJZ2AABAAAAAAY8_usd,kujiale_grscene_MWBGLKQKTKJZ2AABAAAAAAY8_usd__kujiale_grscene_MWBGLKQKTKJZ2AABAAAAAAY8_usd__attempt_01__kujiale_grscene_MWBGLKQKTKJZ2AABAAAAAAY8_usd_grscene_frontier_000000,voxroom,milestone_080,coverage_milestone,0.8185298621745789,0.8,False,452,0.9866430934199446,0.908446221490021,0.9459313427865088,0.8939466910582776,98.66430934199445,90.84462214900209,94.59313427865088,89.39466910582776,7,8,16747,0,0,/media/echo/data/voxroom_roomseg_evaluation/grscene_remaining25_union_fixed0p5_batch32_dual_clean_20260816_0120/grscene/kujiale_grscene_MWBGLKQKTKJZ2AABAAAAAAY8_usd/attempt_01/roomseg_coverage_eval/events/milestone_080/voxroom/roomseg_snapshots/roomseg_milestone_080_step_000452.npz,/media/echo/data/voxroom_roomseg_evaluation/grscene_all_available_gt_20260817/metrics_pr_f1_miou_excluding_training_grscenes_20260818_192125/match_visualizations/voxroom/kujiale_grscene_MWBGLKQKTKJZ2AABAAAAAAY8_usd__kujiale_grscene_MWBGLKQKTKJZ2AABAAAAAAY8_usd__attempt_01__kujiale_grscene_MWBGLKQKTKJZ2AABAAAAAAY8_usd_grscene_frontier_000000/milestone_080.pred_gt_match.png
grscene,kujiale_grscene_MWBGLKQKTKJZ2AABAAAAAAY8_usd,kujiale_grscene_MWBGLKQKTKJZ2AABAAAAAAY8_usd__kujiale_grscene_MWBGLKQKTKJZ2AABAAAAAAY8_usd__attempt_01__kujiale_grscene_MWBGLKQKTKJZ2AABAAAAAAY8_usd_grscene_frontier_000000,tvars_original,final,terminal_forced,0.8776320826952527,,True,681,0.9219438770742887,0.9953186243356067,0.9572272036504356,0.6550381331072399,92.19438770742887,99.53186243356068,95.72272036504356,65.50381331072398,7,5,17925,0,0,/media/echo/data/voxroom_roomseg_evaluation/grscene_remaining25_union_fixed0p5_batch32_dual_clean_20260816_0120/grscene/kujiale_grscene_MWBGLKQKTKJZ2AABAAAAAAY8_usd/attempt_01/roomseg_coverage_eval/events/final/tvars_original/roomseg_snapshots/roomseg_final_step_000681.npz,/media/echo/data/voxroom_roomseg_evaluation/grscene_all_available_gt_20260817/metrics_pr_f1_miou_excluding_training_grscenes_20260818_192125/match_visualizations/tvars_original/kujiale_grscene_MWBGLKQKTKJZ2AABAAAAAAY8_usd__kujiale_grscene_MWBGLKQKTKJZ2AABAAAAAAY8_usd__attempt_01__kujiale_grscene_MWBGLKQKTKJZ2AABAAAAAAY8_usd_grscene_frontier_000000/final.pred_gt_match.png
grscene,kujiale_grscene_MWBGLKQKTKJZ2AABAAAAAAY8_usd,kujiale_grscene_MWBGLKQKTKJZ2AABAAAAAAY8_usd__kujiale_grscene_MWBGLKQKTKJZ2AABAAAAAAY8_usd__attempt_01__kujiale_grscene_MWBGLKQKTKJZ2AABAAAAAAY8_usd_grscene_frontier_000000,voxroom,final,terminal_forced,0.8776320826952527,,True,681,0.9866227023711673,0.9221412497441903,0.9532928267869487,0.9074621223067355,98.66227023711673,92.21412497441904,95.32928267869487,90.74621223067355,7,8,17925,0,0,/media/echo/data/voxroom_roomseg_evaluation/grscene_remaining25_union_fixed0p5_batch32_dual_clean_20260816_0120/grscene/kujiale_grscene_MWBGLKQKTKJZ2AABAAAAAAY8_usd/attempt_01/roomseg_coverage_eval/events/final/voxroom/roomseg_snapshots/roomseg_final_step_000681.npz,/media/echo/data/voxroom_roomseg_evaluation/grscene_all_available_gt_20260817/metrics_pr_f1_miou_excluding_training_grscenes_20260818_192125/match_visualizations/voxroom/kujiale_grscene_MWBGLKQKTKJZ2AABAAAAAAY8_usd__kujiale_grscene_MWBGLKQKTKJZ2AABAAAAAAY8_usd__attempt_01__kujiale_grscene_MWBGLKQKTKJZ2AABAAAAAAY8_usd_grscene_frontier_000000/final.pred_gt_match.png
grscene,kujiale_grscene_MWBGLKQKTKJZ2AABAAAAABA8_usd,kujiale_grscene_MWBGLKQKTKJZ2AABAAAAABA8_usd__kujiale_grscene_MWBGLKQKTKJZ2AABAAAAABA8_usd__attempt_01__kujiale_grscene_MWBGLKQKTKJZ2AABAAAAABA8_usd_grscene_frontier_000000,tvars_original,milestone_020,coverage_milestone,0.30386923040582037,0.2,False,0,0.9305293640957716,0.9931765444180292,0.9608328739044516,0.6935717770272292,93.05293640957716,99.31765444180292,96.08328739044516,69.35717770272292,4,3,6409,0,0,/media/echo/data/voxroom_roomseg_evaluation/grscene_remaining25_union_fixed0p5_batch32_dual_clean_20260816_0120/grscene/kujiale_grscene_MWBGLKQKTKJZ2AABAAAAABA8_usd/attempt_01/roomseg_coverage_eval/events/milestone_020/tvars_original/roomseg_snapshots/roomseg_milestone_020_step_000000.npz,/media/echo/data/voxroom_roomseg_evaluation/grscene_all_available_gt_20260817/metrics_pr_f1_miou_excluding_training_grscenes_20260818_192125/match_visualizations/tvars_original/kujiale_grscene_MWBGLKQKTKJZ2AABAAAAABA8_usd__kujiale_grscene_MWBGLKQKTKJZ2AABAAAAABA8_usd__attempt_01__kujiale_grscene_MWBGLKQKTKJZ2AABAAAAABA8_usd_grscene_frontier_000000/milestone_020.pred_gt_match.png
grscene,kujiale_grscene_MWBGLKQKTKJZ2AABAAAAABA8_usd,kujiale_grscene_MWBGLKQKTKJZ2AABAAAAABA8_usd__kujiale_grscene_MWBGLKQKTKJZ2AABAAAAABA8_usd__attempt_01__kujiale_grscene_MWBGLKQKTKJZ2AABAAAAABA8_usd_grscene_frontier_000000,voxroom,milestone_020,coverage_milestone,0.30386923040582037,0.2,False,0,0.9252104395313845,0.9954790413480332,0.9590593488002945,0.4604542966611932,92.52104395313845,99.54790413480332,95.90593488002945,46.04542966611932,4,2,6409,0,0,/media/echo/data/voxroom_roomseg_evaluation/grscene_remaining25_union_fixed0p5_batch32_dual_clean_20260816_0120/grscene/kujiale_grscene_MWBGLKQKTKJZ2AABAAAAABA8_usd/attempt_01/roomseg_coverage_eval/events/milestone_020/voxroom/roomseg_snapshots/roomseg_milestone_020_step_000000.npz,/media/echo/data/voxroom_roomseg_evaluation/grscene_all_available_gt_20260817/metrics_pr_f1_miou_excluding_training_grscenes_20260818_192125/match_visualizations/voxroom/kujiale_grscene_MWBGLKQKTKJZ2AABAAAAABA8_usd__kujiale_grscene_MWBGLKQKTKJZ2AABAAAAABA8_usd__attempt_01__kujiale_grscene_MWBGLKQKTKJZ2AABAAAAABA8_usd_grscene_frontier_000000/milestone_020.pred_gt_match.png
grscene,kujiale_grscene_MWBGLKQKTKJZ2AABAAAAABA8_usd,kujiale_grscene_MWBGLKQKTKJZ2AABAAAAABA8_usd__kujiale_grscene_MWBGLKQKTKJZ2AABAAAAABA8_usd__attempt_01__kujiale_grscene_MWBGLKQKTKJZ2AABAAAAABA8_usd_grscene_frontier_000000,tvars_original,milestone_040,coverage_milestone,0.40506448717343035,0.4,False,12,0.9321384628366544,0.9948930581092699,0.9624939455246793,0.6951395027797375,93.21384628366543,99.489305810927,96.24939455246792,69.51395027797375,4,3,8546,0,0,/media/echo/data/voxroom_roomseg_evaluation/grscene_remaining25_union_fixed0p5_batch32_dual_clean_20260816_0120/grscene/kujiale_grscene_MWBGLKQKTKJZ2AABAAAAABA8_usd/attempt_01/roomseg_coverage_eval/events/milestone_040/tvars_original/roomseg_snapshots/roomseg_milestone_040_step_000012.npz,/media/echo/data/voxroom_roomseg_evaluation/grscene_all_available_gt_20260817/metrics_pr_f1_miou_excluding_training_grscenes_20260818_192125/match_visualizations/tvars_original/kujiale_grscene_MWBGLKQKTKJZ2AABAAAAABA8_usd__kujiale_grscene_MWBGLKQKTKJZ2AABAAAAABA8_usd__attempt_01__kujiale_grscene_MWBGLKQKTKJZ2AABAAAAABA8_usd_grscene_frontier_000000/milestone_040.pred_gt_match.png
grscene,kujiale_grscene_MWBGLKQKTKJZ2AABAAAAABA8_usd,kujiale_grscene_MWBGLKQKTKJZ2AABAAAAABA8_usd__kujiale_grscene_MWBGLKQKTKJZ2AABAAAAABA8_usd__attempt_01__kujiale_grscene_MWBGLKQKTKJZ2AABAAAAABA8_usd_grscene_frontier_000000,voxroom,milestone_040,coverage_milestone,0.40506448717343035,0.4,False,12,0.9341447070136366,0.9965284702331252,0.964328718943704,0.4646854334174136,93.41447070136365,99.65284702331252,96.4328718943704,46.46854334174136,4,2,8546,0,0,/media/echo/data/voxroom_roomseg_evaluation/grscene_remaining25_union_fixed0p5_batch32_dual_clean_20260816_0120/grscene/kujiale_grscene_MWBGLKQKTKJZ2AABAAAAABA8_usd/attempt_01/roomseg_coverage_eval/events/milestone_040/voxroom/roomseg_snapshots/roomseg_milestone_040_step_000012.npz,/media/echo/data/voxroom_roomseg_evaluation/grscene_all_available_gt_20260817/metrics_pr_f1_miou_excluding_training_grscenes_20260818_192125/match_visualizations/voxroom/kujiale_grscene_MWBGLKQKTKJZ2AABAAAAABA8_usd__kujiale_grscene_MWBGLKQKTKJZ2AABAAAAABA8_usd__attempt_01__kujiale_grscene_MWBGLKQKTKJZ2AABAAAAABA8_usd_grscene_frontier_000000/milestone_040.pred_gt_match.png
grscene,kujiale_grscene_MWBGLKQKTKJZ2AABAAAAABA8_usd,kujiale_grscene_MWBGLKQKTKJZ2AABAAAAABA8_usd__kujiale_grscene_MWBGLKQKTKJZ2AABAAAAABA8_usd__attempt_01__kujiale_grscene_MWBGLKQKTKJZ2AABAAAAABA8_usd_grscene_frontier_000000,tvars_original,milestone_060,coverage_milestone,0.6055180233382151,0.6,False,51,0.8761174222139809,0.9916380277128993,0.9303052523746547,0.522446799331834,87.61174222139809,99.16380277128994,93.03052523746547,52.244679933183406,5,3,12758,0,0,/media/echo/data/voxroom_roomseg_evaluation/grscene_remaining25_union_fixed0p5_batch32_dual_clean_20260816_0120/grscene/kujiale_grscene_MWBGLKQKTKJZ2AABAAAAABA8_usd/attempt_01/roomseg_coverage_eval/events/milestone_060/tvars_original/roomseg_snapshots/roomseg_milestone_060_step_000051.npz,/media/echo/data/voxroom_roomseg_evaluation/grscene_all_available_gt_20260817/metrics_pr_f1_miou_excluding_training_grscenes_20260818_192125/match_visualizations/tvars_original/kujiale_grscene_MWBGLKQKTKJZ2AABAAAAABA8_usd__kujiale_grscene_MWBGLKQKTKJZ2AABAAAAABA8_usd__attempt_01__kujiale_grscene_MWBGLKQKTKJZ2AABAAAAABA8_usd_grscene_frontier_000000/milestone_060.pred_gt_match.png
grscene,kujiale_grscene_MWBGLKQKTKJZ2AABAAAAABA8_usd,kujiale_grscene_MWBGLKQKTKJZ2AABAAAAABA8_usd__kujiale_grscene_MWBGLKQKTKJZ2AABAAAAABA8_usd__attempt_01__kujiale_grscene_MWBGLKQKTKJZ2AABAAAAABA8_usd_grscene_frontier_000000,voxroom,milestone_060,coverage_milestone,0.6055180233382151,0.6,False,51,0.9790752449235147,0.9908247741093488,0.9849149693025238,0.7745031240642198,97.90752449235147,99.08247741093487,98.49149693025238,77.45031240642199,5,4,12758,0,0,/media/echo/data/voxroom_roomseg_evaluation/grscene_remaining25_union_fixed0p5_batch32_dual_clean_20260816_0120/grscene/kujiale_grscene_MWBGLKQKTKJZ2AABAAAAABA8_usd/attempt_01/roomseg_coverage_eval/events/milestone_060/voxroom/roomseg_snapshots/roomseg_milestone_060_step_000051.npz,/media/echo/data/voxroom_roomseg_evaluation/grscene_all_available_gt_20260817/metrics_pr_f1_miou_excluding_training_grscenes_20260818_192125/match_visualizations/voxroom/kujiale_grscene_MWBGLKQKTKJZ2AABAAAAABA8_usd__kujiale_grscene_MWBGLKQKTKJZ2AABAAAAABA8_usd__attempt_01__kujiale_grscene_MWBGLKQKTKJZ2AABAAAAABA8_usd_grscene_frontier_000000/milestone_060.pred_gt_match.png
grscene,kujiale_grscene_MWBGLKQKTKJZ2AABAAAAABA8_usd,kujiale_grscene_MWBGLKQKTKJZ2AABAAAAABA8_usd__kujiale_grscene_MWBGLKQKTKJZ2AABAAAAABA8_usd__attempt_01__kujiale_grscene_MWBGLKQKTKJZ2AABAAAAABA8_usd_grscene_frontier_000000,tvars_original,milestone_070,coverage_milestone,0.7048235460858884,0.7,False,110,0.95342569984629,0.987790612863224,0.9703039792161945,0.7516573583748358,95.342569984629,98.7790612863224,97.03039792161945,75.16573583748358,5,4,14779,0,0,/media/echo/data/voxroom_roomseg_evaluation/grscene_remaining25_union_fixed0p5_batch32_dual_clean_20260816_0120/grscene/kujiale_grscene_MWBGLKQKTKJZ2AABAAAAABA8_usd/attempt_01/roomseg_coverage_eval/events/milestone_070/tvars_original/roomseg_snapshots/roomseg_milestone_070_step_000110.npz,/media/echo/data/voxroom_roomseg_evaluation/grscene_all_available_gt_20260817/metrics_pr_f1_miou_excluding_training_grscenes_20260818_192125/match_visualizations/tvars_original/kujiale_grscene_MWBGLKQKTKJZ2AABAAAAABA8_usd__kujiale_grscene_MWBGLKQKTKJZ2AABAAAAABA8_usd__attempt_01__kujiale_grscene_MWBGLKQKTKJZ2AABAAAAABA8_usd_grscene_frontier_000000/milestone_070.pred_gt_match.png
grscene,kujiale_grscene_MWBGLKQKTKJZ2AABAAAAABA8_usd,kujiale_grscene_MWBGLKQKTKJZ2AABAAAAABA8_usd__kujiale_grscene_MWBGLKQKTKJZ2AABAAAAABA8_usd__attempt_01__kujiale_grscene_MWBGLKQKTKJZ2AABAAAAABA8_usd_grscene_frontier_000000,voxroom,milestone_070,coverage_milestone,0.7048235460858884,0.7,False,110,0.9803930699075324,0.9901487338041306,0.9852467529192588,0.7747689040817802,98.03930699075323,99.01487338041306,98.52467529192587,77.47689040817802,5,4,14779,0,0,/media/echo/data/voxroom_roomseg_evaluation/grscene_remaining25_union_fixed0p5_batch32_dual_clean_20260816_0120/grscene/kujiale_grscene_MWBGLKQKTKJZ2AABAAAAABA8_usd/attempt_01/roomseg_coverage_eval/events/milestone_070/voxroom/roomseg_snapshots/roomseg_milestone_070_step_000110.npz,/media/echo/data/voxroom_roomseg_evaluation/grscene_all_available_gt_20260817/metrics_pr_f1_miou_excluding_training_grscenes_20260818_192125/match_visualizations/voxroom/kujiale_grscene_MWBGLKQKTKJZ2AABAAAAABA8_usd__kujiale_grscene_MWBGLKQKTKJZ2AABAAAAABA8_usd__attempt_01__kujiale_grscene_MWBGLKQKTKJZ2AABAAAAABA8_usd_grscene_frontier_000000/milestone_070.pred_gt_match.png
grscene,kujiale_grscene_MWBGLKQKTKJZ2AABAAAAABA8_usd,kujiale_grscene_MWBGLKQKTKJZ2AABAAAAABA8_usd__kujiale_grscene_MWBGLKQKTKJZ2AABAAAAABA8_usd__attempt_01__kujiale_grscene_MWBGLKQKTKJZ2AABAAAAABA8_usd_grscene_frontier_000000,tvars_original,milestone_080,coverage_milestone,0.8034204185760854,0.8,False,205,0.9646567434572985,0.9842122512310695,0.9743363845707415,0.7892412761971324,96.46567434572985,98.42122512310695,97.43363845707414,78.92412761971323,6,5,16801,1,0,/media/echo/data/voxroom_roomseg_evaluation/grscene_remaining25_union_fixed0p5_batch32_dual_clean_20260816_0120/grscene/kujiale_grscene_MWBGLKQKTKJZ2AABAAAAABA8_usd/attempt_01/roomseg_coverage_eval/events/milestone_080/tvars_original/roomseg_snapshots/roomseg_milestone_080_step_000205.npz,/media/echo/data/voxroom_roomseg_evaluation/grscene_all_available_gt_20260817/metrics_pr_f1_miou_excluding_training_grscenes_20260818_192125/match_visualizations/tvars_original/kujiale_grscene_MWBGLKQKTKJZ2AABAAAAABA8_usd__kujiale_grscene_MWBGLKQKTKJZ2AABAAAAABA8_usd__attempt_01__kujiale_grscene_MWBGLKQKTKJZ2AABAAAAABA8_usd_grscene_frontier_000000/milestone_080.pred_gt_match.png
grscene,kujiale_grscene_MWBGLKQKTKJZ2AABAAAAABA8_usd,kujiale_grscene_MWBGLKQKTKJZ2AABAAAAABA8_usd__kujiale_grscene_MWBGLKQKTKJZ2AABAAAAABA8_usd__attempt_01__kujiale_grscene_MWBGLKQKTKJZ2AABAAAAABA8_usd_grscene_frontier_000000,voxroom,milestone_080,coverage_milestone,0.8034204185760854,0.8,False,205,0.9599019658750001,0.9880888668649369,0.9737914879494485,0.6331019234026974,95.99019658750001,98.8088866864937,97.37914879494485,63.310192340269744,6,4,16801,1,0,/media/echo/data/voxroom_roomseg_evaluation/grscene_remaining25_union_fixed0p5_batch32_dual_clean_20260816_0120/grscene/kujiale_grscene_MWBGLKQKTKJZ2AABAAAAABA8_usd/attempt_01/roomseg_coverage_eval/events/milestone_080/voxroom/roomseg_snapshots/roomseg_milestone_080_step_000205.npz,/media/echo/data/voxroom_roomseg_evaluation/grscene_all_available_gt_20260817/metrics_pr_f1_miou_excluding_training_grscenes_20260818_192125/match_visualizations/voxroom/kujiale_grscene_MWBGLKQKTKJZ2AABAAAAABA8_usd__kujiale_grscene_MWBGLKQKTKJZ2AABAAAAABA8_usd__attempt_01__kujiale_grscene_MWBGLKQKTKJZ2AABAAAAABA8_usd_grscene_frontier_000000/milestone_080.pred_gt_match.png
grscene,kujiale_grscene_MWBGLKQKTKJZ2AABAAAAABA8_usd,kujiale_grscene_MWBGLKQKTKJZ2AABAAAAABA8_usd__kujiale_grscene_MWBGLKQKTKJZ2AABAAAAABA8_usd__attempt_01__kujiale_grscene_MWBGLKQKTKJZ2AABAAAAABA8_usd_grscene_frontier_000000,tvars_original,milestone_090,coverage_milestone,0.9000330703453489,0.9,False,303,0.9729082022723666,0.9860380385144718,0.9794291190328521,0.7975703982070718,97.29082022723667,98.60380385144718,97.94291190328521,79.75703982070718,6,5,18797,1,0,/media/echo/data/voxroom_roomseg_evaluation/grscene_remaining25_union_fixed0p5_batch32_dual_clean_20260816_0120/grscene/kujiale_grscene_MWBGLKQKTKJZ2AABAAAAABA8_usd/attempt_01/roomseg_coverage_eval/events/milestone_090/tvars_original/roomseg_snapshots/roomseg_milestone_090_step_000303.npz,/media/echo/data/voxroom_roomseg_evaluation/grscene_all_available_gt_20260817/metrics_pr_f1_miou_excluding_training_grscenes_20260818_192125/match_visualizations/tvars_original/kujiale_grscene_MWBGLKQKTKJZ2AABAAAAABA8_usd__kujiale_grscene_MWBGLKQKTKJZ2AABAAAAABA8_usd__attempt_01__kujiale_grscene_MWBGLKQKTKJZ2AABAAAAABA8_usd_grscene_frontier_000000/milestone_090.pred_gt_match.png
grscene,kujiale_grscene_MWBGLKQKTKJZ2AABAAAAABA8_usd,kujiale_grscene_MWBGLKQKTKJZ2AABAAAAABA8_usd__kujiale_grscene_MWBGLKQKTKJZ2AABAAAAABA8_usd__attempt_01__kujiale_grscene_MWBGLKQKTKJZ2AABAAAAABA8_usd_grscene_frontier_000000,voxroom,milestone_090,coverage_milestone,0.9000330703453489,0.9,False,303,0.9413854584744484,0.990839040423278,0.9654793890413471,0.4665579831635461,94.13854584744485,99.0839040423278,96.54793890413471,46.655798316354606,6,3,18797,1,0,/media/echo/data/voxroom_roomseg_evaluation/grscene_remaining25_union_fixed0p5_batch32_dual_clean_20260816_0120/grscene/kujiale_grscene_MWBGLKQKTKJZ2AABAAAAABA8_usd/attempt_01/roomseg_coverage_eval/events/milestone_090/voxroom/roomseg_snapshots/roomseg_milestone_090_step_000303.npz,/media/echo/data/voxroom_roomseg_evaluation/grscene_all_available_gt_20260817/metrics_pr_f1_miou_excluding_training_grscenes_20260818_192125/match_visualizations/voxroom/kujiale_grscene_MWBGLKQKTKJZ2AABAAAAABA8_usd__kujiale_grscene_MWBGLKQKTKJZ2AABAAAAABA8_usd__attempt_01__kujiale_grscene_MWBGLKQKTKJZ2AABAAAAABA8_usd_grscene_frontier_000000/milestone_090.pred_gt_match.png
grscene,kujiale_grscene_MWBGLKQKTKJZ2AABAAAAABA8_usd,kujiale_grscene_MWBGLKQKTKJZ2AABAAAAABA8_usd__kujiale_grscene_MWBGLKQKTKJZ2AABAAAAABA8_usd__attempt_01__kujiale_grscene_MWBGLKQKTKJZ2AABAAAAABA8_usd_grscene_frontier_000000,tvars_original,final,terminal_forced,0.9920631171162659,,True,644,0.928798749660972,0.9955415791900476,0.9610127274517165,0.6594518600322404,92.87987496609719,99.55415791900477,96.10127274517166,65.94518600322404,7,5,20474,0,0,/media/echo/data/voxroom_roomseg_evaluation/grscene_remaining25_union_fixed0p5_batch32_dual_clean_20260816_0120/grscene/kujiale_grscene_MWBGLKQKTKJZ2AABAAAAABA8_usd/attempt_01/roomseg_coverage_eval/events/final/tvars_original/roomseg_snapshots/roomseg_final_step_000644.npz,/media/echo/data/voxroom_roomseg_evaluation/grscene_all_available_gt_20260817/metrics_pr_f1_miou_excluding_training_grscenes_20260818_192125/match_visualizations/tvars_original/kujiale_grscene_MWBGLKQKTKJZ2AABAAAAABA8_usd__kujiale_grscene_MWBGLKQKTKJZ2AABAAAAABA8_usd__attempt_01__kujiale_grscene_MWBGLKQKTKJZ2AABAAAAABA8_usd_grscene_frontier_000000/final.pred_gt_match.png
grscene,kujiale_grscene_MWBGLKQKTKJZ2AABAAAAABA8_usd,kujiale_grscene_MWBGLKQKTKJZ2AABAAAAABA8_usd__kujiale_grscene_MWBGLKQKTKJZ2AABAAAAABA8_usd__attempt_01__kujiale_grscene_MWBGLKQKTKJZ2AABAAAAABA8_usd_grscene_frontier_000000,voxroom,final,terminal_forced,0.9920631171162659,,True,644,0.9536538999402507,0.996720183906829,0.9747115678003831,0.6788326095088222,95.36538999402508,99.67201839068291,97.47115678003831,67.88326095088222,7,5,20474,0,0,/media/echo/data/voxroom_roomseg_evaluation/grscene_remaining25_union_fixed0p5_batch32_dual_clean_20260816_0120/grscene/kujiale_grscene_MWBGLKQKTKJZ2AABAAAAABA8_usd/attempt_01/roomseg_coverage_eval/events/final/voxroom/roomseg_snapshots/roomseg_final_step_000644.npz,/media/echo/data/voxroom_roomseg_evaluation/grscene_all_available_gt_20260817/metrics_pr_f1_miou_excluding_training_grscenes_20260818_192125/match_visualizations/voxroom/kujiale_grscene_MWBGLKQKTKJZ2AABAAAAABA8_usd__kujiale_grscene_MWBGLKQKTKJZ2AABAAAAABA8_usd__attempt_01__kujiale_grscene_MWBGLKQKTKJZ2AABAAAAABA8_usd_grscene_frontier_000000/final.pred_gt_match.png
grscene,kujiale_grscene_MWBGLKQKTKJZ2AABAAAAABI8_usd,kujiale_grscene_MWBGLKQKTKJZ2AABAAAAABI8_usd__kujiale_grscene_MWBGLKQKTKJZ2AABAAAAABI8_usd__attempt_01__kujiale_grscene_MWBGLKQKTKJZ2AABAAAAABI8_usd_grscene_frontier_000000,tvars_original,milestone_020,coverage_milestone,0.2432010917243396,0.2,False,0,1.0,0.9450040290088638,0.9717244950802694,0.9450040290088638,100.0,94.50040290088639,97.17244950802694,94.50040290088639,1,1,4964,0,1,/media/echo/data/voxroom_roomseg_evaluation/grscene_remaining25_union_fixed0p5_batch32_dual_clean_20260816_0120/grscene/kujiale_grscene_MWBGLKQKTKJZ2AABAAAAABI8_usd/attempt_01/roomseg_coverage_eval/events/milestone_020/tvars_original/roomseg_snapshots/roomseg_milestone_020_step_000000.npz,/media/echo/data/voxroom_roomseg_evaluation/grscene_all_available_gt_20260817/metrics_pr_f1_miou_excluding_training_grscenes_20260818_192125/match_visualizations/tvars_original/kujiale_grscene_MWBGLKQKTKJZ2AABAAAAABI8_usd__kujiale_grscene_MWBGLKQKTKJZ2AABAAAAABI8_usd__attempt_01__kujiale_grscene_MWBGLKQKTKJZ2AABAAAAABI8_usd_grscene_frontier_000000/milestone_020.pred_gt_match.png
grscene,kujiale_grscene_MWBGLKQKTKJZ2AABAAAAABI8_usd,kujiale_grscene_MWBGLKQKTKJZ2AABAAAAABI8_usd__kujiale_grscene_MWBGLKQKTKJZ2AABAAAAABI8_usd__attempt_01__kujiale_grscene_MWBGLKQKTKJZ2AABAAAAABI8_usd_grscene_frontier_000000,voxroom,milestone_020,coverage_milestone,0.2432010917243396,0.2,False,0,1.0,0.7060838033843675,0.8277246428149723,0.7060838033843675,100.0,70.60838033843675,82.77246428149722,70.60838033843675,1,2,4964,0,1,/media/echo/data/voxroom_roomseg_evaluation/grscene_remaining25_union_fixed0p5_batch32_dual_clean_20260816_0120/grscene/kujiale_grscene_MWBGLKQKTKJZ2AABAAAAABI8_usd/attempt_01/roomseg_coverage_eval/events/milestone_020/voxroom/roomseg_snapshots/roomseg_milestone_020_step_000000.npz,/media/echo/data/voxroom_roomseg_evaluation/grscene_all_available_gt_20260817/metrics_pr_f1_miou_excluding_training_grscenes_20260818_192125/match_visualizations/voxroom/kujiale_grscene_MWBGLKQKTKJZ2AABAAAAABI8_usd__kujiale_grscene_MWBGLKQKTKJZ2AABAAAAABI8_usd__attempt_01__kujiale_grscene_MWBGLKQKTKJZ2AABAAAAABI8_usd_grscene_frontier_000000/milestone_020.pred_gt_match.png
grscene,kujiale_grscene_MWBGLKQKTKJZ2AABAAAAABI8_usd,kujiale_grscene_MWBGLKQKTKJZ2AABAAAAABI8_usd__kujiale_grscene_MWBGLKQKTKJZ2AABAAAAABI8_usd__attempt_01__kujiale_grscene_MWBGLKQKTKJZ2AABAAAAABI8_usd_grscene_frontier_000000,tvars_original,milestone_040,coverage_milestone,0.4076908080709621,0.4,False,32,0.968320235756385,0.9934212568634679,0.9807101590809291,0.479800438062789,96.8320235756385,99.34212568634679,98.0710159080929,47.9800438062789,2,1,8219,2,0,/media/echo/data/voxroom_roomseg_evaluation/grscene_remaining25_union_fixed0p5_batch32_dual_clean_20260816_0120/grscene/kujiale_grscene_MWBGLKQKTKJZ2AABAAAAABI8_usd/attempt_01/roomseg_coverage_eval/events/milestone_040/tvars_original/roomseg_snapshots/roomseg_milestone_040_step_000032.npz,/media/echo/data/voxroom_roomseg_evaluation/grscene_all_available_gt_20260817/metrics_pr_f1_miou_excluding_training_grscenes_20260818_192125/match_visualizations/tvars_original/kujiale_grscene_MWBGLKQKTKJZ2AABAAAAABI8_usd__kujiale_grscene_MWBGLKQKTKJZ2AABAAAAABI8_usd__attempt_01__kujiale_grscene_MWBGLKQKTKJZ2AABAAAAABI8_usd_grscene_frontier_000000/milestone_040.pred_gt_match.png
grscene,kujiale_grscene_MWBGLKQKTKJZ2AABAAAAABI8_usd,kujiale_grscene_MWBGLKQKTKJZ2AABAAAAABI8_usd__kujiale_grscene_MWBGLKQKTKJZ2AABAAAAABI8_usd__attempt_01__kujiale_grscene_MWBGLKQKTKJZ2AABAAAAABI8_usd_grscene_frontier_000000,voxroom,milestone_040,coverage_milestone,0.4076908080709621,0.4,False,32,0.9996170049789352,0.9414526784501659,0.9696633920933889,0.9410823703442333,99.96170049789353,94.14526784501659,96.9663392093389,94.10823703442333,2,2,8219,2,0,/media/echo/data/voxroom_roomseg_evaluation/grscene_remaining25_union_fixed0p5_batch32_dual_clean_20260816_0120/grscene/kujiale_grscene_MWBGLKQKTKJZ2AABAAAAABI8_usd/attempt_01/roomseg_coverage_eval/events/milestone_040/voxroom/roomseg_snapshots/roomseg_milestone_040_step_000032.npz,/media/echo/data/voxroom_roomseg_evaluation/grscene_all_available_gt_20260817/metrics_pr_f1_miou_excluding_training_grscenes_20260818_192125/match_visualizations/voxroom/kujiale_grscene_MWBGLKQKTKJZ2AABAAAAABI8_usd__kujiale_grscene_MWBGLKQKTKJZ2AABAAAAABI8_usd__attempt_01__kujiale_grscene_MWBGLKQKTKJZ2AABAAAAABI8_usd_grscene_frontier_000000/milestone_040.pred_gt_match.png
grscene,kujiale_grscene_MWBGLKQKTKJZ2AABAAAAABI8_usd,kujiale_grscene_MWBGLKQKTKJZ2AABAAAAABI8_usd__kujiale_grscene_MWBGLKQKTKJZ2AABAAAAABI8_usd__attempt_01__kujiale_grscene_MWBGLKQKTKJZ2AABAAAAABI8_usd_grscene_frontier_000000,tvars_original,milestone_060,coverage_milestone,0.6050297299931767,0.6,False,241,0.7915700563100364,0.9807749658394365,0.8760733212040721,0.19748367903479053,79.15700563100364,98.07749658394364,87.60733212040721,19.748367903479053,4,1,12144,2,0,/media/echo/data/voxroom_roomseg_evaluation/grscene_remaining25_union_fixed0p5_batch32_dual_clean_20260816_0120/grscene/kujiale_grscene_MWBGLKQKTKJZ2AABAAAAABI8_usd/attempt_01/roomseg_coverage_eval/events/milestone_060/tvars_original/roomseg_snapshots/roomseg_milestone_060_step_000241.npz,/media/echo/data/voxroom_roomseg_evaluation/grscene_all_available_gt_20260817/metrics_pr_f1_miou_excluding_training_grscenes_20260818_192125/match_visualizations/tvars_original/kujiale_grscene_MWBGLKQKTKJZ2AABAAAAABI8_usd__kujiale_grscene_MWBGLKQKTKJZ2AABAAAAABI8_usd__attempt_01__kujiale_grscene_MWBGLKQKTKJZ2AABAAAAABI8_usd_grscene_frontier_000000/milestone_060.pred_gt_match.png
grscene,kujiale_grscene_MWBGLKQKTKJZ2AABAAAAABI8_usd,kujiale_grscene_MWBGLKQKTKJZ2AABAAAAABI8_usd__kujiale_grscene_MWBGLKQKTKJZ2AABAAAAABI8_usd__attempt_01__kujiale_grscene_MWBGLKQKTKJZ2AABAAAAABI8_usd_grscene_frontier_000000,voxroom,milestone_060,coverage_milestone,0.6050297299931767,0.6,False,241,0.9139587700908456,0.7142666885514526,0.8018672115957393,0.4247570414698682,91.39587700908456,71.42666885514527,80.18672115957392,42.47570414698682,4,2,12144,2,1,/media/echo/data/voxroom_roomseg_evaluation/grscene_remaining25_union_fixed0p5_batch32_dual_clean_20260816_0120/grscene/kujiale_grscene_MWBGLKQKTKJZ2AABAAAAABI8_usd/attempt_01/roomseg_coverage_eval/events/milestone_060/voxroom/roomseg_snapshots/roomseg_milestone_060_step_000241.npz,/media/echo/data/voxroom_roomseg_evaluation/grscene_all_available_gt_20260817/metrics_pr_f1_miou_excluding_training_grscenes_20260818_192125/match_visualizations/voxroom/kujiale_grscene_MWBGLKQKTKJZ2AABAAAAABI8_usd__kujiale_grscene_MWBGLKQKTKJZ2AABAAAAABI8_usd__attempt_01__kujiale_grscene_MWBGLKQKTKJZ2AABAAAAABI8_usd_grscene_frontier_000000/milestone_060.pred_gt_match.png
grscene,kujiale_grscene_MWBGLKQKTKJZ2AABAAAAABI8_usd,kujiale_grscene_MWBGLKQKTKJZ2AABAAAAABI8_usd__kujiale_grscene_MWBGLKQKTKJZ2AABAAAAABI8_usd__attempt_01__kujiale_grscene_MWBGLKQKTKJZ2AABAAAAABI8_usd_grscene_frontier_000000,tvars_original,milestone_070,coverage_milestone,0.7043571498196706,0.7,False,278,0.7274448408941965,0.9755944719364418,0.8334407316005852,0.14509803921568626,72.74448408941964,97.55944719364417,83.34407316005851,14.509803921568626,5,1,13855,3,0,/media/echo/data/voxroom_roomseg_evaluation/grscene_remaining25_union_fixed0p5_batch32_dual_clean_20260816_0120/grscene/kujiale_grscene_MWBGLKQKTKJZ2AABAAAAABI8_usd/attempt_01/roomseg_coverage_eval/events/milestone_070/tvars_original/roomseg_snapshots/roomseg_milestone_070_step_000278.npz,/media/echo/data/voxroom_roomseg_evaluation/grscene_all_available_gt_20260817/metrics_pr_f1_miou_excluding_training_grscenes_20260818_192125/match_visualizations/tvars_original/kujiale_grscene_MWBGLKQKTKJZ2AABAAAAABI8_usd__kujiale_grscene_MWBGLKQKTKJZ2AABAAAAABI8_usd__attempt_01__kujiale_grscene_MWBGLKQKTKJZ2AABAAAAABI8_usd_grscene_frontier_000000/milestone_070.pred_gt_match.png
grscene,kujiale_grscene_MWBGLKQKTKJZ2AABAAAAABI8_usd,kujiale_grscene_MWBGLKQKTKJZ2AABAAAAABI8_usd__kujiale_grscene_MWBGLKQKTKJZ2AABAAAAABI8_usd__attempt_01__kujiale_grscene_MWBGLKQKTKJZ2AABAAAAABI8_usd_grscene_frontier_000000,voxroom,milestone_070,coverage_milestone,0.7043571498196706,0.7,False,278,0.9584738617200674,0.9534707216632888,0.955965745631022,0.7231937645730611,95.84738617200674,95.34707216632889,95.5965745631022,72.3193764573061,5,4,13855,3,1,/media/echo/data/voxroom_roomseg_evaluation/grscene_remaining25_union_fixed0p5_batch32_dual_clean_20260816_0120/grscene/kujiale_grscene_MWBGLKQKTKJZ2AABAAAAABI8_usd/attempt_01/roomseg_coverage_eval/events/milestone_070/voxroom/roomseg_snapshots/roomseg_milestone_070_step_000278.npz,/media/echo/data/voxroom_roomseg_evaluation/grscene_all_available_gt_20260817/metrics_pr_f1_miou_excluding_training_grscenes_20260818_192125/match_visualizations/voxroom/kujiale_grscene_MWBGLKQKTKJZ2AABAAAAABI8_usd__kujiale_grscene_MWBGLKQKTKJZ2AABAAAAABI8_usd__attempt_01__kujiale_grscene_MWBGLKQKTKJZ2AABAAAAABI8_usd_grscene_frontier_000000/milestone_070.pred_gt_match.png
grscene,kujiale_grscene_MWBGLKQKTKJZ2AABAAAAABI8_usd,kujiale_grscene_MWBGLKQKTKJZ2AABAAAAABI8_usd__kujiale_grscene_MWBGLKQKTKJZ2AABAAAAABI8_usd__attempt_01__kujiale_grscene_MWBGLKQKTKJZ2AABAAAAABI8_usd_grscene_frontier_000000,tvars_original,milestone_080,coverage_milestone,0.8115800760308022,0.8,False,347,0.8178662065428584,0.9828100681528882,0.892783620785082,0.20401128327020296,81.78662065428584,98.28100681528882,89.2783620785082,20.401128327020295,8,2,16250,0,0,/media/echo/data/voxroom_roomseg_evaluation/grscene_remaining25_union_fixed0p5_batch32_dual_clean_20260816_0120/grscene/kujiale_grscene_MWBGLKQKTKJZ2AABAAAAABI8_usd/attempt_01/roomseg_coverage_eval/events/milestone_080/tvars_original/roomseg_snapshots/roomseg_milestone_080_step_000347.npz,/media/echo/data/voxroom_roomseg_evaluation/grscene_all_available_gt_20260817/metrics_pr_f1_miou_excluding_training_grscenes_20260818_192125/match_visualizations/tvars_original/kujiale_grscene_MWBGLKQKTKJZ2AABAAAAABI8_usd__kujiale_grscene_MWBGLKQKTKJZ2AABAAAAABI8_usd__attempt_01__kujiale_grscene_MWBGLKQKTKJZ2AABAAAAABI8_usd_grscene_frontier_000000/milestone_080.pred_gt_match.png
grscene,kujiale_grscene_MWBGLKQKTKJZ2AABAAAAABI8_usd,kujiale_grscene_MWBGLKQKTKJZ2AABAAAAABI8_usd__kujiale_grscene_MWBGLKQKTKJZ2AABAAAAABI8_usd__attempt_01__kujiale_grscene_MWBGLKQKTKJZ2AABAAAAABI8_usd_grscene_frontier_000000,voxroom,milestone_080,coverage_milestone,0.8115800760308022,0.8,False,347,0.9233486002501864,0.9709111668588024,0.9465327643574132,0.6658209457598164,92.33486002501864,97.09111668588024,94.65327643574132,66.58209457598164,8,6,16250,0,0,/media/echo/data/voxroom_roomseg_evaluation/grscene_remaining25_union_fixed0p5_batch32_dual_clean_20260816_0120/grscene/kujiale_grscene_MWBGLKQKTKJZ2AABAAAAABI8_usd/attempt_01/roomseg_coverage_eval/events/milestone_080/voxroom/roomseg_snapshots/roomseg_milestone_080_step_000347.npz,/media/echo/data/voxroom_roomseg_evaluation/grscene_all_available_gt_20260817/metrics_pr_f1_miou_excluding_training_grscenes_20260818_192125/match_visualizations/voxroom/kujiale_grscene_MWBGLKQKTKJZ2AABAAAAABI8_usd__kujiale_grscene_MWBGLKQKTKJZ2AABAAAAABI8_usd__attempt_01__kujiale_grscene_MWBGLKQKTKJZ2AABAAAAABI8_usd_grscene_frontier_000000/milestone_080.pred_gt_match.png
grscene,kujiale_grscene_MWBGLKQKTKJZ2AABAAAAABI8_usd,kujiale_grscene_MWBGLKQKTKJZ2AABAAAAABI8_usd__kujiale_grscene_MWBGLKQKTKJZ2AABAAAAABI8_usd__attempt_01__kujiale_grscene_MWBGLKQKTKJZ2AABAAAAABI8_usd_grscene_frontier_000000,tvars_original,milestone_090,coverage_milestone,0.9055950872404718,0.9,False,369,0.8090771259111903,0.974373224081226,0.884065079476769,0.30300577313546617,80.90771259111904,97.4373224081226,88.4065079476769,30.30057731354662,8,3,18127,0,0,/media/echo/data/voxroom_roomseg_evaluation/grscene_remaining25_union_fixed0p5_batch32_dual_clean_20260816_0120/grscene/kujiale_grscene_MWBGLKQKTKJZ2AABAAAAABI8_usd/attempt_01/roomseg_coverage_eval/events/milestone_090/tvars_original/roomseg_snapshots/roomseg_milestone_090_step_000369.npz,/media/echo/data/voxroom_roomseg_evaluation/grscene_all_available_gt_20260817/metrics_pr_f1_miou_excluding_training_grscenes_20260818_192125/match_visualizations/tvars_original/kujiale_grscene_MWBGLKQKTKJZ2AABAAAAABI8_usd__kujiale_grscene_MWBGLKQKTKJZ2AABAAAAABI8_usd__attempt_01__kujiale_grscene_MWBGLKQKTKJZ2AABAAAAABI8_usd_grscene_frontier_000000/milestone_090.pred_gt_match.png
grscene,kujiale_grscene_MWBGLKQKTKJZ2AABAAAAABI8_usd,kujiale_grscene_MWBGLKQKTKJZ2AABAAAAABI8_usd__kujiale_grscene_MWBGLKQKTKJZ2AABAAAAABI8_usd__attempt_01__kujiale_grscene_MWBGLKQKTKJZ2AABAAAAABI8_usd_grscene_frontier_000000,voxroom,milestone_090,coverage_milestone,0.9055950872404718,0.9,False,369,0.9538757486173584,0.9648122280240481,0.9593128194742652,0.6834297776993299,95.38757486173583,96.48122280240482,95.93128194742651,68.34297776993299,8,6,18127,0,0,/media/echo/data/voxroom_roomseg_evaluation/grscene_remaining25_union_fixed0p5_batch32_dual_clean_20260816_0120/grscene/kujiale_grscene_MWBGLKQKTKJZ2AABAAAAABI8_usd/attempt_01/roomseg_coverage_eval/events/milestone_090/voxroom/roomseg_snapshots/roomseg_milestone_090_step_000369.npz,/media/echo/data/voxroom_roomseg_evaluation/grscene_all_available_gt_20260817/metrics_pr_f1_miou_excluding_training_grscenes_20260818_192125/match_visualizations/voxroom/kujiale_grscene_MWBGLKQKTKJZ2AABAAAAABI8_usd__kujiale_grscene_MWBGLKQKTKJZ2AABAAAAABI8_usd__attempt_01__kujiale_grscene_MWBGLKQKTKJZ2AABAAAAABI8_usd_grscene_frontier_000000/milestone_090.pred_gt_match.png
grscene,kujiale_grscene_MWBGLKQKTKJZ2AABAAAAABI8_usd,kujiale_grscene_MWBGLKQKTKJZ2AABAAAAABI8_usd__kujiale_grscene_MWBGLKQKTKJZ2AABAAAAABI8_usd__attempt_01__kujiale_grscene_MWBGLKQKTKJZ2AABAAAAABI8_usd_grscene_frontier_000000,tvars_original,final,terminal_forced,1.0,,True,991,0.8854030685748543,0.9960256684337826,0.9374622231110772,0.4411864521627936,88.54030685748543,99.60256684337826,93.74622231110772,44.11864521627936,8,4,19672,0,0,/media/echo/data/voxroom_roomseg_evaluation/grscene_remaining25_union_fixed0p5_batch32_dual_clean_20260816_0120/grscene/kujiale_grscene_MWBGLKQKTKJZ2AABAAAAABI8_usd/attempt_01/roomseg_coverage_eval/events/final/tvars_original/roomseg_snapshots/roomseg_final_step_000991.npz,/media/echo/data/voxroom_roomseg_evaluation/grscene_all_available_gt_20260817/metrics_pr_f1_miou_excluding_training_grscenes_20260818_192125/match_visualizations/tvars_original/kujiale_grscene_MWBGLKQKTKJZ2AABAAAAABI8_usd__kujiale_grscene_MWBGLKQKTKJZ2AABAAAAABI8_usd__attempt_01__kujiale_grscene_MWBGLKQKTKJZ2AABAAAAABI8_usd_grscene_frontier_000000/final.pred_gt_match.png
grscene,kujiale_grscene_MWBGLKQKTKJZ2AABAAAAABI8_usd,kujiale_grscene_MWBGLKQKTKJZ2AABAAAAABI8_usd__kujiale_grscene_MWBGLKQKTKJZ2AABAAAAABI8_usd__attempt_01__kujiale_grscene_MWBGLKQKTKJZ2AABAAAAABI8_usd_grscene_frontier_000000,voxroom,final,terminal_forced,1.0,,True,991,0.9433783177564526,0.9407662761771522,0.9420704863941866,0.731455807469211,94.33783177564527,94.07662761771522,94.20704863941866,73.1455807469211,8,7,19672,0,0,/media/echo/data/voxroom_roomseg_evaluation/grscene_remaining25_union_fixed0p5_batch32_dual_clean_20260816_0120/grscene/kujiale_grscene_MWBGLKQKTKJZ2AABAAAAABI8_usd/attempt_01/roomseg_coverage_eval/events/final/voxroom/roomseg_snapshots/roomseg_final_step_000991.npz,/media/echo/data/voxroom_roomseg_evaluation/grscene_all_available_gt_20260817/metrics_pr_f1_miou_excluding_training_grscenes_20260818_192125/match_visualizations/voxroom/kujiale_grscene_MWBGLKQKTKJZ2AABAAAAABI8_usd__kujiale_grscene_MWBGLKQKTKJZ2AABAAAAABI8_usd__attempt_01__kujiale_grscene_MWBGLKQKTKJZ2AABAAAAABI8_usd_grscene_frontier_000000/final.pred_gt_match.png
grscene,kujiale_grscene_MWBGLKQKTKJZ2AABAAAAABY8_usd,kujiale_grscene_MWBGLKQKTKJZ2AABAAAAABY8_usd__kujiale_grscene_MWBGLKQKTKJZ2AABAAAAABY8_usd__attempt_01__kujiale_grscene_MWBGLKQKTKJZ2AABAAAAABY8_usd_grscene_frontier_000000,tvars_original,milestone_020,coverage_milestone,0.20767051645238613,0.2,False,0,0.7192441060738951,0.9783980672763983,0.8290404825345207,0.3503699532022756,71.9244106073895,97.83980672763984,82.90404825345206,35.03699532022756,4,2,3752,0,0,/media/echo/data/voxroom_roomseg_evaluation/grscene_remaining25_union_fixed0p5_batch32_dual_clean_20260816_0120/grscene/kujiale_grscene_MWBGLKQKTKJZ2AABAAAAABY8_usd/attempt_01/roomseg_coverage_eval/events/milestone_020/tvars_original/roomseg_snapshots/roomseg_milestone_020_step_000000.npz,/media/echo/data/voxroom_roomseg_evaluation/grscene_all_available_gt_20260817/metrics_pr_f1_miou_excluding_training_grscenes_20260818_192125/match_visualizations/tvars_original/kujiale_grscene_MWBGLKQKTKJZ2AABAAAAABY8_usd__kujiale_grscene_MWBGLKQKTKJZ2AABAAAAABY8_usd__attempt_01__kujiale_grscene_MWBGLKQKTKJZ2AABAAAAABY8_usd_grscene_frontier_000000/milestone_020.pred_gt_match.png
grscene,kujiale_grscene_MWBGLKQKTKJZ2AABAAAAABY8_usd,kujiale_grscene_MWBGLKQKTKJZ2AABAAAAABY8_usd__kujiale_grscene_MWBGLKQKTKJZ2AABAAAAABY8_usd__attempt_01__kujiale_grscene_MWBGLKQKTKJZ2AABAAAAABY8_usd_grscene_frontier_000000,voxroom,milestone_020,coverage_milestone,0.20767051645238613,0.2,False,0,0.6145415664260893,0.9982000474744182,0.7607361470606528,0.15326666666666666,61.45415664260893,99.82000474744181,76.07361470606529,15.326666666666666,4,1,3752,0,0,/media/echo/data/voxroom_roomseg_evaluation/grscene_remaining25_union_fixed0p5_batch32_dual_clean_20260816_0120/grscene/kujiale_grscene_MWBGLKQKTKJZ2AABAAAAABY8_usd/attempt_01/roomseg_coverage_eval/events/milestone_020/voxroom/roomseg_snapshots/roomseg_milestone_020_step_000000.npz,/media/echo/data/voxroom_roomseg_evaluation/grscene_all_available_gt_20260817/metrics_pr_f1_miou_excluding_training_grscenes_20260818_192125/match_visualizations/voxroom/kujiale_grscene_MWBGLKQKTKJZ2AABAAAAABY8_usd__kujiale_grscene_MWBGLKQKTKJZ2AABAAAAABY8_usd__attempt_01__kujiale_grscene_MWBGLKQKTKJZ2AABAAAAABY8_usd_grscene_frontier_000000/milestone_020.pred_gt_match.png
grscene,kujiale_grscene_MWBGLKQKTKJZ2AABAAAAABY8_usd,kujiale_grscene_MWBGLKQKTKJZ2AABAAAAABY8_usd__kujiale_grscene_MWBGLKQKTKJZ2AABAAAAABY8_usd__attempt_01__kujiale_grscene_MWBGLKQKTKJZ2AABAAAAABY8_usd_grscene_frontier_000000,tvars_original,milestone_040,coverage_milestone,0.41250817171497056,0.4,False,89,0.7591609885424317,0.9868598988450895,0.8581633149659383,0.3733870142690413,75.91609885424317,98.68598988450896,85.81633149659383,37.33870142690413,4,2,7430,1,0,/media/echo/data/voxroom_roomseg_evaluation/grscene_remaining25_union_fixed0p5_batch32_dual_clean_20260816_0120/grscene/kujiale_grscene_MWBGLKQKTKJZ2AABAAAAABY8_usd/attempt_01/roomseg_coverage_eval/events/milestone_040/tvars_original/roomseg_snapshots/roomseg_milestone_040_step_000089.npz,/media/echo/data/voxroom_roomseg_evaluation/grscene_all_available_gt_20260817/metrics_pr_f1_miou_excluding_training_grscenes_20260818_192125/match_visualizations/tvars_original/kujiale_grscene_MWBGLKQKTKJZ2AABAAAAABY8_usd__kujiale_grscene_MWBGLKQKTKJZ2AABAAAAABY8_usd__attempt_01__kujiale_grscene_MWBGLKQKTKJZ2AABAAAAABY8_usd_grscene_frontier_000000/milestone_040.pred_gt_match.png
grscene,kujiale_grscene_MWBGLKQKTKJZ2AABAAAAABY8_usd,kujiale_grscene_MWBGLKQKTKJZ2AABAAAAABY8_usd__kujiale_grscene_MWBGLKQKTKJZ2AABAAAAABY8_usd__attempt_01__kujiale_grscene_MWBGLKQKTKJZ2AABAAAAABY8_usd_grscene_frontier_000000,voxroom,milestone_040,coverage_milestone,0.41250817171497056,0.4,False,89,0.4563648740639891,0.9904028572153286,0.624820509102752,0.11355013550135501,45.63648740639891,99.04028572153287,62.4820509102752,11.355013550135501,4,1,7430,1,0,/media/echo/data/voxroom_roomseg_evaluation/grscene_remaining25_union_fixed0p5_batch32_dual_clean_20260816_0120/grscene/kujiale_grscene_MWBGLKQKTKJZ2AABAAAAABY8_usd/attempt_01/roomseg_coverage_eval/events/milestone_040/voxroom/roomseg_snapshots/roomseg_milestone_040_step_000089.npz,/media/echo/data/voxroom_roomseg_evaluation/grscene_all_available_gt_20260817/metrics_pr_f1_miou_excluding_training_grscenes_20260818_192125/match_visualizations/voxroom/kujiale_grscene_MWBGLKQKTKJZ2AABAAAAABY8_usd__kujiale_grscene_MWBGLKQKTKJZ2AABAAAAABY8_usd__attempt_01__kujiale_grscene_MWBGLKQKTKJZ2AABAAAAABY8_usd_grscene_frontier_000000/milestone_040.pred_gt_match.png
grscene,kujiale_grscene_MWBGLKQKTKJZ2AABAAAAABY8_usd,kujiale_grscene_MWBGLKQKTKJZ2AABAAAAABY8_usd__kujiale_grscene_MWBGLKQKTKJZ2AABAAAAABY8_usd__attempt_01__kujiale_grscene_MWBGLKQKTKJZ2AABAAAAABY8_usd_grscene_frontier_000000,tvars_original,milestone_060,coverage_milestone,0.600239703639137,0.6,False,122,0.7660109724931528,0.988729672991885,0.8632361486469126,0.3012408754932914,76.60109724931527,98.8729672991885,86.32361486469125,30.124087549329143,5,2,10734,1,0,/media/echo/data/voxroom_roomseg_evaluation/grscene_remaining25_union_fixed0p5_batch32_dual_clean_20260816_0120/grscene/kujiale_grscene_MWBGLKQKTKJZ2AABAAAAABY8_usd/attempt_01/roomseg_coverage_eval/events/milestone_060/tvars_original/roomseg_snapshots/roomseg_milestone_060_step_000122.npz,/media/echo/data/voxroom_roomseg_evaluation/grscene_all_available_gt_20260817/metrics_pr_f1_miou_excluding_training_grscenes_20260818_192125/match_visualizations/tvars_original/kujiale_grscene_MWBGLKQKTKJZ2AABAAAAABY8_usd__kujiale_grscene_MWBGLKQKTKJZ2AABAAAAABY8_usd__attempt_01__kujiale_grscene_MWBGLKQKTKJZ2AABAAAAABY8_usd_grscene_frontier_000000/milestone_060.pred_gt_match.png
grscene,kujiale_grscene_MWBGLKQKTKJZ2AABAAAAABY8_usd,kujiale_grscene_MWBGLKQKTKJZ2AABAAAAABY8_usd__kujiale_grscene_MWBGLKQKTKJZ2AABAAAAABY8_usd__attempt_01__kujiale_grscene_MWBGLKQKTKJZ2AABAAAAABY8_usd_grscene_frontier_000000,voxroom,milestone_060,coverage_milestone,0.600239703639137,0.6,False,122,0.5715500141683196,0.9901645335821346,0.7247528737092436,0.113431436873184,57.155001416831965,99.01645335821347,72.47528737092436,11.343143687318399,5,1,10734,1,0,/media/echo/data/voxroom_roomseg_evaluation/grscene_remaining25_union_fixed0p5_batch32_dual_clean_20260816_0120/grscene/kujiale_grscene_MWBGLKQKTKJZ2AABAAAAABY8_usd/attempt_01/roomseg_coverage_eval/events/milestone_060/voxroom/roomseg_snapshots/roomseg_milestone_060_step_000122.npz,/media/echo/data/voxroom_roomseg_evaluation/grscene_all_available_gt_20260817/metrics_pr_f1_miou_excluding_training_grscenes_20260818_192125/match_visualizations/voxroom/kujiale_grscene_MWBGLKQKTKJZ2AABAAAAABY8_usd__kujiale_grscene_MWBGLKQKTKJZ2AABAAAAABY8_usd__attempt_01__kujiale_grscene_MWBGLKQKTKJZ2AABAAAAABY8_usd_grscene_frontier_000000/milestone_060.pred_gt_match.png
grscene,kujiale_grscene_MWBGLKQKTKJZ2AABAAAAABY8_usd,kujiale_grscene_MWBGLKQKTKJZ2AABAAAAABY8_usd__kujiale_grscene_MWBGLKQKTKJZ2AABAAAAABY8_usd__attempt_01__kujiale_grscene_MWBGLKQKTKJZ2AABAAAAABY8_usd_grscene_frontier_000000,tvars_original,milestone_070,coverage_milestone,0.7004249291784702,0.7,False,138,0.7496862985578228,0.9877622351018783,0.8524129486920005,0.2456201765535061,74.96862985578228,98.77622351018783,85.24129486920005,24.56201765535061,6,2,12667,1,0,/media/echo/data/voxroom_roomseg_evaluation/grscene_remaining25_union_fixed0p5_batch32_dual_clean_20260816_0120/grscene/kujiale_grscene_MWBGLKQKTKJZ2AABAAAAABY8_usd/attempt_01/roomseg_coverage_eval/events/milestone_070/tvars_original/roomseg_snapshots/roomseg_milestone_070_step_000138.npz,/media/echo/data/voxroom_roomseg_evaluation/grscene_all_available_gt_20260817/metrics_pr_f1_miou_excluding_training_grscenes_20260818_192125/match_visualizations/tvars_original/kujiale_grscene_MWBGLKQKTKJZ2AABAAAAABY8_usd__kujiale_grscene_MWBGLKQKTKJZ2AABAAAAABY8_usd__attempt_01__kujiale_grscene_MWBGLKQKTKJZ2AABAAAAABY8_usd_grscene_frontier_000000/milestone_070.pred_gt_match.png
grscene,kujiale_grscene_MWBGLKQKTKJZ2AABAAAAABY8_usd,kujiale_grscene_MWBGLKQKTKJZ2AABAAAAABY8_usd__kujiale_grscene_MWBGLKQKTKJZ2AABAAAAABY8_usd__attempt_01__kujiale_grscene_MWBGLKQKTKJZ2AABAAAAABY8_usd_grscene_frontier_000000,voxroom,milestone_070,coverage_milestone,0.7004249291784702,0.7,False,138,0.5833266533066133,0.9887541644043716,0.733762095646934,0.09632541762634687,58.33266533066133,98.87541644043716,73.3762095646934,9.632541762634688,6,1,12667,1,0,/media/echo/data/voxroom_roomseg_evaluation/grscene_remaining25_union_fixed0p5_batch32_dual_clean_20260816_0120/grscene/kujiale_grscene_MWBGLKQKTKJZ2AABAAAAABY8_usd/attempt_01/roomseg_coverage_eval/events/milestone_070/voxroom/roomseg_snapshots/roomseg_milestone_070_step_000138.npz,/media/echo/data/voxroom_roomseg_evaluation/grscene_all_available_gt_20260817/metrics_pr_f1_miou_excluding_training_grscenes_20260818_192125/match_visualizations/voxroom/kujiale_grscene_MWBGLKQKTKJZ2AABAAAAABY8_usd__kujiale_grscene_MWBGLKQKTKJZ2AABAAAAABY8_usd__attempt_01__kujiale_grscene_MWBGLKQKTKJZ2AABAAAAABY8_usd_grscene_frontier_000000/milestone_070.pred_gt_match.png
grscene,kujiale_grscene_MWBGLKQKTKJZ2AABAAAAABY8_usd,kujiale_grscene_MWBGLKQKTKJZ2AABAAAAABY8_usd__kujiale_grscene_MWBGLKQKTKJZ2AABAAAAABY8_usd__attempt_01__kujiale_grscene_MWBGLKQKTKJZ2AABAAAAABY8_usd_grscene_frontier_000000,tvars_original,milestone_080,coverage_milestone,0.8014273262148617,0.8,False,167,0.8485721053989009,0.9853336612356457,0.9118534601366562,0.41806326623688833,84.85721053989009,98.53336612356458,91.18534601366562,41.80632662368883,6,3,14387,1,0,/media/echo/data/voxroom_roomseg_evaluation/grscene_remaining25_union_fixed0p5_batch32_dual_clean_20260816_0120/grscene/kujiale_grscene_MWBGLKQKTKJZ2AABAAAAABY8_usd/attempt_01/roomseg_coverage_eval/events/milestone_080/tvars_original/roomseg_snapshots/roomseg_milestone_080_step_000167.npz,/media/echo/data/voxroom_roomseg_evaluation/grscene_all_available_gt_20260817/metrics_pr_f1_miou_excluding_training_grscenes_20260818_192125/match_visualizations/tvars_original/kujiale_grscene_MWBGLKQKTKJZ2AABAAAAABY8_usd__kujiale_grscene_MWBGLKQKTKJZ2AABAAAAABY8_usd__attempt_01__kujiale_grscene_MWBGLKQKTKJZ2AABAAAAABY8_usd_grscene_frontier_000000/milestone_080.pred_gt_match.png
grscene,kujiale_grscene_MWBGLKQKTKJZ2AABAAAAABY8_usd,kujiale_grscene_MWBGLKQKTKJZ2AABAAAAABY8_usd__kujiale_grscene_MWBGLKQKTKJZ2AABAAAAABY8_usd__attempt_01__kujiale_grscene_MWBGLKQKTKJZ2AABAAAAABY8_usd_grscene_frontier_000000,voxroom,milestone_080,coverage_milestone,0.8014273262148617,0.8,False,167,0.6081520203447301,0.9865085404626989,0.7524449738268416,0.10035904968408292,60.81520203447302,98.65085404626988,75.24449738268416,10.035904968408293,6,1,14387,1,0,/media/echo/data/voxroom_roomseg_evaluation/grscene_remaining25_union_fixed0p5_batch32_dual_clean_20260816_0120/grscene/kujiale_grscene_MWBGLKQKTKJZ2AABAAAAABY8_usd/attempt_01/roomseg_coverage_eval/events/milestone_080/voxroom/roomseg_snapshots/roomseg_milestone_080_step_000167.npz,/media/echo/data/voxroom_roomseg_evaluation/grscene_all_available_gt_20260817/metrics_pr_f1_miou_excluding_training_grscenes_20260818_192125/match_visualizations/voxroom/kujiale_grscene_MWBGLKQKTKJZ2AABAAAAABY8_usd__kujiale_grscene_MWBGLKQKTKJZ2AABAAAAABY8_usd__attempt_01__kujiale_grscene_MWBGLKQKTKJZ2AABAAAAABY8_usd_grscene_frontier_000000/milestone_080.pred_gt_match.png
grscene,kujiale_grscene_MWBGLKQKTKJZ2AABAAAAABY8_usd,kujiale_grscene_MWBGLKQKTKJZ2AABAAAAABY8_usd__kujiale_grscene_MWBGLKQKTKJZ2AABAAAAABY8_usd__attempt_01__kujiale_grscene_MWBGLKQKTKJZ2AABAAAAABY8_usd_grscene_frontier_000000,tvars_original,milestone_090,coverage_milestone,0.9035737633471345,0.9,False,218,0.8331946811107821,0.9879896194330305,0.9040136087912244,0.352906540920292,83.31946811107821,98.79896194330306,90.40136087912244,35.2906540920292,7,3,16388,0,0,/media/echo/data/voxroom_roomseg_evaluation/grscene_remaining25_union_fixed0p5_batch32_dual_clean_20260816_0120/grscene/kujiale_grscene_MWBGLKQKTKJZ2AABAAAAABY8_usd/attempt_01/roomseg_coverage_eval/events/milestone_090/tvars_original/roomseg_snapshots/roomseg_milestone_090_step_000218.npz,/media/echo/data/voxroom_roomseg_evaluation/grscene_all_available_gt_20260817/metrics_pr_f1_miou_excluding_training_grscenes_20260818_192125/match_visualizations/tvars_original/kujiale_grscene_MWBGLKQKTKJZ2AABAAAAABY8_usd__kujiale_grscene_MWBGLKQKTKJZ2AABAAAAABY8_usd__attempt_01__kujiale_grscene_MWBGLKQKTKJZ2AABAAAAABY8_usd_grscene_frontier_000000/milestone_090.pred_gt_match.png
grscene,kujiale_grscene_MWBGLKQKTKJZ2AABAAAAABY8_usd,kujiale_grscene_MWBGLKQKTKJZ2AABAAAAABY8_usd__kujiale_grscene_MWBGLKQKTKJZ2AABAAAAABY8_usd__attempt_01__kujiale_grscene_MWBGLKQKTKJZ2AABAAAAABY8_usd_grscene_frontier_000000,voxroom,milestone_090,coverage_milestone,0.9035737633471345,0.9,False,218,0.818855724642414,0.9851838696145822,0.894352268129148,0.22894724075753273,81.88557246424139,98.51838696145822,89.4352268129148,22.894724075753274,7,2,16388,0,0,/media/echo/data/voxroom_roomseg_evaluation/grscene_remaining25_union_fixed0p5_batch32_dual_clean_20260816_0120/grscene/kujiale_grscene_MWBGLKQKTKJZ2AABAAAAABY8_usd/attempt_01/roomseg_coverage_eval/events/milestone_090/voxroom/roomseg_snapshots/roomseg_milestone_090_step_000218.npz,/media/echo/data/voxroom_roomseg_evaluation/grscene_all_available_gt_20260817/metrics_pr_f1_miou_excluding_training_grscenes_20260818_192125/match_visualizations/voxroom/kujiale_grscene_MWBGLKQKTKJZ2AABAAAAABY8_usd__kujiale_grscene_MWBGLKQKTKJZ2AABAAAAABY8_usd__attempt_01__kujiale_grscene_MWBGLKQKTKJZ2AABAAAAABY8_usd_grscene_frontier_000000/milestone_090.pred_gt_match.png
grscene,kujiale_grscene_MWBGLKQKTKJZ2AABAAAAABY8_usd,kujiale_grscene_MWBGLKQKTKJZ2AABAAAAABY8_usd__kujiale_grscene_MWBGLKQKTKJZ2AABAAAAABY8_usd__attempt_01__kujiale_grscene_MWBGLKQKTKJZ2AABAAAAABY8_usd_grscene_frontier_000000,tvars_original,final,terminal_forced,0.9915558945303988,,True,763,0.8869652686634852,0.9977488476755065,0.939101126335507,0.5048352414754883,88.69652686634852,99.77488476755066,93.9101126335507,50.48352414754883,7,4,17799,0,0,/media/echo/data/voxroom_roomseg_evaluation/grscene_remaining25_union_fixed0p5_batch32_dual_clean_20260816_0120/grscene/kujiale_grscene_MWBGLKQKTKJZ2AABAAAAABY8_usd/attempt_01/roomseg_coverage_eval/events/final/tvars_original/roomseg_snapshots/roomseg_final_step_000763.npz,/media/echo/data/voxroom_roomseg_evaluation/grscene_all_available_gt_20260817/metrics_pr_f1_miou_excluding_training_grscenes_20260818_192125/match_visualizations/tvars_original/kujiale_grscene_MWBGLKQKTKJZ2AABAAAAABY8_usd__kujiale_grscene_MWBGLKQKTKJZ2AABAAAAABY8_usd__attempt_01__kujiale_grscene_MWBGLKQKTKJZ2AABAAAAABY8_usd_grscene_frontier_000000/final.pred_gt_match.png
grscene,kujiale_grscene_MWBGLKQKTKJZ2AABAAAAABY8_usd,kujiale_grscene_MWBGLKQKTKJZ2AABAAAAABY8_usd__kujiale_grscene_MWBGLKQKTKJZ2AABAAAAABY8_usd__attempt_01__kujiale_grscene_MWBGLKQKTKJZ2AABAAAAABY8_usd_grscene_frontier_000000,voxroom,final,terminal_forced,0.9915558945303988,,True,763,0.8928819554095876,0.9825259557308673,0.9355614758606493,0.36552598595038915,89.28819554095875,98.25259557308674,93.55614758606492,36.552598595038916,7,3,17799,0,0,/media/echo/data/voxroom_roomseg_evaluation/grscene_remaining25_union_fixed0p5_batch32_dual_clean_20260816_0120/grscene/kujiale_grscene_MWBGLKQKTKJZ2AABAAAAABY8_usd/attempt_01/roomseg_coverage_eval/events/final/voxroom/roomseg_snapshots/roomseg_final_step_000763.npz,/media/echo/data/voxroom_roomseg_evaluation/grscene_all_available_gt_20260817/metrics_pr_f1_miou_excluding_training_grscenes_20260818_192125/match_visualizations/voxroom/kujiale_grscene_MWBGLKQKTKJZ2AABAAAAABY8_usd__kujiale_grscene_MWBGLKQKTKJZ2AABAAAAABY8_usd__attempt_01__kujiale_grscene_MWBGLKQKTKJZ2AABAAAAABY8_usd_grscene_frontier_000000/final.pred_gt_match.png
grscene,kujiale_grscene_MWBGLKQKTKJZ2AABAAAAACA8_usd,kujiale_grscene_MWBGLKQKTKJZ2AABAAAAACA8_usd__kujiale_grscene_MWBGLKQKTKJZ2AABAAAAACA8_usd__attempt_01__kujiale_grscene_MWBGLKQKTKJZ2AABAAAAACA8_usd_grscene_frontier_000000,tvars_original,milestone_020,coverage_milestone,0.3529313512610656,0.2,False,0,0.8742894266688322,0.9910466392663658,0.9290139335957759,0.28894256575415994,87.42894266688323,99.10466392663658,92.90139335957758,28.894256575415994,3,1,6219,3,0,/media/echo/data/voxroom_roomseg_evaluation/grscene_remaining25_union_fixed0p5_batch32_dual_clean_20260816_0120/grscene/kujiale_grscene_MWBGLKQKTKJZ2AABAAAAACA8_usd/attempt_01/roomseg_coverage_eval/events/milestone_020/tvars_original/roomseg_snapshots/roomseg_milestone_020_step_000000.npz,/media/echo/data/voxroom_roomseg_evaluation/grscene_all_available_gt_20260817/metrics_pr_f1_miou_excluding_training_grscenes_20260818_192125/match_visualizations/tvars_original/kujiale_grscene_MWBGLKQKTKJZ2AABAAAAACA8_usd__kujiale_grscene_MWBGLKQKTKJZ2AABAAAAACA8_usd__attempt_01__kujiale_grscene_MWBGLKQKTKJZ2AABAAAAACA8_usd_grscene_frontier_000000/milestone_020.pred_gt_match.png
grscene,kujiale_grscene_MWBGLKQKTKJZ2AABAAAAACA8_usd,kujiale_grscene_MWBGLKQKTKJZ2AABAAAAACA8_usd__kujiale_grscene_MWBGLKQKTKJZ2AABAAAAACA8_usd__attempt_01__kujiale_grscene_MWBGLKQKTKJZ2AABAAAAACA8_usd_grscene_frontier_000000,voxroom,milestone_020,coverage_milestone,0.3529313512610656,0.2,False,0,0.9495778755134422,0.9877967005859635,0.968310314332812,0.6220311999127205,94.95778755134423,98.77967005859635,96.8310314332812,62.20311999127205,3,2,6219,3,0,/media/echo/data/voxroom_roomseg_evaluation/grscene_remaining25_union_fixed0p5_batch32_dual_clean_20260816_0120/grscene/kujiale_grscene_MWBGLKQKTKJZ2AABAAAAACA8_usd/attempt_01/roomseg_coverage_eval/events/milestone_020/voxroom/roomseg_snapshots/roomseg_milestone_020_step_000000.npz,/media/echo/data/voxroom_roomseg_evaluation/grscene_all_available_gt_20260817/metrics_pr_f1_miou_excluding_training_grscenes_20260818_192125/match_visualizations/voxroom/kujiale_grscene_MWBGLKQKTKJZ2AABAAAAACA8_usd__kujiale_grscene_MWBGLKQKTKJZ2AABAAAAACA8_usd__attempt_01__kujiale_grscene_MWBGLKQKTKJZ2AABAAAAACA8_usd_grscene_frontier_000000/milestone_020.pred_gt_match.png
grscene,kujiale_grscene_MWBGLKQKTKJZ2AABAAAAACA8_usd,kujiale_grscene_MWBGLKQKTKJZ2AABAAAAACA8_usd__kujiale_grscene_MWBGLKQKTKJZ2AABAAAAACA8_usd__attempt_01__kujiale_grscene_MWBGLKQKTKJZ2AABAAAAACA8_usd_grscene_frontier_000000,tvars_original,milestone_040,coverage_milestone,0.40354100551194255,0.4,False,9,0.8573715616358608,0.9685134019351977,0.9095598731021859,0.27936643429601177,85.73715616358608,96.85134019351977,90.95598731021859,27.936643429601176,3,1,7063,3,0,/media/echo/data/voxroom_roomseg_evaluation/grscene_remaining25_union_fixed0p5_batch32_dual_clean_20260816_0120/grscene/kujiale_grscene_MWBGLKQKTKJZ2AABAAAAACA8_usd/attempt_01/roomseg_coverage_eval/events/milestone_040/tvars_original/roomseg_snapshots/roomseg_milestone_040_step_000009.npz,/media/echo/data/voxroom_roomseg_evaluation/grscene_all_available_gt_20260817/metrics_pr_f1_miou_excluding_training_grscenes_20260818_192125/match_visualizations/tvars_original/kujiale_grscene_MWBGLKQKTKJZ2AABAAAAACA8_usd__kujiale_grscene_MWBGLKQKTKJZ2AABAAAAACA8_usd__attempt_01__kujiale_grscene_MWBGLKQKTKJZ2AABAAAAACA8_usd_grscene_frontier_000000/milestone_040.pred_gt_match.png
grscene,kujiale_grscene_MWBGLKQKTKJZ2AABAAAAACA8_usd,kujiale_grscene_MWBGLKQKTKJZ2AABAAAAACA8_usd__kujiale_grscene_MWBGLKQKTKJZ2AABAAAAACA8_usd__attempt_01__kujiale_grscene_MWBGLKQKTKJZ2AABAAAAACA8_usd_grscene_frontier_000000,voxroom,milestone_040,coverage_milestone,0.40354100551194255,0.4,False,9,0.9358374965582492,0.9655928089997263,0.9504823336701563,0.6087849622022284,93.58374965582492,96.55928089997263,95.04823336701563,60.87849622022284,3,2,7063,3,0,/media/echo/data/voxroom_roomseg_evaluation/grscene_remaining25_union_fixed0p5_batch32_dual_clean_20260816_0120/grscene/kujiale_grscene_MWBGLKQKTKJZ2AABAAAAACA8_usd/attempt_01/roomseg_coverage_eval/events/milestone_040/voxroom/roomseg_snapshots/roomseg_milestone_040_step_000009.npz,/media/echo/data/voxroom_roomseg_evaluation/grscene_all_available_gt_20260817/metrics_pr_f1_miou_excluding_training_grscenes_20260818_192125/match_visualizations/voxroom/kujiale_grscene_MWBGLKQKTKJZ2AABAAAAACA8_usd__kujiale_grscene_MWBGLKQKTKJZ2AABAAAAACA8_usd__attempt_01__kujiale_grscene_MWBGLKQKTKJZ2AABAAAAACA8_usd_grscene_frontier_000000/milestone_040.pred_gt_match.png
grscene,kujiale_grscene_MWBGLKQKTKJZ2AABAAAAACA8_usd,kujiale_grscene_MWBGLKQKTKJZ2AABAAAAACA8_usd__kujiale_grscene_MWBGLKQKTKJZ2AABAAAAACA8_usd__attempt_01__kujiale_grscene_MWBGLKQKTKJZ2AABAAAAACA8_usd_grscene_frontier_000000,tvars_original,milestone_060,coverage_milestone,0.6001336228495072,0.6,False,125,0.9146922411703368,0.9919421460007078,0.9517522507111951,0.4558945240097071,91.46922411703368,99.19421460007078,95.17522507111951,45.58945240097071,4,2,10321,2,0,/media/echo/data/voxroom_roomseg_evaluation/grscene_remaining25_union_fixed0p5_batch32_dual_clean_20260816_0120/grscene/kujiale_grscene_MWBGLKQKTKJZ2AABAAAAACA8_usd/attempt_01/roomseg_coverage_eval/events/milestone_060/tvars_original/roomseg_snapshots/roomseg_milestone_060_step_000125.npz,/media/echo/data/voxroom_roomseg_evaluation/grscene_all_available_gt_20260817/metrics_pr_f1_miou_excluding_training_grscenes_20260818_192125/match_visualizations/tvars_original/kujiale_grscene_MWBGLKQKTKJZ2AABAAAAACA8_usd__kujiale_grscene_MWBGLKQKTKJZ2AABAAAAACA8_usd__attempt_01__kujiale_grscene_MWBGLKQKTKJZ2AABAAAAACA8_usd_grscene_frontier_000000/milestone_060.pred_gt_match.png
grscene,kujiale_grscene_MWBGLKQKTKJZ2AABAAAAACA8_usd,kujiale_grscene_MWBGLKQKTKJZ2AABAAAAACA8_usd__kujiale_grscene_MWBGLKQKTKJZ2AABAAAAACA8_usd__attempt_01__kujiale_grscene_MWBGLKQKTKJZ2AABAAAAACA8_usd_grscene_frontier_000000,voxroom,milestone_060,coverage_milestone,0.6001336228495072,0.6,False,125,0.9010899131419067,0.9836139883397111,0.9405452417447966,0.4360452979855965,90.10899131419066,98.36139883397111,94.05452417447965,43.604529798559646,4,2,10321,2,1,/media/echo/data/voxroom_roomseg_evaluation/grscene_remaining25_union_fixed0p5_batch32_dual_clean_20260816_0120/grscene/kujiale_grscene_MWBGLKQKTKJZ2AABAAAAACA8_usd/attempt_01/roomseg_coverage_eval/events/milestone_060/voxroom/roomseg_snapshots/roomseg_milestone_060_step_000125.npz,/media/echo/data/voxroom_roomseg_evaluation/grscene_all_available_gt_20260817/metrics_pr_f1_miou_excluding_training_grscenes_20260818_192125/match_visualizations/voxroom/kujiale_grscene_MWBGLKQKTKJZ2AABAAAAACA8_usd__kujiale_grscene_MWBGLKQKTKJZ2AABAAAAACA8_usd__attempt_01__kujiale_grscene_MWBGLKQKTKJZ2AABAAAAACA8_usd_grscene_frontier_000000/milestone_060.pred_gt_match.png
grscene,kujiale_grscene_MWBGLKQKTKJZ2AABAAAAACA8_usd,kujiale_grscene_MWBGLKQKTKJZ2AABAAAAACA8_usd__kujiale_grscene_MWBGLKQKTKJZ2AABAAAAACA8_usd__attempt_01__kujiale_grscene_MWBGLKQKTKJZ2AABAAAAACA8_usd_grscene_frontier_000000,tvars_original,milestone_070,coverage_milestone,0.7017983408496186,0.7,False,153,0.844734056345267,0.9559444423589113,0.8969050577498114,0.42165321182664556,84.4734056345267,95.59444423589113,89.69050577498115,42.165321182664556,6,3,12091,2,0,/media/echo/data/voxroom_roomseg_evaluation/grscene_remaining25_union_fixed0p5_batch32_dual_clean_20260816_0120/grscene/kujiale_grscene_MWBGLKQKTKJZ2AABAAAAACA8_usd/attempt_01/roomseg_coverage_eval/events/milestone_070/tvars_original/roomseg_snapshots/roomseg_milestone_070_step_000153.npz,/media/echo/data/voxroom_roomseg_evaluation/grscene_all_available_gt_20260817/metrics_pr_f1_miou_excluding_training_grscenes_20260818_192125/match_visualizations/tvars_original/kujiale_grscene_MWBGLKQKTKJZ2AABAAAAACA8_usd__kujiale_grscene_MWBGLKQKTKJZ2AABAAAAACA8_usd__attempt_01__kujiale_grscene_MWBGLKQKTKJZ2AABAAAAACA8_usd_grscene_frontier_000000/milestone_070.pred_gt_match.png
grscene,kujiale_grscene_MWBGLKQKTKJZ2AABAAAAACA8_usd,kujiale_grscene_MWBGLKQKTKJZ2AABAAAAACA8_usd__kujiale_grscene_MWBGLKQKTKJZ2AABAAAAACA8_usd__attempt_01__kujiale_grscene_MWBGLKQKTKJZ2AABAAAAACA8_usd_grscene_frontier_000000,voxroom,milestone_070,coverage_milestone,0.7017983408496186,0.7,False,153,0.6289744615179859,0.9860530667253252,0.7680391644423832,0.20637443096407182,62.89744615179858,98.60530667253252,76.80391644423833,20.637443096407182,6,2,12091,2,1,/media/echo/data/voxroom_roomseg_evaluation/grscene_remaining25_union_fixed0p5_batch32_dual_clean_20260816_0120/grscene/kujiale_grscene_MWBGLKQKTKJZ2AABAAAAACA8_usd/attempt_01/roomseg_coverage_eval/events/milestone_070/voxroom/roomseg_snapshots/roomseg_milestone_070_step_000153.npz,/media/echo/data/voxroom_roomseg_evaluation/grscene_all_available_gt_20260817/metrics_pr_f1_miou_excluding_training_grscenes_20260818_192125/match_visualizations/voxroom/kujiale_grscene_MWBGLKQKTKJZ2AABAAAAACA8_usd__kujiale_grscene_MWBGLKQKTKJZ2AABAAAAACA8_usd__attempt_01__kujiale_grscene_MWBGLKQKTKJZ2AABAAAAACA8_usd_grscene_frontier_000000/milestone_070.pred_gt_match.png
grscene,kujiale_grscene_MWBGLKQKTKJZ2AABAAAAACA8_usd,kujiale_grscene_MWBGLKQKTKJZ2AABAAAAACA8_usd__kujiale_grscene_MWBGLKQKTKJZ2AABAAAAACA8_usd__attempt_01__kujiale_grscene_MWBGLKQKTKJZ2AABAAAAACA8_usd_grscene_frontier_000000,tvars_original,milestone_080,coverage_milestone,0.80073492567229,0.8,False,424,0.9137469622970977,0.9623025513931261,0.9373964031648765,0.649784557497732,91.37469622970977,96.23025513931262,93.73964031648765,64.9784557497732,7,5,13965,1,0,/media/echo/data/voxroom_roomseg_evaluation/grscene_remaining25_union_fixed0p5_batch32_dual_clean_20260816_0120/grscene/kujiale_grscene_MWBGLKQKTKJZ2AABAAAAACA8_usd/attempt_01/roomseg_coverage_eval/events/milestone_080/tvars_original/roomseg_snapshots/roomseg_milestone_080_step_000424.npz,/media/echo/data/voxroom_roomseg_evaluation/grscene_all_available_gt_20260817/metrics_pr_f1_miou_excluding_training_grscenes_20260818_192125/match_visualizations/tvars_original/kujiale_grscene_MWBGLKQKTKJZ2AABAAAAACA8_usd__kujiale_grscene_MWBGLKQKTKJZ2AABAAAAACA8_usd__attempt_01__kujiale_grscene_MWBGLKQKTKJZ2AABAAAAACA8_usd_grscene_frontier_000000/milestone_080.pred_gt_match.png
grscene,kujiale_grscene_MWBGLKQKTKJZ2AABAAAAACA8_usd,kujiale_grscene_MWBGLKQKTKJZ2AABAAAAACA8_usd__kujiale_grscene_MWBGLKQKTKJZ2AABAAAAACA8_usd__attempt_01__kujiale_grscene_MWBGLKQKTKJZ2AABAAAAACA8_usd_grscene_frontier_000000,voxroom,milestone_080,coverage_milestone,0.80073492567229,0.8,False,424,0.7748331756929484,0.9942636222077937,0.8709398386627598,0.33107198481494077,77.48331756929484,99.42636222077937,87.09398386627598,33.10719848149407,7,3,13965,1,0,/media/echo/data/voxroom_roomseg_evaluation/grscene_remaining25_union_fixed0p5_batch32_dual_clean_20260816_0120/grscene/kujiale_grscene_MWBGLKQKTKJZ2AABAAAAACA8_usd/attempt_01/roomseg_coverage_eval/events/milestone_080/voxroom/roomseg_snapshots/roomseg_milestone_080_step_000424.npz,/media/echo/data/voxroom_roomseg_evaluation/grscene_all_available_gt_20260817/metrics_pr_f1_miou_excluding_training_grscenes_20260818_192125/match_visualizations/voxroom/kujiale_grscene_MWBGLKQKTKJZ2AABAAAAACA8_usd__kujiale_grscene_MWBGLKQKTKJZ2AABAAAAACA8_usd__attempt_01__kujiale_grscene_MWBGLKQKTKJZ2AABAAAAACA8_usd_grscene_frontier_000000/milestone_080.pred_gt_match.png
grscene,kujiale_grscene_MWBGLKQKTKJZ2AABAAAAACA8_usd,kujiale_grscene_MWBGLKQKTKJZ2AABAAAAACA8_usd__kujiale_grscene_MWBGLKQKTKJZ2AABAAAAACA8_usd__attempt_01__kujiale_grscene_MWBGLKQKTKJZ2AABAAAAACA8_usd_grscene_frontier_000000,tvars_original,milestone_090,coverage_milestone,0.9032347864818218,0.9,False,467,0.9468287768304915,0.9644165382231439,0.9555417340188911,0.7051527682257658,94.68287768304916,96.4416538223144,95.5541734018891,70.51527682257658,8,6,15867,0,0,/media/echo/data/voxroom_roomseg_evaluation/grscene_remaining25_union_fixed0p5_batch32_dual_clean_20260816_0120/grscene/kujiale_grscene_MWBGLKQKTKJZ2AABAAAAACA8_usd/attempt_01/roomseg_coverage_eval/events/milestone_090/tvars_original/roomseg_snapshots/roomseg_milestone_090_step_000467.npz,/media/echo/data/voxroom_roomseg_evaluation/grscene_all_available_gt_20260817/metrics_pr_f1_miou_excluding_training_grscenes_20260818_192125/match_visualizations/tvars_original/kujiale_grscene_MWBGLKQKTKJZ2AABAAAAACA8_usd__kujiale_grscene_MWBGLKQKTKJZ2AABAAAAACA8_usd__attempt_01__kujiale_grscene_MWBGLKQKTKJZ2AABAAAAACA8_usd_grscene_frontier_000000/milestone_090.pred_gt_match.png
grscene,kujiale_grscene_MWBGLKQKTKJZ2AABAAAAACA8_usd,kujiale_grscene_MWBGLKQKTKJZ2AABAAAAACA8_usd__kujiale_grscene_MWBGLKQKTKJZ2AABAAAAACA8_usd__attempt_01__kujiale_grscene_MWBGLKQKTKJZ2AABAAAAACA8_usd_grscene_frontier_000000,voxroom,milestone_090,coverage_milestone,0.9032347864818218,0.9,False,467,0.8073855651795342,0.9904088000449276,0.8895809045248839,0.39934874086226124,80.73855651795341,99.04088000449276,88.95809045248839,39.934874086226124,8,4,15867,0,0,/media/echo/data/voxroom_roomseg_evaluation/grscene_remaining25_union_fixed0p5_batch32_dual_clean_20260816_0120/grscene/kujiale_grscene_MWBGLKQKTKJZ2AABAAAAACA8_usd/attempt_01/roomseg_coverage_eval/events/milestone_090/voxroom/roomseg_snapshots/roomseg_milestone_090_step_000467.npz,/media/echo/data/voxroom_roomseg_evaluation/grscene_all_available_gt_20260817/metrics_pr_f1_miou_excluding_training_grscenes_20260818_192125/match_visualizations/voxroom/kujiale_grscene_MWBGLKQKTKJZ2AABAAAAACA8_usd__kujiale_grscene_MWBGLKQKTKJZ2AABAAAAACA8_usd__attempt_01__kujiale_grscene_MWBGLKQKTKJZ2AABAAAAACA8_usd_grscene_frontier_000000/milestone_090.pred_gt_match.png
grscene,kujiale_grscene_MWBGLKQKTKJZ2AABAAAAACA8_usd,kujiale_grscene_MWBGLKQKTKJZ2AABAAAAACA8_usd__kujiale_grscene_MWBGLKQKTKJZ2AABAAAAACA8_usd__attempt_01__kujiale_grscene_MWBGLKQKTKJZ2AABAAAAACA8_usd_grscene_frontier_000000,tvars_original,final,terminal_forced,0.9825733533767608,,True,697,0.950882279854858,0.9678929157207007,0.9593121950691005,0.7110687720998485,95.0882279854858,96.78929157207007,95.93121950691005,71.10687720998486,8,6,17234,0,0,/media/echo/data/voxroom_roomseg_evaluation/grscene_remaining25_union_fixed0p5_batch32_dual_clean_20260816_0120/grscene/kujiale_grscene_MWBGLKQKTKJZ2AABAAAAACA8_usd/attempt_01/roomseg_coverage_eval/events/final/tvars_original/roomseg_snapshots/roomseg_final_step_000697.npz,/media/echo/data/voxroom_roomseg_evaluation/grscene_all_available_gt_20260817/metrics_pr_f1_miou_excluding_training_grscenes_20260818_192125/match_visualizations/tvars_original/kujiale_grscene_MWBGLKQKTKJZ2AABAAAAACA8_usd__kujiale_grscene_MWBGLKQKTKJZ2AABAAAAACA8_usd__attempt_01__kujiale_grscene_MWBGLKQKTKJZ2AABAAAAACA8_usd_grscene_frontier_000000/final.pred_gt_match.png
grscene,kujiale_grscene_MWBGLKQKTKJZ2AABAAAAACA8_usd,kujiale_grscene_MWBGLKQKTKJZ2AABAAAAACA8_usd__kujiale_grscene_MWBGLKQKTKJZ2AABAAAAACA8_usd__attempt_01__kujiale_grscene_MWBGLKQKTKJZ2AABAAAAACA8_usd_grscene_frontier_000000,voxroom,final,terminal_forced,0.9825733533767608,,True,697,0.7963050418516602,0.9879886137895376,0.8818507110253903,0.3935266232717308,79.63050418516602,98.79886137895376,88.18507110253903,39.352662327173086,8,4,17234,0,0,/media/echo/data/voxroom_roomseg_evaluation/grscene_remaining25_union_fixed0p5_batch32_dual_clean_20260816_0120/grscene/kujiale_grscene_MWBGLKQKTKJZ2AABAAAAACA8_usd/attempt_01/roomseg_coverage_eval/events/final/voxroom/roomseg_snapshots/roomseg_final_step_000697.npz,/media/echo/data/voxroom_roomseg_evaluation/grscene_all_available_gt_20260817/metrics_pr_f1_miou_excluding_training_grscenes_20260818_192125/match_visualizations/voxroom/kujiale_grscene_MWBGLKQKTKJZ2AABAAAAACA8_usd__kujiale_grscene_MWBGLKQKTKJZ2AABAAAAACA8_usd__attempt_01__kujiale_grscene_MWBGLKQKTKJZ2AABAAAAACA8_usd_grscene_frontier_000000/final.pred_gt_match.png
